case,group,query_index,image_id,primary,flags,confidence,note,sheet,row,reviewed_utc
E01,errors,835,af276674a347419e97d484612958e55d,D,"D,C",high,"На полном кадре bbox запроса стоит на белой соседней машине; тёмный BMW, соответствующий gallery, находится выше рамки. Визуально подтверждена несогласованность bbox/ID. context/E01_positive_1.jpg",errors_01.jpg,1,2026-09-23T11:52:54.850203+00:00
E02,errors,381,ea9a3abe17de44e4a08133ebecbf634d,V,"V,T",medium,"Запрос показывает передок, верная пара корму белого кроссовера с цветной ливреей; чужой кандидат похож спереди, но рисунок рекламы отличается.",errors_01.jpg,2,2026-09-23T11:52:54.850222+00:00
E03,errors,745,f82f308b9a47413e8347b85b78862bd4,D,"D,C,occlusion",high,"Полные кадры подтверждают разные передки и эмблемы: чёрный Renault в query и другой кроссовер в gallery под тем же vehicle_id. Столб есть, но не объясняет несовпадение модели. context/E03_positive_1.jpg",errors_01.jpg,3,2026-09-23T11:52:54.850226+00:00
E04,errors,439,42f86449669d4e0883bfb397fbed8e4c,T,"T,V",medium,Чужой top-1 повторяет бело-оранжевую ливрею и корму Belka; единственная показанная верная пара снята спереди сверху.,errors_01.jpg,4,2026-09-23T11:52:54.850229+00:00
E05,errors,167,344070f55ddf4d7dbca57c61119b594d,V,"V,T",medium,"У запроса виден передок, у верной пары зад и крыша. Чужой top-1 той же формы кузова показан спереди сбоку.",errors_02.jpg,1,2026-09-23T11:52:54.850231+00:00
E06,errors,833,ba16eca1d8904d698b6adf9e5e9fff24,V,"V,T,L",medium,Передок тёмного BMW в запросе сопоставляется с кормой в верной паре; выбран другой тёмный BMW спереди с включёнными фарами.,errors_02.jpg,2,2026-09-23T11:52:54.850233+00:00
E07,errors,832,734d77c711414df19b27de7a81627789,L,"L,V",medium,"Запрос сзади сильно засвечен стоп-сигналами и бликами; верная пара спереди при другом освещении, её score очень низок.",errors_02.jpg,3,2026-09-23T11:52:54.850235+00:00
E08,errors,758,9a4fe29c386f4204bedafda0f87b510b,L,"L,V",high,Дневная светлая корма BMW против тёмного фронтального кадра с яркими фарами; верная пара теряется на смене освещения и стороны.,errors_02.jpg,4,2026-09-23T11:52:54.850237+00:00
E09,errors,933,7c644d9e3d4a448d874916a942c4576a,V,V,medium,"Запрос спереди, верная пара сзади сбоку; рисунок отражений и деталей кузова почти не совпадает, чужой ответ тоже фронтальный.",errors_03.jpg,1,2026-09-23T11:52:54.850240+00:00
E10,errors,298,163b2f69d37245eab032365a1594f2e8,V,"V,C,occlusion",medium,Корма чёрного BMW против передка с фарами; чужой автомобиль тоже показан сзади. Человек частично закрывает бок запроса.,errors_03.jpg,2,2026-09-23T11:52:54.850242+00:00
E11,errors,638,8193d42b088b42e4a53a972478c6a49f,V,"V,C,occlusion",medium,"OSNet находила верный передок BMW, d1_j48 предпочла чужую корму SUV. У запроса корма, верная пара спереди частично перекрыта машиной.",errors_03.jpg,3,2026-09-23T11:52:54.850244+00:00
E12,errors,871,6399ebe41f1949ecaea14c03dc0b074d,L,"L,V,T",medium,"Верхний дневной ракурс делает кузов такси почти белым, верная пара жёлтая в ночном свете; чужой жёлтый автомобиль ближе по верхнему ракурсу.",errors_03.jpg,4,2026-09-23T11:52:54.850246+00:00
E13,errors,780,7006411be2444d4ba109a39cf4e72bca,T,"T,V",medium,Два тёмных кроссовера сходной модели и вида сзади; верная машина показана спереди. Сильное сходство чужой кормы.,errors_04.jpg,1,2026-09-23T11:52:54.850249+00:00
E14,errors,530,2d95eecbc4784affbf277f4fbe0b3cfc,L,"L,T",medium,Светлая корма запроса в жёстком солнечном свете против ночной верной пары с красным стоп-сигналом; чужой светлый SUV выбран выше.,errors_04.jpg,2,2026-09-23T11:52:54.850250+00:00
E15,errors,194,7a35af8bb3f5470a9f2608f0d09aa576,V,"V,L",medium,Передок и салон большого SUV с открытыми дверями против его кормы; d1_j48 ошибочно ставит выше жёлтое такси другого силуэта.,errors_04.jpg,3,2026-09-23T11:52:54.850252+00:00
E16,errors,616,3b8fc5864110444f82e94f624b583ad2,T,"T,L",medium,Тёмный седан сзади спутан с другим тёмным седаном с похожими вертикальными фонарями; верная пара сбоку сильно меняет цвет отражениями.,errors_04.jpg,4,2026-09-23T11:52:54.850254+00:00
E17,errors,516,fb662c81c45447abb588f12890fc5dfb,T,"T,V",high,"Два белых электроседана в одинаковой ливрее такси; чужая корма почти повторяет запрос, а верная пара спереди. Уверенность ошибки 0,929.",errors_05.jpg,1,2026-09-23T11:52:54.850256+00:00
E18,errors,734,3b4c9a892f6e471e8fff61a2aef8d577,V,"V,T",medium,Синий Audi спереди сопоставляется со своей кормой; чужой серый Audi спереди обгоняет верную пару.,errors_05.jpg,2,2026-09-23T11:52:54.850261+00:00
E19,errors,328,65b7a74b0bce493aa30297ae76d948c9,V,"V,L,C,occlusion",medium,Передок Toyota с веткой поверх правого борта против ночной кормы; чужой Toyota представлен более похожим фронтальным видом.,errors_05.jpg,3,2026-09-23T11:52:54.850264+00:00
E20,errors,438,5bc1fcdfa432492192e3987a8b323cba,T,"T,V",high,"Две машины Belka с одинаковой бело-оранжевой окраской; чужой передок похож на запрос, верная пара сзади.",errors_05.jpg,4,2026-09-23T11:52:54.850266+00:00
E21,errors,134,d47a3ab303bd446f8044d265fc02c4d9,U,"T,C",low,Верная пара тоже тёмный кроссовер сзади и выглядит близко к запросу; верхнее положение чужого SUV уверенно не объясняется. Запрос менее детален и захватывает соседнюю машину.,errors_06.jpg,1,2026-09-23T11:52:54.850269+00:00
E22,errors,440,fbdd01782c254433ac556dac709dbd93,C,"C,occlusion,T,L",medium,Листва закрывает значительную часть правой кормы запроса; выбран другой чёрный Mercedes с похожими фонарями. Есть изменение бликов и освещения.,errors_06.jpg,2,2026-09-23T11:52:54.850271+00:00
E23,errors,60,947a7b5d8c844bc095329ad835038040,C,"C,occlusion",medium,"Полный кадр подтверждает: широкий bbox содержит длинный фургон и передок нужного SUV, заметная часть SUV перекрыта соседями. Цель неоднозначна; C, без утверждения ошибочного ID. context/E23_positive_1.jpg",errors_06.jpg,3,2026-09-23T11:52:54.850273+00:00
E24,errors,684,c77d866c9c3a4cb89218690c3d400473,V,V,medium,"Suzuki сзади сбоку против верного передка сверху; d1_j48 предпочла чужой тёмный универсал сзади сбоку, хотя OSNet находила пару.",errors_06.jpg,4,2026-09-23T11:52:54.850275+00:00
E25,errors,1003,948e670a173e4428ac2abf92ebed643f,V,"V,T",medium,Белый фургон сзади против верного вида Ford спереди; выбран другой светлый микроавтобус сзади. Форма кормы важнее найденного передка.,errors_07.jpg,1,2026-09-23T11:52:54.850277+00:00
E26,errors,934,773f9cc483964b7bbe7cbb50bacf981d,T,"T,V,L",high,"Два тёмных минивэна с одинаковыми световыми полосами кормы; верная пара спереди днём, чужая сзади с включёнными фонарями.",errors_07.jpg,2,2026-09-23T11:52:54.850279+00:00
E27,errors,342,7c49568b885e4f5496912fe608814506,D,"D,C",high,На полном gallery-кадре рамка стоит на микроавтобусе рядом с Audi; query-рамка стоит на Audi. Визуально подтверждён сдвиг цели bbox. context/E27_positive_1.jpg,errors_07.jpg,3,2026-09-23T11:52:54.850281+00:00
E28,errors,6,fbaef4353dc44881b42d894235ee09d2,L,"L,C",medium,"Ночной синий BMW с яркими фарами против светлого дневного кропа передка, частично срезанного и с соседней машиной. Чужой ответ повторяет свет фар.",errors_07.jpg,4,2026-09-23T11:52:54.850283+00:00
E29,errors,683,c6ca53c3d4e34fd2a616c16c1ef1b182,V,V,medium,"Другой кадр того же Suzuki, что E24: корма и борт против верного передка; d1_j48 выбрала тёмный универсал в похожем заднем ракурсе.",errors_08.jpg,1,2026-09-23T11:52:54.850285+00:00
E30,errors,577,8e445d6e4cdc4d3a9d91b3730d100329,T,"T,V,L",high,Одинаковый кузов и бело-оранжевая ливрея каршеринга у запроса и чужой кормы; верная пара спереди ночью.,errors_08.jpg,2,2026-09-23T11:52:54.850287+00:00
E31,errors,656,a92e33e412e74fbd9f7c9b2eb6ffacc7,T,"T,C,occlusion",high,Одинаковые бело-оранжево-зелёные кроссоверы Ситидрайв сзади. Верная пара дополнительно перекрыта соседней машиной.,errors_08.jpg,3,2026-09-23T11:52:54.850290+00:00
E32,errors,708,2c30f3c3d2ad40978fd57bd7066479aa,T,"T,V,C,occlusion",medium,Зелёная рекламная ливрея двух кроссоверов совпадает; у верной кормы часть машины закрывает человек. Чужая крыша и корма выше верной пары.,errors_08.jpg,4,2026-09-23T11:52:54.850292+00:00
E33,errors,389,4f91f129fcdb4df4a2408bb519847a08,T,"T,V",high,Похожие серо-оранжевые кроссоверы каршеринга сзади; верная пара спереди сверху. Чужая ливрея и корма дают уверенное ошибочное совпадение.,errors_09.jpg,1,2026-09-23T11:52:54.850294+00:00
E34,errors,312,c8b264c1ed4c4b66855a88e01e51cfac,V,"V,L",medium,Световая полоса кормы запроса против ярких передних фар верной пары; выбран другой автомобиль с похожей задней световой полосой.,errors_09.jpg,2,2026-09-23T11:52:54.850296+00:00
E35,errors,179,6cf26ffdea184ba486454d78744f5d1f,V,"V,L",medium,Передок BMW iX в тени против светлой кормы на другой камере; выбран чужой фронтальный автомобиль с яркими фарами.,errors_09.jpg,3,2026-09-23T11:52:54.850297+00:00
E36,errors,951,d8fe665d2fbb4eafbab6e196fc1722d8,V,"V,T",medium,"Серый Mercedes спереди против собственной кормы сверху; другой Mercedes спереди сбоку становится первым, верная пара второй.",errors_09.jpg,4,2026-09-23T11:52:54.850299+00:00
E37,errors,1091,ae323732a2ec457d82c66a2be0fd04f4,V,"V,T,L",medium,Фронтальный Kia против своей кормы при другом освещении; чужой светлый Kia показан спереди. OSNet эту пару находила.,errors_10.jpg,1,2026-09-23T11:52:54.850301+00:00
E38,errors,1092,b883db0a148947fbaddeddcd6134278f,V,"V,T,L",medium,Соседний кадр того же случая E37: передок и корма Kia; чужой светлый фронтальный автомобиль опережает пару.,errors_10.jpg,2,2026-09-23T11:52:54.850303+00:00
E39,errors,1047,741cef9f2a9b49f686a6581832de15d3,T,"T,V",high,"Два чёрных седана Toyota Camry в близком переднем ракурсе; верная пара показывает заднюю боковую часть, различия машин малы.",errors_10.jpg,3,2026-09-23T11:52:54.850306+00:00
E40,errors,744,2a819a5dd71545a3974a5e6b54cd4238,T,"T,V,L",high,Два светлых Kia-такси сзади и с шашечками; верная пара спереди. Чужая корма остаётся первой несмотря на разницу освещения.,errors_10.jpg,4,2026-09-23T11:52:54.850308+00:00
E41,errors,186,636eebac1f4f4c0583c396c7ccb67100,T,"T,C,occlusion",high,Повторная путаница бело-оранжевых Ситидрайв: чужой кузов и окраска почти совпадают; у верной пары нижняя часть перекрыта столбиком и ограждением.,errors_11.jpg,1,2026-09-23T11:52:54.850311+00:00
E42,errors,637,c2b3d726594b4dab92cb53db70713e9e,V,"V,C,occlusion",medium,"Ещё один кадр пары E11: BMW сзади, правильный BMW спереди перекрыт соседями; новый top-1 — чужой SUV сзади.",errors_11.jpg,2,2026-09-23T11:52:54.850313+00:00
E43,errors,595,493e395737d74896b0fb8b71d12cf516,V,V,medium,"Белая корма рекламного кроссовера против зелёного передка сверху; чужой ответ повторяет белую корму. Цветные стороны ливреи видны в разных ракурсах. Проверка полного кадра не доказала дефект ID: видимые эмблемы одного семейства, различие сторон ливреи само по себе недостаточно. context/E43_positive_1.jpg",errors_11.jpg,3,2026-09-23T11:52:54.850314+00:00
E44,errors,386,8c7d6bee87fa44259ec8a14454ab1525,C,"C,occlusion,T",high,"Верная пара почти в том же переднем ракурсе, но закрыта крупными листьями; чужой тёмный кроссовер каршеринга остаётся выше.",errors_11.jpg,4,2026-09-23T11:52:54.850316+00:00
E45,errors,692,37ec1fa9e640439f9f34cc09fc558c5e,L,"L,V",medium,"Корма Audi выглядит зелёной и бликует, тогда как верный передок серый; одновременно меняется сторона автомобиля. Выбрана чужая тёмная корма Audi.",errors_12.jpg,1,2026-09-23T11:52:54.850318+00:00
E46,errors,655,870473858051427e80b7dea17d7afc14,T,"T,C,occlusion",high,Та же взаимная путаница Ситидрайв E41: одинаковые кузов и ливрея; запрос частично закрыт соседней машиной.,errors_12.jpg,2,2026-09-23T11:52:54.850319+00:00
E47,errors,980,f273952ff6ab48af86db4c1e3a4efc6a,T,T,high,"Два серых низких кроссовера одной модели в близком переднем ракурсе; верная пара тоже близка, но чужой кузов с отражениями получает чуть больший score.",errors_12.jpg,3,2026-09-23T11:52:54.850321+00:00
E48,errors,963,6b4cb2406ce74f808723cfff67cb5ff1,L,"L,V,T",high,"Фары запроса полностью засвечивают передок Mercedes; верная пара — тёмная корма, чужой передок с фарами выше неё.",errors_12.jpg,4,2026-09-23T11:52:54.850324+00:00
E49,errors,68,1e572dff5c3345abaf289557175be1db,V,V,medium,"Крупный Mercedes спереди против своей кормы; d1_j48 предпочла передок чужого минивэна Mercedes, тогда как OSNet находила пару.",errors_13.jpg,1,2026-09-23T11:52:54.850326+00:00
E50,errors,239,a0625750fec5443d8cd254eb731f7900,C,"C,occlusion,V,T",high,Верная корма Toyota закрыта ветками и сильно теряет детали; выбран другой чёрный Camry в более сходном переднем ракурсе.,errors_13.jpg,2,2026-09-23T11:52:54.850328+00:00
E51,errors,58,1fef43311c004625886df9e78de8c831,V,"V,T,L",medium,Корма кроссовера в сером свете против синего передка на другой камере; чужая синяя корма геометрически ближе запросу.,errors_13.jpg,3,2026-09-23T11:52:54.850330+00:00
E52,errors,872,9f47b315fc634a379af34290ceb6e2c2,L,"L,V,T",medium,Обратное направление E12: жёлтый кузов ночью против почти белого верхнего дневного вида. Чужое жёлтое такси сохраняет цвет и задний ракурс.,errors_13.jpg,4,2026-09-23T11:52:54.850332+00:00
E53,errors,567,f5ab7c6f50054b99a700b79eceb4e1d3,T,"T,V",high,Взаимная путаница двух тёмных седанов с похожей кормой и вертикальными фонарями; правильная машина показана спереди.,errors_14.jpg,1,2026-09-23T11:52:54.850333+00:00
E54,errors,152,ba7d79a3d44247a8a12578852bd513dd,T,"T,V",high,Два очень похожих тёмных больших кроссовера спереди; верная пара сзади сбоку. Мелкие отличия не удерживают идентичность.,errors_14.jpg,2,2026-09-23T11:52:54.850335+00:00
E55,errors,237,45d8efb0edca4800806c04764b948f89,C,"C,occlusion,V,T",high,"Корма Camry почти в листве и отражениях; собственный передок получает низкий score, чужой похожий седан сзади — выше.",errors_14.jpg,3,2026-09-23T11:52:54.850337+00:00
E56,errors,250,2fb7c413156f4dd78a319beb637428d4,D,"D,C",high,"Gallery-bbox захватывает соседний меньший SUV на переднем плане, крупный Mercedes виден за ним вне основной рамки. Query относится к крупному Mercedes. context/E56_positive_1.jpg",errors_14.jpg,4,2026-09-23T11:52:54.850340+00:00
E57,errors,252,e0609c498b484dbc833676b7a7014d38,D,"D,C",high,"Другой кадр query того же v860: тот же дефект gallery-bbox на соседнем SUV. Это повтор одной проблемы данных, не независимый дефект. context/E57_positive_1.jpg",errors_15.jpg,1,2026-09-23T11:52:54.850342+00:00
E58,errors,798,b9b7ba3d25d040169f317da7881efd9a,T,T,high,"Очень похожие белые Chery с оранжевыми элементами каршеринга; правильный и чужой передки близки, у чужого отличается реклама на капоте.",errors_15.jpg,2,2026-09-23T11:52:54.850344+00:00
E59,errors,961,c5c08b94d6cf446281db648048d4ec9b,L,"L,V,T",high,Второй засвеченный фронтальный кадр Mercedes из E48: яркие фары против тёмной кормы; найден передок чужого Mercedes.,errors_15.jpg,3,2026-09-23T11:52:54.850347+00:00
E60,errors,757,6a38f391972642bfabd41c2fa039c452,L,"L,V",high,Ночная машина спереди с засветкой от фар против своей светлой дневной кормы; чужой бледный передок оказывается выше.,errors_15.jpg,4,2026-09-23T11:52:54.850349+00:00
E61,errors,594,77eadedac05640c0bc57ef3edf6202e2,V,V,medium,Повтор E43: белая корма рекламного SUV и зелёный передок сверху; чужая светлая корма ближе по видимым поверхностям.,errors_16.jpg,1,2026-09-23T11:52:54.850351+00:00
E62,errors,740,f3ae1dd3ae1945269c099a3f3cc043c5,V,"V,T,L",medium,Тёмный кроссовер спереди против кормы ночью с красной полосой; выбран другой очень похожий тёмный кроссовер спереди.,errors_16.jpg,2,2026-09-23T11:52:54.850352+00:00
E63,errors,887,dc0670e8a5414e07b79b82b0e0770095,T,"T,V",high,Два похожих Geely спереди при небольшом цветовом различии; верная пара сзади. Уверенный ошибочный ответ сохраняется у обеих моделей.,errors_16.jpg,3,2026-09-23T11:52:54.850355+00:00
E64,errors,159,7c2b6c60fae34604bbfb0509c6fe8f61,T,"T,V",high,"Тёмные кроссоверы одинакового семейства с оранжевой ливреей; чужая корма похожа на запрос, а верная пара снята спереди сбоку.",errors_16.jpg,4,2026-09-23T11:52:54.850357+00:00
A01,added,638,8193d42b088b42e4a53a972478c6a49f,V,"V,C,occlusion",medium,Совпадает с E11: передок правильного BMW заменён чужой кормой SUV; регрессия первого места на второе.,added_01.jpg,1,2026-09-23T11:52:54.850359+00:00
A02,added,379,0b7812ac78cd4e66a94468b08fdf9ce2,V,"V,T,C,occlusion",medium,Range Rover сзади ночью против своего передка за столбом; новая сборка выбирает корму другого Range Rover.,added_01.jpg,2,2026-09-23T11:52:54.850361+00:00
A03,added,863,d286ae15a8a14773b266df803eec4b51,V,V,medium,Переднебоковой вид тёмного универсала против его заднебокового вида; чужой компактный SUV спереди опережает верную пару на малую разницу score.,added_01.jpg,3,2026-09-23T11:52:54.850363+00:00
A04,added,98,108bbb1eab5e4fa685258e037461cc82,T,"T,V",medium,Корма чёрного Mercedes спутана с кормой другого Mercedes; правильный передок теперь второй.,added_01.jpg,4,2026-09-23T11:52:54.850366+00:00
A05,added,684,c77d866c9c3a4cb89218690c3d400473,V,V,medium,Совпадает с E24: Suzuki сзади сбоку заменён чужим универсалом в похожем ракурсе; верный передок второй.,added_02.jpg,1,2026-09-23T11:52:54.850369+00:00
A06,added,637,c2b3d726594b4dab92cb53db70713e9e,V,"V,C,occlusion",medium,Совпадает с E42: чужая корма SUV обгоняет правильный передок BMW между соседними машинами.,added_02.jpg,2,2026-09-23T11:52:54.850370+00:00
A07,added,68,1e572dff5c3345abaf289557175be1db,V,V,medium,Совпадает с E49: вместо правильной кормы Mercedes выбран передок чужого минивэна того же бренда.,added_02.jpg,3,2026-09-23T11:52:54.850372+00:00
A08,added,683,c6ca53c3d4e34fd2a616c16c1ef1b182,V,V,medium,Совпадает с E29: заднебоковой Suzuki спутан с чужим тёмным универсалом; правильный передок второй.,added_02.jpg,4,2026-09-23T11:52:54.850374+00:00
A09,added,1091,ae323732a2ec457d82c66a2be0fd04f4,V,"V,T,L",medium,Совпадает с E37: чужой фронтальный Kia опередил собственную корму на другой камере.,added_03.jpg,1,2026-09-23T11:52:54.850375+00:00
A10,added,981,1107f5e30e3b479d84d08d6a8a782661,T,T,high,"Другой кадр того же серого кроссовера, что E47: чужая машина того же типа в близком ракурсе обходит правильную на малый score.",added_03.jpg,2,2026-09-23T11:52:54.850377+00:00
A11,added,170,1554f9d270084cc687210465a6fd5b63,L,"L,T",high,Ночной передок минивэна с яркими синими фарами теперь спутан с таким же освещённым чужим передком; правильный дневной вид опустился на пятое место.,added_03.jpg,3,2026-09-23T11:52:54.850379+00:00
A12,added,943,7e6033a266ce48ad86c24459ee9f361d,T,T,high,"Два почти одинаковых чёрных минивэна в одном переднем ракурсе; даже при score верной пары 0,830 чужой получает 0,866. Новая уверенная ошибка двойника.",added_03.jpg,4,2026-09-23T11:52:54.850380+00:00
A13,added,158,a14bcd7605d440ccbb77aab539f434cf,V,"V,T",medium,Передок светлого Suzuki против его кормы; другая светлая машина того же бренда в переднем ракурсе выходит на первое место.,added_04.jpg,1,2026-09-23T11:52:54.850383+00:00
A14,added,980,f273952ff6ab48af86db4c1e3a4efc6a,T,T,high,"Совпадает с E47: серые кроссоверы одной модели, близкий передний ракурс; новая сборка меняет местами очень похожие машины.",added_04.jpg,2,2026-09-23T11:52:54.850385+00:00
A15,added,509,926252dfb3ad413082c82995a91398dd,V,V,medium,Передок Mercedes SUV против своей кормы; чужой Mercedes-минивэн спереди сбоку становится первым.,added_04.jpg,3,2026-09-23T11:52:54.850388+00:00
A16,added,277,459906b71d834d72b8dfa4ad57640e7b,T,"T,L",medium,"Корма Range Rover днём спутана с кормой другого Range Rover ночью; цвет отражениями меняется, силуэты очень похожи.",added_04.jpg,4,2026-09-23T11:52:54.850390+00:00
F01,fixed,369,92af1a1a6e7b443698f599ef7bc9e274,L,"L,T,C,occlusion",high,Исправлена старая путаница двух синих Mercedes: собственная ночная корма за соседней машиной поднялась с 34-го на 1-е место относительно дневного запроса; порог всё ещё отвергает запрос.,fixed_01.jpg,1,2026-09-23T11:52:54.850392+00:00
F02,fixed,77,bcfe39b682834182a80f4cd65340d046,T,T,medium,"Вместо похожей серой кормы другого Mercedes найдена собственная чёрная корма; обе модели раньше видели близкий кузов, новая различила машины.",fixed_01.jpg,2,2026-09-23T11:52:54.850393+00:00
F03,fixed,1062,a2dca75f78c94ca7bb021d41fa4a82f4,V,"V,T",high,Белый Mercedes сзади теперь сопоставлен с собственным передком; исходная OSNet ставила выше серый Mercedes в заднем ракурсе.,fixed_01.jpg,3,2026-09-23T11:52:54.850395+00:00
F04,fixed,37,2aaf21fca23a4bddb5508c68822ee49e,T,"T,C,occlusion",high,"Несмотря на дорожный знак в кропе, выбран правильный тёмный Mercedes сзади, а не почти такой же чужой с одинаковыми фонарями.",fixed_01.jpg,4,2026-09-23T11:52:54.850397+00:00
F05,fixed,631,6e8f4eb26c634eefa14cb6999147acc1,V,V,high,Светлый зелёный передок Jaecoo правильно сопоставлен с его зелёной кормой; исходная OSNet давала передок чужого Chery.,fixed_02.jpg,1,2026-09-23T11:52:54.850399+00:00
F06,fixed,290,810e761dea08460ea8f36f5e0ace094e,V,"V,L",high,"Корма светлого BMW теперь сопоставлена с собственным передком с яркими фарами; старая модель выбирала чужую светлую корму. Найдено первое место, но score ниже порога.",fixed_02.jpg,2,2026-09-23T11:52:54.850401+00:00
F07,fixed,49,e695f5882aef4fd5b2f0477b657aa4f1,V,"V,C,occlusion",high,"Тёмная Mazda сзади и с человеком внизу кропа теперь сопоставлена с передком своей Mazda, а не с чужой светлой кормой.",fixed_02.jpg,3,2026-09-23T11:52:54.850403+00:00
F08,fixed,531,791694f7823a4457b40c39ba412c2cb7,V,"V,T",medium,Тёмный SUV сзади сбоку теперь найден по своему передку; исходная модель предпочитала чужой тёмный SUV в заднем ракурсе. Отказ по порогу сохранился.,fixed_02.jpg,4,2026-09-23T11:52:54.850405+00:00
F09,fixed,972,3c3022f7cea84b74ac4e085a37f2b4a3,V,"V,T",high,"Чёрный минивэн спереди теперь найден по собственной корме; OSNet выбирала чужой такой же передок. Ранжирование исправлено, отказ ещё есть.",fixed_03.jpg,1,2026-09-23T11:52:54.850407+00:00
F10,fixed,680,aae1ddec128c4b6bad708752dc04d4d8,T,"T,V",high,Одинаковая ливрея Ситидрайв больше не перевешивает форму кузова: найден правильный другой ракурс вместо чужого кроссовера в той же окраске; score ниже порога.,fixed_03.jpg,2,2026-09-23T11:52:54.850409+00:00
F11,fixed,288,f82cf9e142e743db837bf2df30bc8b8e,V,"V,L",high,"Повтор исправленного случая F06: своя корма BMW сопоставлена с передком с яркими фарами, чужая светлая корма снята с первого места. Запрос всё равно отклонён.",fixed_03.jpg,3,2026-09-23T11:52:54.850410+00:00
F12,fixed,681,5706b99226484eb19f5d7272a752ea68,V,V,high,"Красный Porsche спереди найден по красной корме, исходная OSNet ставила выше чужой тёмный Porsche спереди.",fixed_03.jpg,4,2026-09-23T11:52:54.850412+00:00
F13,fixed,824,b24b44fd5f12417cb801526b28476b20,V,V,high,Передок светлого Geely найден по собственной заднебоковой части; прежний чужой ответ — белый седан такси.,fixed_04.jpg,1,2026-09-23T11:52:54.850414+00:00
F14,fixed,940,c8e943848ff447378bf03f0d1b5b5d39,T,T,high,"Исправлена путаница двух оранжевых кроссоверов одной модели: обе пары сзади, различия малы, теперь первым стал правильный v594 вместо v998.",fixed_04.jpg,2,2026-09-23T11:52:54.850416+00:00
F15,fixed,180,1854c73b05564496a87055a31bc4639b,V,"V,L",high,"Светлая корма BMW iX теперь сопоставлена с его тёмно-синим передком, а не с чужой тёмной кормой. Правильный top-1 всё ещё ниже порога.",fixed_04.jpg,3,2026-09-23T11:52:54.850417+00:00
F16,fixed,527,e56af06883674546a2a7766e224a30bb,V,"V,T,C,occlusion",high,"Корма каршеринга частично за столбом теперь найдена по своему передку, а не по корме чужой машины в похожей ливрее.",fixed_04.jpg,4,2026-09-23T11:52:54.850419+00:00
P01,false_accept,242,506465c733f640bca8d2834acb072f8a,T,T,high,"Нет пары по меткам; принята почти одинаковая бело-оранжевая корма Haval каршеринга. Score 0,752 заметно выше порога.",false_accept_01.jpg,1,2026-09-23T11:52:54.850420+00:00
P02,false_accept,715,63af7c89d59944d7a40c579d0967df24,T,T,high,"Нет пары; серый кроссовер спутан с однотипным серым кроссовером сзади сбоку, похожи фонари и четыре патрубка.",false_accept_01.jpg,2,2026-09-23T11:52:54.850422+00:00
P03,false_accept,615,f863e3ff648b40a9a93703fdd05f1a12,T,T,medium,"Нет пары; светлый BMW принят за другой светлый BMW из галереи. Совпадение класса, цвета и марки; передний и задний ракурсы не доказывают одинаковую модель. Score близок к порогу.",false_accept_01.jpg,3,2026-09-23T11:52:54.850425+00:00
P04,false_accept,164,db0c88244516406ab2d963e8e991b492,T,T,medium,"Нет пары; тёмный Range Rover спереди принят по чужому Range Rover сзади. Однотипный кузов, но индивидуальная идентичность не подтверждается.",false_accept_01.jpg,4,2026-09-23T11:52:54.850427+00:00
P05,false_accept,611,6f0eb4f4a4d649b98f5e1ec1b5c460b9,O,body_similarity,medium,Нет пары; разные модели тёмных SUV сзади дают сходные крупные контуры и фонари. Точного двойника по модели здесь не видно.,false_accept_02.jpg,1,2026-09-23T11:52:54.850429+00:00
P06,false_accept,92,285421040b2e444b96bf990aa4831b12,O,body_similarity,medium,"Нет пары; Mercedes SUV принят по передку другого Mercedes-минивэна. Сходна марка и фронтальная геометрия, но это не одинаковая модель кузова.",false_accept_02.jpg,2,2026-09-23T11:52:54.850430+00:00
P07,false_accept,82,8f03b5b1b69e412ea934d08f34b008a7,T,T,high,"Нет пары; бело-оранжево-зелёный кроссовер каршеринга почти совпадает с чужим по кузову и ливрее; уверенный FP 0,840.",false_accept_02.jpg,3,2026-09-23T11:52:54.850432+00:00
P08,false_accept,17,9d9e7cde7a29431aad5d375cb7a6a88c,T,T,medium,"Нет пары; тёмная корма большого SUV сверху принята по однотипной тёмной корме Range Rover. Однотипность внешности, точная модель по запросу не установлена.",false_accept_02.jpg,4,2026-09-23T11:52:54.850434+00:00
P09,false_accept,279,24d1624e59654f9cb3c2f52f06cac675,T,T,medium,"Нет пары; однотипные большие BMW сзади сбоку в сером цвете. Включённые фонари и освещение различаются, кузов очень похож.",false_accept_03.jpg,1,2026-09-23T11:52:54.850435+00:00
P10,false_accept,521,a318456f5e4840ec984ab7bc341599bb,O,body_similarity,medium,"Нет пары; два разных белых прямоугольных SUV спереди спутаны по общему силуэту. Решётки и светотехника отличаются, одинаковую модель утверждать нельзя.",false_accept_03.jpg,2,2026-09-23T11:52:54.850437+00:00
P11,false_accept,486,6cfeffba5a3e482da716d4ecba1f5c56,T,T,medium,Нет пары; светлые Range Rover разных поколений в близком заднем ракурсе. Категория однотипности здесь относится к семейству кузова и цвету.,false_accept_03.jpg,3,2026-09-23T11:52:54.850439+00:00
P12,false_accept,709,65b24ba1f81b431ebd2197a398bb7406,U,"C,occlusion",low,Нет пары; белый кандидат сильно перекрыт чужой машиной и размытым дорожным знаком. По этому кропу нельзя уверенно объяснить высокое принятие именно данного кандидата.,false_accept_03.jpg,4,2026-09-23T11:52:54.850440+00:00
P13,false_accept,711,9ec379b4c5b54f059fd125b7aaa0e4c9,U,"C,occlusion",low,"Другой кадр той же неизвестной машины, что P12; повторяется сильно перекрытый белый кандидат. Причина высокого score остаётся неясной.",false_accept_04.jpg,1,2026-09-23T11:52:54.850443+00:00
P14,false_accept,712,0e6ce8343aab4415a1fcb4c8f998bf46,T,T,high,"Другой кадр P02: однотипные серые кроссоверы сзади, те же близкие фонари и силуэт.",false_accept_04.jpg,2,2026-09-23T11:52:54.850444+00:00
P15,false_accept,444,f0d1175094634dc2822623f00321102b,T,T,high,"Нет пары; тёмные Zeekr-минивэны с почти одинаковой кормой, световой полосой и вертикальными фонарями; уверенный FP.",false_accept_04.jpg,3,2026-09-23T11:52:54.850446+00:00
P16,false_accept,911,2f5abaf1308b48979828ada071bb3fe9,T,"T,C,occlusion",high,"Нет пары по меткам; два тёмных Zeekr сзади за похожим столбом на одной камере. Кузов почти неразличим, score 0,868; идентичность по сходству не переопределялась.",false_accept_04.jpg,4,2026-09-23T11:52:54.850448+00:00
N01,false_reject,718,e7cdd67312474f36bd0c7d31ab3e8a34,V,"V,L",medium,"Правильный SUV найден первым, но переднебоковой светлый кадр и тёмная корма выглядят по-разному. Score 0,52043 ниже порога 0,52828; это потеря правильного ответа порогом.",false_reject_01.jpg,1,2026-09-23T11:52:54.850449+00:00
N02,false_reject,387,be08a332fbb146ecb0ada46d191aa516,C,"C,occlusion,T",high,"Запрос каршеринга закрыт крупными листьями; собственная пара только пятая, все scores низкие.",false_reject_01.jpg,2,2026-09-23T11:52:54.850451+00:00
N03,false_reject,930,6732c1735d054905bb2fe07272a7bfa4,V,V,medium,Передок с пёстрыми отражениями против своей кормы; выше стоят чужие фронтальные машины. Отказ сопровождает ошибку ранжирования.,false_reject_01.jpg,3,2026-09-23T11:52:54.850453+00:00
N04,false_reject,31,cd525b5ba18947e8a0f04a2e2fd0d6f0,V,"V,T",medium,"Красно-оранжевый каршеринг спереди сверху правильно сопоставлен с заднебоковым видом, но score 0,394 не достигает порога.",false_reject_01.jpg,4,2026-09-23T11:52:54.850455+00:00
N05,false_reject,586,d98f4a389a5849c2ba01bd1d2eaab911,V,"V,T",medium,"Тёмная корма Geely против серого передка; чужая тёмная корма выше, обе пары далеко ниже порога.",false_reject_02.jpg,1,2026-09-23T11:52:54.850456+00:00
N06,false_reject,267,73c198bf27a145dabfeae8c4183daa5c,V,V,high,"Белая Toyota найдена по своей корме, хотя запрос фронтальный. Rank-1 исправлен, но score 0,274 приводит к ложному отказу.",false_reject_02.jpg,2,2026-09-23T11:52:54.850458+00:00
N07,false_reject,57,a77365b03da749f8963fb5580a9d422a,V,"V,T,L",medium,Синий передок Geely против серой засвеченной кормы; другой серый Geely спереди выше. На этой паре появилась и ошибка ранжирования относительно OSNet.,false_reject_02.jpg,3,2026-09-23T11:52:54.850461+00:00
N08,false_reject,951,d8fe665d2fbb4eafbab6e196fc1722d8,V,"V,T",medium,"Совпадает с E36: передок серого Mercedes против собственной кормы; чужой передок другой модели выше, оба scores очень низкие.",false_reject_02.jpg,4,2026-09-23T11:52:54.850463+00:00
N09,false_reject,2,b8a30a520bed491bb3147208519ae8f6,V,V,high,"Светлый Geely сзади сверху теперь правильно найден по передку, поднявшись с 27-го на первое место; score 0,464 всё ещё ниже порога.",false_reject_03.jpg,1,2026-09-23T11:52:54.850465+00:00
N10,false_reject,947,0fea1dd956c943839ddf494ba90a8c6e,U,T,low,"У запроса, верной пары и чужого Haval близкие задние ракурсы и ливрея. Двойник объясняет конкуренцию, но почему оба score около 0,204 и сильно ниже порога, по изображениям неясно.",false_reject_03.jpg,2,2026-09-23T11:52:54.850466+00:00
N11,false_reject,545,427afa8d0c834faa8ecf27510c35b615,V,"V,C,occlusion",medium,"Белый Kia сзади, частично за другой машиной, против собственного передка; чужой светлый седан сзади выше. Верная пара лишь 18-я.",false_reject_03.jpg,3,2026-09-23T11:52:54.850468+00:00
N12,false_reject,536,ea7227620a6b4dcca9d9e930277a010b,V,"V,T",medium,"Серый Geely спереди против кормы; чужой передок той же формы с ливреей выше, все score низки.",false_reject_03.jpg,4,2026-09-23T11:52:54.850470+00:00
N13,false_reject,386,8c7d6bee87fa44259ec8a14454ab1525,C,"C,occlusion,T",high,"Совпадает с E44: правильный передок закрывают листья, чужая не закрытая машина выше; запрос отвергнут.",false_reject_04.jpg,1,2026-09-23T11:52:54.850471+00:00
N14,false_reject,442,d5351771bb3c45c6b10457c443dd91ef,C,"C,occlusion,T",medium,"Большая часть правой кормы Mercedes за листвой; вместо собственной заднебоковой пары новая сборка выбирает чужой вид сверху, но ниже порога.",false_reject_04.jpg,2,2026-09-23T11:52:54.850473+00:00
N15,false_reject,758,9a4fe29c386f4204bedafda0f87b510b,L,"L,V",high,"Совпадает с E08: дневная корма против ночного передка с сильной засветкой фар; правильный ответ седьмой, принятия нет.",false_reject_04.jpg,3,2026-09-23T11:52:54.850475+00:00
N16,false_reject,154,6cc3abec83db4da8ac59d6a285009a2a,L,"L,V",medium,"Правильный тёмный SUV найден первым, но его корма почти исчезает в тени относительно более светлого бокового запроса; score 0,499 ниже порога.",false_reject_04.jpg,4,2026-09-23T11:52:54.850477+00:00
