query_index,image_id,vehicle_id,camera_id,osnet_rank,osnet_kr_rank,d1_j48_rank,transition_vs_osnet,transition_vs_osnet_kr,d1_j48_accepted,d1_j48_top_score
2,b8a30a520bed491bb3147208519ae8f6,928,90,27,29,1,fixed,fixed,False,0.4636047445297642
3,4234d7c91f814372a8da8633f9ed7ba7,928,89,1,1,1,both_correct,both_correct,True,0.7289408389120493
4,ada9e89560ca4022b90625ce1239a5b5,928,89,1,1,1,both_correct,both_correct,True,0.7242614536707865
5,fb2ef7a6ce5c4616b1753994854259d8,238,43,149,149,70,both_wrong,both_wrong,False,0.2675266097603043
6,fbaef4353dc44881b42d894235ee09d2,238,90,82,4,4,both_wrong,both_wrong,False,0.4975454120264813
7,d12c1e28e5314902a4d12ec257a077d2,238,43,1,1,1,both_correct,both_correct,True,0.8997337503182642
8,d9c53691e52b48d89c8a084a2b2b8d1d,488,81,1,1,1,both_correct,both_correct,True,0.8404912691696012
9,a20d7ebd03784407be6c31012611177d,488,91,1,1,1,both_correct,both_correct,True,0.8512991621780632
10,189dc7cb80634563b726c34043306480,488,54,1,1,1,both_correct,both_correct,True,0.9097051473888155
11,2bfa3c99576d40f3867bd2e1888a46ca,961,89,1,1,1,both_correct,both_correct,True,0.6699870104151903
12,0020d9ccf91f4944afe069070529bd34,961,89,1,1,1,both_correct,both_correct,True,0.6731284579178104
13,bb8f0fc87c364f0fa4a56015a1a553b2,961,90,1,1,1,both_correct,both_correct,True,0.661682392989416
19,e0a1f3be0713443ca338e82015ff3c7a,241,86,25,15,6,both_wrong,both_wrong,False,0.4675946314047087
20,f069efb4e3b342fa9be9b857e6ee1d2f,309,0,1,1,1,both_correct,both_correct,True,0.8108678651318443
21,76882c98272546eaa97cb3dd63ff1a70,309,25,1,1,1,both_correct,both_correct,True,0.8143581944258695
22,ff7b1db4a0574061a8d4ad01e9ba19ac,1460,68,6,3,3,both_wrong,both_wrong,True,0.5292248204907782
23,ae14e712d07744f6828833db1b2007ac,1460,68,5,3,3,both_wrong,both_wrong,True,0.5343735117964299
24,93cd5a3addcc480b800ba2a5c91fcdf7,85,95,1,1,1,both_correct,both_correct,True,0.9361537688423923
25,69952319b54c4e3cb17fe9d7420939f5,85,69,1,1,1,both_correct,both_correct,True,0.902779912177751
26,069fed2ac27747dea92a8e2c93c54607,85,95,1,1,1,both_correct,both_correct,True,0.9172211405673888
30,125711ac83d847579529fc054cf82e31,1307,78,19,20,1,fixed,fixed,False,0.3943105858955174
31,cd525b5ba18947e8a0f04a2e2fd0d6f0,1307,78,23,26,1,fixed,fixed,False,0.39400881585044856
32,b8e3c226a7dd4eb9a81dc4e6effecc9a,1307,90,5,9,1,fixed,fixed,False,0.3852209126431585
33,a77f775dd1a34be19b8f1bd8484b6176,1372,14,1,1,1,both_correct,both_correct,True,0.680174638658797
34,59d1ae70c8b0425bb924f8863001b25a,1372,90,1,1,1,both_correct,both_correct,True,0.6858073262391033
35,b1cac39522d443b2b7554135ec8616b8,1372,14,1,1,1,both_correct,both_correct,True,0.6867983033049958
36,35c1138c90c042deb214206fe7d143fa,930,78,1,1,1,both_correct,both_correct,True,0.7479999761489065
37,2aaf21fca23a4bddb5508c68822ee49e,930,15,6,1,1,fixed,both_correct,True,0.6138191608225636
38,2d56660401d641f1b09adbc0215dde59,930,15,1,1,1,both_correct,both_correct,True,0.5377597099847932
39,b10c831a3a4c46998515cc5e84dd033d,930,78,1,1,1,both_correct,both_correct,True,0.7479714650534722
40,5d63447ed6904ca7a700ae7cd28d3d6a,1257,63,90,94,3,both_wrong,both_wrong,False,0.2655495338588669
41,29d24356429c41ddaabbb5ffe87f2824,1257,63,1,1,1,both_correct,both_correct,True,0.7809505430806329
42,1a5da5b3d2634a8a99d4e7ae9eb466e8,1257,89,1,1,1,both_correct,both_correct,True,0.7573608037832376
43,3e18ea251cc345148d1be63c9011ad52,1257,90,1,1,1,both_correct,both_correct,True,0.6752696336114643
44,566dd709c276445cac3d107f4d096d3d,375,89,1,1,1,both_correct,both_correct,True,0.9262394140171741
45,5710980072604476b08fd7a7c91da6fa,375,90,1,1,1,both_correct,both_correct,True,0.7367535033678129
46,eea2d02332a44ae7826c0d492f152621,375,90,1,1,1,both_correct,both_correct,True,0.7385385684952056
47,f6c6d6f6ad99417db60ed26dee7d53e6,135,89,1,1,1,both_correct,both_correct,True,0.5772431728907614
48,d58bc14180aa461982279707f888dc53,135,89,1,1,1,both_correct,both_correct,True,0.579848134624834
49,e695f5882aef4fd5b2f0477b657aa4f1,135,90,3,2,1,fixed,fixed,True,0.5676092189806767
50,2bc8e848105a47f590ecbf63e19377b9,777,24,1,1,1,both_correct,both_correct,True,0.8310622529510286
51,9968341b62de45039c908dfcfdc5962f,777,1,1,1,1,both_correct,both_correct,False,0.46970847338913313
52,8ca77463c563463bbac5a21856571d98,777,10,1,1,1,both_correct,both_correct,True,0.8257707586824534
53,467e768e888047cfb4bbb030d2aa81d4,777,1,1,2,1,both_correct,fixed,False,0.4628626408839819
54,59417b46abe34ad0bcdcbb2d0e45f507,380,36,1,1,1,both_correct,both_correct,True,0.6666768163953939
55,a409fe197ba04985b421d9e5fcee632e,380,36,1,1,1,both_correct,both_correct,True,0.6678343672522794
56,a5102afa30344445bc3f47075156f774,380,11,1,1,1,both_correct,both_correct,True,0.6713996275524345
57,a77365b03da749f8963fb5580a9d422a,1414,90,1,4,5,added,both_wrong,False,0.3676138760873855
58,1fef43311c004625886df9e78de8c831,1414,89,5,14,8,both_wrong,both_wrong,False,0.4972087456118458
59,a38cb23ae32843cbbbe90ef3106ec029,1067,89,79,79,59,both_wrong,both_wrong,False,0.155717473929727
60,947a7b5d8c844bc095329ad835038040,1067,43,3,7,19,both_wrong,both_wrong,False,0.3089496564724903
61,21604216a33f4e2e90a37b29a4342f6a,1067,89,123,123,33,both_wrong,both_wrong,False,0.13860909739820748
66,b32ad2e012af45d9bd9a66827fab0712,1441,48,1,1,1,both_correct,both_correct,True,0.8467660510534778
67,d7b41b3e3e4641278e4d7b60c32b67e1,771,12,1,1,1,both_correct,both_correct,True,0.9090268925261156
68,1e572dff5c3345abaf289557175be1db,771,1,1,2,2,added,both_wrong,False,0.32004717286135564
69,565cc18662074feb94e299900b2eb820,771,69,1,1,1,both_correct,both_correct,True,0.8661973968179566
70,991f1aafa7dc4d4699363628c1c4be1d,771,51,1,1,1,both_correct,both_correct,True,0.9008506205016487
77,bcfe39b682834182a80f4cd65340d046,482,83,2,2,1,fixed,fixed,True,0.7604607783918282
78,8ddd4bcb10014e059b73d19808e6dafb,482,83,2,2,1,fixed,fixed,True,0.7564804209357026
79,b7100c6715d44f819475fd81a9b297e2,1519,15,1,1,1,both_correct,both_correct,True,0.7529978202368175
80,e1363abe0d6140bb87974ea6b5752ff1,1519,15,1,1,1,both_correct,both_correct,True,0.7635054831486587
85,5725974249ad4fdeb77884aacdde9dfa,874,4,1,1,1,both_correct,both_correct,True,0.7267943703065898
86,ef8237e28d60438389fa1ec0ea66aa5f,874,49,1,1,1,both_correct,both_correct,True,0.7529448622653085
87,a8b3ca3e39244503911b8356299fbe79,874,49,1,1,1,both_correct,both_correct,True,0.7374775186740847
88,0589866cfed34253bf96304c28faa0cf,296,13,1,1,1,both_correct,both_correct,True,0.7769174678098336
89,a09e1a67b6164f0f91a1603b04f0e68f,296,13,1,1,1,both_correct,both_correct,True,0.7861799751473222
90,4ae4b55d2e244458838c2a94240d9694,296,17,1,1,1,both_correct,both_correct,True,0.7933598443245269
94,d51e269239ff4bef9bb11cf500d061cd,503,68,1,1,1,both_correct,both_correct,True,0.8453521217038498
95,2fd2d68961be490a9365aef4ae54fe15,503,77,1,1,1,both_correct,both_correct,True,0.8320752164672041
96,079c2f71f5394f219670d673bea8399d,503,13,1,2,2,added,both_wrong,True,0.6361209462435962
97,a0b7c0798e5c423ba2c90d1e54f5a598,503,68,1,1,1,both_correct,both_correct,True,0.8514670530792784
98,108bbb1eab5e4fa685258e037461cc82,503,13,1,2,2,added,both_wrong,True,0.6399448491647741
106,fe31af8bdb7c4777bd90f84b6bdf06da,1494,54,1,1,1,both_correct,both_correct,True,0.7483668480707344
107,595c70af27fc432ba1fdedb81adc5c3a,1494,91,1,1,1,both_correct,both_correct,True,0.7163756740649136
108,af298f22c59a4572af115023ea64d2a3,1494,1,1,1,1,both_correct,both_correct,True,0.943079960135215
109,e7be4a9b3e33421ba7809569a667b5d9,1494,1,1,1,1,both_correct,both_correct,True,0.9455676876873503
110,519a8b6ee8aa4ef2b70a190e516258b6,1494,54,1,1,1,both_correct,both_correct,True,0.6719111959822396
115,921cbae29a7b41929da96b7276bbe06d,459,90,1,1,1,both_correct,both_correct,True,0.759582403325684
116,25647d984db249fdb9fdec3baac7ac3f,459,89,2,1,1,fixed,both_correct,False,0.2070719760109142
117,b68ba7538e274ee3a7a7c94dfbd60e13,459,43,1,1,1,both_correct,both_correct,True,0.7639723546525123
118,c18042bced564a5f8788baad452a2547,459,90,1,1,1,both_correct,both_correct,True,0.7573829099503147
119,5fb938d7aa7947578e7d1b4b63f2433c,459,89,1,1,1,both_correct,both_correct,False,0.23123039546726476
120,ba939a59a75c4b3b9af8d8404f2b9b43,279,94,1,1,1,both_correct,both_correct,True,0.7476820459744319
121,ac89ed5ff76b4219bb823163de6a9f79,279,16,1,1,1,both_correct,both_correct,True,0.7404888885629175
122,90c3ba5fbc1b40f2b5eaf2787f8bdb6f,279,16,1,1,1,both_correct,both_correct,True,0.7470520016295163
128,e23fe14b7387426fa1652a89e22bc2e6,608,85,1,1,1,both_correct,both_correct,True,0.8570381870371337
129,7ed347829cf746ee90d1b9372aefc013,608,83,1,1,1,both_correct,both_correct,True,0.8577893308383091
130,e5b9ff1a7a9142e084d8ae4c81f1f567,608,85,1,1,1,both_correct,both_correct,True,0.8505212242092665
131,df96c52af8ad4698bd245a617492444b,940,45,1,1,1,both_correct,both_correct,True,0.9534700754672046
132,556b0cf62f26426fb3ac97366071dee6,940,12,1,1,1,both_correct,both_correct,True,0.7695009398202214
133,4225c92a25d24af6bebb59f4ae665ee0,406,81,1,1,1,both_correct,both_correct,True,0.9416404904877225
134,d47a3ab303bd446f8044d265fc02c4d9,1396,42,3,9,7,both_wrong,both_wrong,False,0.3186317186084744
135,7d062086b95840ed887953a6cddb7b56,1396,92,29,30,8,both_wrong,both_wrong,True,0.7339806613369396
136,61699d23e8194521ba372cd9d61fe577,1396,92,27,29,11,both_wrong,both_wrong,True,0.7291362273604489
137,e04111b819e942469f261f3567382585,831,12,1,1,1,both_correct,both_correct,True,0.6380985467212732
138,b468beb08dc545dba231a1c796163c9f,831,15,1,1,1,both_correct,both_correct,True,0.6662338205281475
139,e5c7c91ca7a8469d849e4b755ed60157,831,12,1,1,1,both_correct,both_correct,True,0.6360053170385721
140,79af32de63f143b7815cfccdf4ddc724,831,15,1,1,1,both_correct,both_correct,True,0.690208102639994
141,499e693bbe9d43419cd17a986881dc6e,886,43,1,1,1,both_correct,both_correct,True,0.7915475561028327
142,995f6b4d0b924676bd0eb92a2a583130,886,89,1,1,1,both_correct,both_correct,True,0.7935068395990803
143,b8b233e144c247898510222abd7b55f6,886,89,1,1,1,both_correct,both_correct,True,0.7937758338911349
148,7c9bd8dbe7244d559fea35071cc4013b,1467,39,2,2,1,fixed,fixed,True,0.6210468533903019
149,ea2b0f0f25ea4ba8bcab8642ec35db31,1467,95,1,1,1,both_correct,both_correct,True,0.6247372109358341
150,f73c5becef754584be72b16d9dd448f2,1467,95,1,1,1,both_correct,both_correct,True,0.6259821408086155
151,75c4642452e64913bf94747b94f27452,1467,39,4,2,1,fixed,fixed,True,0.630476137667122
152,ba7d79a3d44247a8a12578852bd513dd,33,12,2,8,6,both_wrong,both_wrong,False,0.46884293346083084
153,338d37c9b5444c739359584e0bb62d33,33,69,1,1,1,both_correct,both_correct,True,0.7130197722240238
154,6cc3abec83db4da8ac59d6a285009a2a,33,51,2,2,1,fixed,fixed,False,0.498653811085946
155,adcc4ad1c6c54ba8bf4cf214be259ead,33,12,4,8,7,both_wrong,both_wrong,False,0.45647058214859537
156,48e47eba3cc5457393ab3bc3ee618f56,263,89,10,1,3,both_wrong,added,False,0.28318082305152337
157,5b64562eba2c4da28f3c9f08a2bb914d,263,69,2,1,2,both_wrong,added,False,0.29408673848519373
158,a14bcd7605d440ccbb77aab539f434cf,263,89,1,1,2,added,added,False,0.3013819567681463
159,7c2b6c60fae34604bbfb0509c6fe8f61,1105,6,5,5,4,both_wrong,both_wrong,True,0.6495359417781685
160,32c5f76ee03d4f2a87d5d7ecdbfe6b59,1105,33,6,6,4,both_wrong,both_wrong,True,0.7091525269235349
161,67d655460a72478aa13668581d59b7f3,1105,33,8,8,4,both_wrong,both_wrong,True,0.7098860316881559
162,62e4c46453d44df39484214b1dcc3adf,474,90,1,1,1,both_correct,both_correct,True,0.8313418652553295
163,570beeb88d4a48769f5edf060889f5d0,474,90,1,1,1,both_correct,both_correct,True,0.8468919687920664
167,344070f55ddf4d7dbca57c61119b594d,277,89,159,159,3,both_wrong,both_wrong,True,0.7030088785224206
168,9af8896281814d9285cb322824b525d9,277,90,160,160,3,both_wrong,both_wrong,True,0.7416451640243522
169,dea4bfc7d61d4051bf5f390930fc499d,324,20,1,1,1,both_correct,both_correct,True,0.6863801278324593
170,1554f9d270084cc687210465a6fd5b63,324,86,1,5,5,added,both_wrong,False,0.4697087399574742
171,a59de12220384c3a9b9b80ffd9a429cf,495,83,2,1,1,fixed,both_correct,False,0.4289957191698206
172,e0d53ff5daa848f287eb28e4fc0b53ec,495,83,4,1,1,fixed,both_correct,False,0.4134291734000686
173,8469261f25e346d6b9aeaf95598e7f79,495,7,54,54,226,both_wrong,both_wrong,True,0.9306220557897551
174,04e9298e6d4d4da8b8da659eb53099bf,495,7,1,1,1,both_correct,both_correct,False,0.44350751825071955
175,f43a1f6b0e5946f69b55a9a9b6cb8626,425,13,1,1,1,both_correct,both_correct,True,0.8090923952595275
176,773b4c5fde76459fb8942eaa440c22ba,425,13,1,1,1,both_correct,both_correct,True,0.8120089091640342
179,6cf26ffdea184ba486454d78744f5d1f,1538,33,117,15,2,both_wrong,both_wrong,False,0.4998073014034139
180,1854c73b05564496a87055a31bc4639b,1538,6,3,5,1,fixed,fixed,False,0.32335595490323454
181,7a6a8b57f0d14ea4af0b6e501f6af4cc,1475,59,1,1,1,both_correct,both_correct,True,0.8400221605291732
182,756bbc7375b546ceb9bddf25611117e0,1475,17,1,1,1,both_correct,both_correct,True,0.8454683026457306
183,836666ff43e441c0af0654588976b73e,1475,59,1,1,1,both_correct,both_correct,True,0.8458037987445013
184,bdd6ded5fb964f19a640e0fa4ddfcf5c,559,28,11,4,3,both_wrong,both_wrong,True,0.5499047146837539
185,cacc87fcba6f46f5a446fd2ab761fd64,559,92,6,11,2,both_wrong,both_wrong,False,0.3092006200746624
186,636eebac1f4f4c0583c396c7ccb67100,559,28,21,5,3,both_wrong,both_wrong,True,0.549940098425541
187,e71e82691ba149f6859cdb91888af14a,1497,33,1,1,1,both_correct,both_correct,True,0.6547484745807197
188,808282044e374d7abde4c9158568f56b,1497,33,1,1,1,both_correct,both_correct,True,0.6586467407115054
189,b6596eff8f224d0c95ebbbd1a99f3fbf,1497,6,1,1,1,both_correct,both_correct,True,0.6235431197436141
190,e20e7942416747fe9e8505940029b158,1497,6,1,1,1,both_correct,both_correct,True,0.6372692563432583
191,31f591cbdd2843978c6880142344ca55,100,70,178,178,30,both_wrong,both_wrong,False,0.13320392379526413
192,d555460352564e23bacbf10e317d100c,100,75,57,58,23,both_wrong,both_wrong,False,0.24604619192533128
193,3499d8244d81446f9e171f4d0bd5f17f,100,70,240,240,38,both_wrong,both_wrong,False,0.14516000194029566
194,7a35af8bb3f5470a9f2608f0d09aa576,199,18,6,6,7,both_wrong,both_wrong,False,0.1258032318748522
195,668196e6c915430fbfde3f0e1ee003cb,199,18,27,27,13,both_wrong,both_wrong,False,0.1302606897610864
196,3d93aba25db64060b351b89a122f38e0,1454,71,1,1,1,both_correct,both_correct,True,0.8151243284892784
197,66f128a957eb4e1a8c9800bcb1c4b397,1454,19,1,1,1,both_correct,both_correct,True,0.9231092535399401
198,238a0dc7c1294ea3924d7a56e4807cc7,1454,19,1,1,1,both_correct,both_correct,True,0.9170319008748092
199,310c78c8926049e48a7ffe7b21304df6,1454,71,1,1,1,both_correct,both_correct,True,0.8148511218272617
200,16645ef6cd144444b94d18f55751e4c5,1363,19,1,1,1,both_correct,both_correct,True,0.8156156651314305
201,abe57d21aebe4897b2f5652d8f7f47d1,1363,19,1,1,1,both_correct,both_correct,True,0.8215295123974717
202,b4ef13ce68e54943aa84d0c0c4193c17,1297,12,7,6,6,both_wrong,both_wrong,True,0.5609803567305282
203,5b6e6b4087ae42fba10948863e148d98,1297,72,5,4,6,both_wrong,both_wrong,False,0.4938118731866131
204,5ec75e4bd78c49d680254ac11f087cad,1537,82,3,1,1,fixed,both_correct,True,0.7832686765158394
205,67c6766137d748dda80b93b1880effa7,1537,82,1,1,1,both_correct,both_correct,True,0.8505066702697057
206,0b26ba16d18243528ec417257ad74b11,1537,85,1,1,1,both_correct,both_correct,True,0.8650510378063805
213,3cf5793aedf841a790a8f60ae9f9e420,103,90,262,262,272,both_wrong,both_wrong,True,0.7476114833625198
214,fec734b412404676a92d27416f7b1f6c,103,89,30,34,7,both_wrong,both_wrong,False,0.4450048078556257
215,035d2e3a9a9e45068cd82faf2b4bbd54,32,60,4,1,8,both_wrong,added,False,0.19551932029013475
216,a5a14325d23e4735b3e4c243cb0d740f,32,17,1,1,1,both_correct,both_correct,True,0.6827743241746358
217,2881e71760724f178c17cbacbc664b30,32,60,4,1,8,both_wrong,added,False,0.19367445848589293
218,c977c3b33ae5414ea2906d5c8866b4d7,32,42,1,1,1,both_correct,both_correct,True,0.8985003156394747
219,6d4c2e0c0ea64681905dbfa96fee5cf4,32,42,1,1,1,both_correct,both_correct,True,0.686654350479231
224,1795209b4dce4767bd4dc31307ebb58f,998,6,3,3,3,both_wrong,both_wrong,True,0.8475219811487165
225,dfb651832d5d42e38450cab7507755cb,998,33,1,1,1,both_correct,both_correct,False,0.4409268417180795
227,c72d9f26f7f04ba29636c48468718b63,1157,90,6,2,1,fixed,fixed,False,0.40217851320118647
228,411df7ed06e4485b8c40190af10406ac,1157,90,4,2,1,fixed,fixed,False,0.39833044616369384
229,459e052694c041518f767b9e90ef47c4,1157,89,1,2,4,added,both_wrong,False,0.4861124978927003
233,27dbc99de68f4aa8b928961ebc2dd4e1,883,69,1,1,1,both_correct,both_correct,True,0.8647901945119325
234,5f61280be22a4bb6afb53cb0359d3504,883,69,1,1,1,both_correct,both_correct,True,0.8638080455665194
235,97dd9547988e4f07b843f7e5db923531,883,1,1,1,1,both_correct,both_correct,True,0.8467151621552388
236,86b04b975250407f90020707a6e2dea2,11,0,56,56,16,both_wrong,both_wrong,True,0.655503029371329
237,45d8efb0edca4800806c04764b948f89,11,38,21,22,12,both_wrong,both_wrong,False,0.1418462788229664
238,8338e7145b6644009d47ec940bf060c1,11,38,29,30,10,both_wrong,both_wrong,False,0.14447964687595805
239,a0625750fec5443d8cd254eb731f7900,11,0,51,53,24,both_wrong,both_wrong,True,0.6552280654462209
246,02efd1ae599248f9859671142cfdf949,589,20,1,2,1,both_correct,fixed,True,0.6005481722035135
247,895c86fe05454d2ab43364419ec08ab3,589,20,2,2,1,fixed,fixed,True,0.5605996730954783
248,85f1ceeffa2749f0b43286820b0c0fa2,589,48,1,1,1,both_correct,both_correct,True,0.6049848954677854
249,ad25f496bf4c4943923e5ed8b0cb2b8c,860,90,76,76,34,both_wrong,both_wrong,False,0.13203283661255605
250,2fb7c413156f4dd78a319beb637428d4,860,89,45,45,48,both_wrong,both_wrong,False,0.1934500644416396
251,1d78b18d0574448da936ba93927b8ef0,860,90,48,48,13,both_wrong,both_wrong,False,0.1333925297244789
252,e0609c498b484dbc833676b7a7014d38,860,89,7,7,18,both_wrong,both_wrong,False,0.20082898007276218
253,a7773e2468284e18b22f69f97f882e9e,736,6,1,1,1,both_correct,both_correct,True,0.7918829565563188
254,a80ab773e1274f7ebf0d5fe4778f60d9,736,19,1,1,1,both_correct,both_correct,True,0.7554493271509428
259,c46101afe27a461eadb40503c25fdc22,1061,6,1,1,1,both_correct,both_correct,True,0.9048559586302759
260,e1b8ca53e5504d7495c3e259423663db,990,83,1,1,1,both_correct,both_correct,True,0.6831321687344294
261,2c58c0c9438943b0b0a9623649f64a20,990,83,1,1,1,both_correct,both_correct,True,0.6954193916152736
262,76d4f197b26d42558a5f12dda7de846e,990,39,4,1,1,fixed,both_correct,True,0.68404347433321
263,a3d99dc8958446e0ba07d30cc8b3dea9,672,82,1,1,1,both_correct,both_correct,True,0.7334416540899636
264,c7d55358d7224c568692cc584223e9fc,672,82,1,1,1,both_correct,both_correct,True,0.7330587060111198
265,39010b4e8e534411bc5723cfdf2c3c78,848,95,2,1,1,fixed,both_correct,True,0.6857396169993375
266,bf4110e65ff748d1bea4fc3ae6adb98b,848,69,18,20,1,fixed,fixed,False,0.2840218843613884
267,73c198bf27a145dabfeae8c4183daa5c,848,95,44,44,1,fixed,fixed,False,0.27398827458080943
268,ff7ebd403aff47ac9a62e4ae51e4dfdf,848,69,16,17,1,fixed,fixed,False,0.29032483844494306
269,95385ff38991409ca01d7de1f432ea20,1129,43,1,1,1,both_correct,both_correct,True,0.7530855699517267
270,399bda5896d244cf8281411bb246a345,1129,90,1,1,1,both_correct,both_correct,True,0.7654154238501664
271,1c532664cfab417d81c0dd2401e777e5,1129,90,1,1,1,both_correct,both_correct,True,0.7617688120158891
277,459906b71d834d72b8dfa4ad57640e7b,686,40,1,1,2,added,added,True,0.6056920609760124
278,85add9c0a594440aa5fe0f2d361efbc9,686,71,1,1,1,both_correct,both_correct,False,0.35505943362279924
283,1f7d3b81956543e68118c3343f6dc379,737,6,1,1,1,both_correct,both_correct,False,0.40607785264909957
284,1af57096f7b74b0fa473c8a99c8c70b7,737,46,2,1,1,fixed,both_correct,False,0.46230128359227485
285,329bd3416a0a457785f4e1306d6928df,737,46,1,1,1,both_correct,both_correct,False,0.4666183346088142
286,bd4fb09df0b74560a1ed8ca5b1890b35,737,19,1,1,1,both_correct,both_correct,False,0.46551313834635444
287,7fd46b5ca0fc42f6b2b255f6ff23f47e,737,19,2,1,1,fixed,both_correct,False,0.4422686282009062
288,f82cf9e142e743db837bf2df30bc8b8e,162,90,12,12,1,fixed,fixed,False,0.13791580120271751
289,ed8860d0f04a428cabb048915c321037,162,89,109,109,23,both_wrong,both_wrong,False,0.3211524809733184
290,810e761dea08460ea8f36f5e0ace094e,162,90,15,16,1,fixed,fixed,False,0.14322107502913528
295,70d0ecdf6acb4dc0a6b557311a8d5d1a,185,90,2,9,3,both_wrong,both_wrong,False,0.28200021923243135
296,d191f65ff7de4981aa3f1c3fab45ddd5,185,43,6,7,1,fixed,fixed,False,0.33767343310459685
297,2e53d49a71e14818819f9ef0cca1e33a,185,43,5,5,1,fixed,fixed,False,0.3345503445330621
298,163b2f69d37245eab032365a1594f2e8,1127,27,338,338,23,both_wrong,both_wrong,False,0.43161855214406164
299,7738befa8d984804b8d8ccce54e5c5ef,1127,27,174,174,23,both_wrong,both_wrong,False,0.4398379661659707
300,0f9d4c0d24b242beaf2b25ccf4a1f8fb,332,85,1,1,1,both_correct,both_correct,True,0.9529834872450095
301,191bfe5e4f8046c195291df54a18d1ac,332,82,1,1,1,both_correct,both_correct,True,0.7173571466881044
302,92e18467c8254df286fd259ceed499a4,332,85,1,1,1,both_correct,both_correct,True,0.95395939486998
303,1e6e1adac3654dd7a031bee6618914e2,332,82,1,1,1,both_correct,both_correct,True,0.7188768944161844
304,46eadf04e85840b89b1e3dd8da11cef4,993,41,2,2,2,both_wrong,both_wrong,True,0.7722894346167044
305,6214e33cf768413cb557ae5413a4f5d7,993,41,2,2,2,both_wrong,both_wrong,True,0.7750109846890246
306,e5ad48537d934b81b5efdbfe059d82c5,993,35,2,2,2,both_wrong,both_wrong,True,0.8887455650037607
312,c8b264c1ed4c4b66855a88e01e51cfac,676,89,26,30,11,both_wrong,both_wrong,False,0.2844795337994763
318,f5eb208793e441118fb914f1f6eb5e39,512,33,1,1,1,both_correct,both_correct,True,0.6146269946432854
319,b83fc957f69946ca98525d89b01ddfe9,512,6,1,1,1,both_correct,both_correct,True,0.60466512286124
320,0fa765f6802a4306b0a24c246ad05b50,512,6,1,1,1,both_correct,both_correct,True,0.5991651136525439
321,4cdf84aaa2b74103b0edf3ca1de5ac38,512,33,1,1,1,both_correct,both_correct,True,0.6114249822428002
322,d0136cd4262a43468e2ed7dc45f3e1df,992,37,1,1,1,both_correct,both_correct,True,0.8157489888552132
323,597847cd982545d2b9e601efda36c0d7,992,28,1,1,1,both_correct,both_correct,True,0.819138383732096
324,ea1bb9beb7e242e68102ffc9434105f0,992,37,1,1,1,both_correct,both_correct,True,0.8201478164698163
325,cd9246ba4eff4bc5b13e053920cadc65,992,28,1,1,1,both_correct,both_correct,True,0.8224031478458539
326,c92a9211bc9c470b81f55b49ad58e4a1,903,84,1,1,1,both_correct,both_correct,True,0.6958293307741341
327,9163cdd4b6164e6da4c9994be64c59fc,903,61,4,4,3,both_wrong,both_wrong,False,0.25512013990199167
328,65b7a74b0bce493aa30297ae76d948c9,903,61,4,4,3,both_wrong,both_wrong,False,0.24760041787151288
329,23cd4e49211b412eb78b9ad9cd0a3471,903,84,1,1,1,both_correct,both_correct,True,0.6837752757698865
330,fdc1bdd4bba7449db6942824a929f8cf,903,40,1,1,1,both_correct,both_correct,True,0.6923917342038621
334,6981c91c7a874901957de1abfd270ef4,501,59,2,1,1,fixed,both_correct,True,0.8100792442401624
335,187a492e2cd04cf7957cb853ddd8f03b,501,59,1,1,1,both_correct,both_correct,True,0.8147240117447613
336,222322d1b37f4fd1896e2235908cd42d,529,37,1,1,1,both_correct,both_correct,True,0.9260931354740805
337,c358117c636a438a8bfff9a52324bc71,529,33,1,1,1,both_correct,both_correct,True,0.9530898519917428
338,5025a8432c284b40865a4827ad888712,434,45,1,1,1,both_correct,both_correct,True,0.6152455954728316
339,04f7688149c6419a899abf79928625de,1438,94,1,1,1,both_correct,both_correct,True,0.9319320563001507
340,fccd61f18df84197bdbea22087052508,1438,94,1,1,1,both_correct,both_correct,True,0.8558623264002776
341,d3ed4e97cf5041e3977ea03d520bbccb,1140,90,13,17,8,both_wrong,both_wrong,False,0.3145942511851888
342,7c49568b885e4f5496912fe608814506,1140,89,111,111,56,both_wrong,both_wrong,False,0.4040863904587404
343,1160bf8254484ceea17a9f91df034bce,1140,89,43,44,32,both_wrong,both_wrong,False,0.3817369763389127
344,a6f61e7413fe49a3bf94c9834ee6e071,1140,90,9,12,6,both_wrong,both_wrong,False,0.3282701356028124
345,af52f18a9cb54c43b85698ca46a22bf1,1514,82,1,1,1,both_correct,both_correct,True,0.6813501874748235
346,27a629fdf0ff4c3da110d6208e9428a3,1514,20,1,1,1,both_correct,both_correct,False,0.41382301480321826
347,821ad3177b8a4559ae3aaf8f94a59692,1514,14,3,1,1,fixed,both_correct,True,0.6473246144981917
348,7595fe168e3349fab2e2592029c0072e,1514,82,1,1,1,both_correct,both_correct,True,0.6810718568138456
349,6c1504a41df94f2b91f7ea581010981c,1514,14,1,1,1,both_correct,both_correct,True,0.6502874692377338
350,3f29de04a0e74e7ab2dd343c7d8a33ce,321,12,1,1,1,both_correct,both_correct,True,0.5683061377834508
351,72f342eeda8b457692e051074264e273,321,51,1,1,1,both_correct,both_correct,True,0.8428176292152926
352,dde22e13be5f43b1abc446acc37c5084,321,51,1,1,1,both_correct,both_correct,True,0.8468692404761224
353,1b79126c6b3a4b079d0a07604b9da83e,321,12,1,1,1,both_correct,both_correct,True,0.5681437416560399
354,ae3d517d663b45f8aaac46bc0e483aa6,321,61,1,1,1,both_correct,both_correct,True,0.8450081321606473
355,d118e4c629894319b20cacb9f52e98d1,1029,51,1,1,1,both_correct,both_correct,True,0.8920001886491592
356,ea1220fdd0f24fedbbe81fd96575d9f4,1029,12,1,1,1,both_correct,both_correct,True,0.8917048432330816
357,7b891b71c5f1466e8b67eccd9b9c8d61,168,89,4,3,2,both_wrong,both_wrong,True,0.6776634301574853
358,a3d6b81447a145d09118ef36ac5dfc33,168,59,1,1,1,both_correct,both_correct,True,0.6030642228912144
359,7e7cc0a6a50d4f3584c4d460459da0c0,1069,51,1,1,1,both_correct,both_correct,True,0.9144841288080865
360,f44cb92508d14906b0cc3f4bdeb6db6c,1069,51,31,1,3,both_wrong,added,False,0.2752651515752921
361,c9b0bfe1dff74072831c1d9f53e8721c,1069,53,33,6,1,fixed,fixed,False,0.3164585776555052
362,18de59a07de7413fa308028756de2111,368,90,4,4,4,both_wrong,both_wrong,True,0.7969245132150643
363,cbbed7dd36f64d9b9668d2d23e445e7e,368,89,3,3,3,both_wrong,both_wrong,True,0.7774329126971352
364,fdcd5153c74645978dd2f46955b9bbb8,368,89,3,3,3,both_wrong,both_wrong,True,0.7738810118401532
365,23e7c842c67f4b6faf081b6828e59f25,802,20,6,7,3,both_wrong,both_wrong,True,0.806184507938997
366,87a99abfa7ea4f359e15adbd89f2727d,802,42,16,20,6,both_wrong,both_wrong,False,0.38548464204764976
367,7d8423c7e2fc4a1b9daf6cd60d496a81,802,42,10,13,5,both_wrong,both_wrong,False,0.41039997185247956
368,5993a2311296402cae5b2fd778512175,802,20,7,7,3,both_wrong,both_wrong,True,0.8203185813820151
369,92af1a1a6e7b443698f599ef7bc9e274,832,51,34,1,1,fixed,both_correct,False,0.22702914040683875
370,f41c04870b734a079f362b0c67113bd8,832,51,42,1,1,fixed,both_correct,False,0.2292913752464647
371,3010b10322014c1ba826b2197cc316a1,832,92,1,1,1,both_correct,both_correct,True,0.8168907802640245
372,84d3eb71686e431da8fbd367de175df9,1534,94,2,2,1,fixed,fixed,True,0.8446455962967785
373,87d85a57282248739e92c1d1377a4500,1534,94,2,2,1,fixed,fixed,True,0.8429768564835579
374,20ea9c9216ed40f5ba7839160ea05ff3,891,1,1,1,1,both_correct,both_correct,True,0.7326780160214806
375,92fb76c0c3f84bf29a2a313c7ebb6a53,891,7,1,1,1,both_correct,both_correct,True,0.7320742641910781
376,5ebec67036494394a33afe91c5e6b4a7,891,7,1,1,1,both_correct,both_correct,True,0.7362366362092769
377,113c73e746ee4c2b938f64400ca08ae0,1187,87,1,1,1,both_correct,both_correct,True,0.6164836676529122
378,5a803c20927d47f49abc24b1ad1988b1,1187,20,1,1,1,both_correct,both_correct,True,0.6471614632242653
379,0b7812ac78cd4e66a94468b08fdf9ce2,1187,82,1,1,2,added,added,True,0.5989091845083383
380,946fe896defd4863bafe4b657abfb960,1187,87,1,1,1,both_correct,both_correct,True,0.648946873922861
381,ea9a3abe17de44e4a08133ebecbf634d,614,89,11,13,3,both_wrong,both_wrong,False,0.28662104453814197
382,4a8f038328c648f69c81d3f6939bfc32,614,39,2,1,1,fixed,both_correct,True,0.9328355979216026
383,6e995d938d2c4cddbcc021c57c6bb817,269,51,4,10,7,both_wrong,both_wrong,False,0.4534776772283743
384,ff0268aab8f24265a7e24e8acc1d9d9f,269,92,1,1,1,both_correct,both_correct,True,0.9484722376887486
385,9291889c85e5438a91573136274f11e0,494,12,4,4,5,both_wrong,both_wrong,False,0.19204924443901905
386,8c7d6bee87fa44259ec8a14454ab1525,494,90,4,6,6,both_wrong,both_wrong,False,0.44321632557766333
387,be08a332fbb146ecb0ada46d191aa516,494,12,5,4,5,both_wrong,both_wrong,False,0.1703825314871228
388,cdc8db4e98154af492e91464411be379,494,90,98,103,146,both_wrong,both_wrong,False,0.26575324077982065
389,4f91f129fcdb4df4a2408bb519847a08,494,89,48,48,10,both_wrong,both_wrong,True,0.787848987971566
390,67a9254a72f14eb39a593c1dd410b612,954,89,1,1,1,both_correct,both_correct,True,0.7283326456492969
391,1c9d12122f37472296e934636fd31911,954,90,1,1,1,both_correct,both_correct,True,0.7199911487107575
392,ec91746b4de5435e9d401c6cf8c8b5e9,954,90,1,1,1,both_correct,both_correct,True,0.7198677797020382
393,91f71fe1d4614b1eaeccc84b51b8a1dd,979,20,173,173,10,both_wrong,both_wrong,False,0.2925639300277678
394,e9b7b88f9b0a4959ad3413e5bbe778e7,979,57,15,15,6,both_wrong,both_wrong,False,0.2079929883049294
395,294aebbf01934db28337701ed1dfbdf8,979,20,132,133,10,both_wrong,both_wrong,False,0.29398476775426774
396,f321bd0faa0f4ae198e16052629f1829,979,57,16,16,7,both_wrong,both_wrong,False,0.2003127518722866
397,edbe1079d6f34f10be419be240af9ba9,254,69,1,1,1,both_correct,both_correct,True,0.6406860645989774
398,bb66af797a4c4d258168e3662d7d5f4a,254,69,3,1,1,fixed,both_correct,True,0.6258397465110902
399,0d95902b5c4a4f4d949518f4131a280a,254,95,1,1,1,both_correct,both_correct,True,0.6530308633697188
400,8f1c97bbb11447f484f98d8c3c71337f,254,95,1,1,1,both_correct,both_correct,True,0.6370982344556257
401,0414b7aa50eb4506adf77beb7cbacb30,1501,63,9,2,1,fixed,fixed,True,0.7097045788246622
402,66dad95f80014ab9ac28ef7374b0cd3a,1501,63,1,1,1,both_correct,both_correct,True,0.8832965449528478
403,6458a7a4809f4430af30db5b4300838b,335,42,11,1,1,fixed,both_correct,False,0.3694407794861637
404,c1c1b2fb4a2e44d99fc80f8c3c80984d,335,42,23,1,1,fixed,both_correct,False,0.3604695140352814
405,5017e8aecfdc4d98b904743ed65147cf,579,12,1,1,1,both_correct,both_correct,True,0.8878004438063309
406,75fef78d727e4e06beec0ee782bcc6c9,579,51,1,1,1,both_correct,both_correct,True,0.8904931544594458
412,7fbf26118c0f4e6e867e1b732a6e8884,82,89,1,1,1,both_correct,both_correct,True,0.8080438656038801
413,1507f63981a64932aba0a7076e4ec257,82,89,1,1,1,both_correct,both_correct,True,0.7760759027414473
414,d120e599ff5f4fb79efe4008e0b1072b,1320,48,1,1,1,both_correct,both_correct,True,0.7986986090864177
415,cbb851755dda4482a464acdef5e1f8f4,1320,48,1,1,1,both_correct,both_correct,True,0.7904202935306259
416,fd941c308b7645d5866e6eef282035b5,427,89,1,1,1,both_correct,both_correct,True,0.76796852993041
417,be67c7e249db4934af76c91ed5629cd3,427,89,1,1,1,both_correct,both_correct,True,0.7708892079838974
418,7168fd4bacdb43988f1f506624d197fc,427,90,1,1,1,both_correct,both_correct,True,0.7641950920042193
419,a3890fc0e9364f2ebf89633ec74082c7,427,90,1,1,1,both_correct,both_correct,True,0.7349322033311567
420,a63ae7145fd14ea1995438ec1de5f50b,1158,63,1,1,1,both_correct,both_correct,True,0.7124416405424332
421,f082d6c19232432faa4b9e8d7a022460,1158,63,1,1,1,both_correct,both_correct,True,0.7157306850052968
422,3b72059813e7415b948be582b109b7b0,1158,83,3,3,3,both_wrong,both_wrong,True,0.8013446995941258
436,71ce970ba6b146a3ac39eb1d6f64fe39,821,89,19,19,9,both_wrong,both_wrong,True,0.7951404799047856
437,c259ae548ff94bbb99f9aebcee8c88e0,821,90,18,18,5,both_wrong,both_wrong,False,0.29707013676268157
438,5bc1fcdfa432492192e3987a8b323cba,821,90,22,22,6,both_wrong,both_wrong,False,0.2965723263367952
439,42f86449669d4e0883bfb397fbed8e4c,821,89,18,18,8,both_wrong,both_wrong,True,0.7946484650234168
440,fbdd01782c254433ac556dac709dbd93,1203,54,3,1,3,both_wrong,added,False,0.49340587338311226
441,f2438391ec3f46afb62cd808586a3ca1,1203,21,1,1,1,both_correct,both_correct,False,0.4856799693513181
442,d5351771bb3c45c6b10457c443dd91ef,1203,54,1,1,3,added,added,False,0.4958475548518718
443,96eb3fa25817407788879db7be641d5d,1203,21,1,1,1,both_correct,both_correct,False,0.48699752348015724
446,b29c3af4f962463e8e289162b53465a2,70,51,1,1,1,both_correct,both_correct,True,0.8542457600625981
447,6621f60861864c40a48086a71c40e152,70,12,1,1,1,both_correct,both_correct,True,0.862923254922568
448,238f3112a9e943ceacb1396e26d8fb06,70,91,1,1,1,both_correct,both_correct,True,0.9489088483147516
449,9ef7126990bd43aa81667b3c3ba104c4,70,51,1,1,1,both_correct,both_correct,True,0.85412424373204
450,94d48c4746d1492bbbce34d8e0852548,605,90,1,1,1,both_correct,both_correct,True,0.8685492983183382
455,3bd0a84fe17743a18c3779fa953f74cb,1060,89,1,1,1,both_correct,both_correct,True,0.5978288330755595
456,6a8165a69fba4d35ade9ad8ed1fb0a10,1060,90,1,1,1,both_correct,both_correct,True,0.6123753407208249
457,6ddc48ca3955476190b1c51614ae76ed,1060,90,1,1,1,both_correct,both_correct,True,0.6066706296098576
458,2d663215f0ae4c98bc96b0ec425301fc,1060,89,1,1,1,both_correct,both_correct,True,0.6019190616509622
459,6853753da1bb479885f60dd8a7b4a7bc,865,74,1,1,1,both_correct,both_correct,True,0.9104924721218867
460,34fd46686e01427f86e0f4b6a6ee74f7,865,33,1,1,1,both_correct,both_correct,True,0.9132883524780195
461,bc5f92fcb56b488bbb52a0e0b48f3a9b,1100,85,1,1,1,both_correct,both_correct,True,0.8814710701218409
462,bef8f015c1e24785b04e845fe3e6f7c6,681,78,1,1,1,both_correct,both_correct,True,0.8970462717490555
463,7527cf3a0e604fcfb4e02cbe95d0cc90,681,56,1,1,1,both_correct,both_correct,True,0.8403835108037082
464,5b0ba8d3e20e4c6babf83dcf47fdea57,681,1,1,1,1,both_correct,both_correct,True,0.9479008193805383
465,498de15f44e0434eb4e609a491462adf,685,82,1,1,1,both_correct,both_correct,True,0.8302534241364598
466,0bab10bf5ad84ef3a56102f36074b940,685,94,1,1,1,both_correct,both_correct,True,0.8611402875579101
467,e87debb98cff4db8969548a9471048fd,835,40,1,1,1,both_correct,both_correct,True,0.8747484078784433
468,bbe3162d9cd0423d9adb179c3b236d40,835,89,1,1,1,both_correct,both_correct,True,0.9028211581207851
469,d437ae7a950b4914904cbb0825e12050,835,1,1,1,1,both_correct,both_correct,True,0.9136184401000778
470,682729001d444261960e099872ebb9b4,1049,90,127,127,35,both_wrong,both_wrong,False,0.2951355187469954
471,0588f4f39bf047f3ba5cdccd931eccd0,1049,89,152,152,56,both_wrong,both_wrong,False,0.1321346237512856
472,479f56832695402eb220d05d00e90547,1049,89,110,110,59,both_wrong,both_wrong,False,0.1351462722229927
473,865ec750ebdb42ffbf38f33026081bc1,631,77,1,1,1,both_correct,both_correct,True,0.729284805656495
474,0aaed0820f7b492ca7cb2843754ba5e6,631,68,1,1,1,both_correct,both_correct,True,0.7405375446574385
475,9ca3601b300547a99f199abc12a861fb,631,77,1,1,1,both_correct,both_correct,True,0.7297181137771471
476,b90eb7215bf64927a73a557808fc7b66,1190,57,1,1,1,both_correct,both_correct,True,0.7063454325735878
477,7de251c59f2d443da849d1f01f488a46,1190,57,2,1,1,fixed,both_correct,True,0.6988474306131732
478,ff05d9751033416bbef3810c0e8212ee,1190,89,1,1,1,both_correct,both_correct,True,0.7469273617497034
488,23f737621c3b4b3dbd895c1521bd6ac4,146,14,1,2,1,both_correct,fixed,True,0.7233207089114897
489,958c8572b355422583137767121ac8f7,146,90,1,1,1,both_correct,both_correct,True,0.7224710703691667
490,38f3746460d543e8a9d7ce0f546e7899,146,14,2,2,1,fixed,fixed,True,0.7166707785675303
491,f9fa40a2bd7d4ade92052c388e7a7963,453,17,8,12,5,both_wrong,both_wrong,True,0.627341817489254
492,27c7ee14824e45d68fdb56563e116333,453,59,23,23,1,fixed,fixed,False,0.19073769136036045
493,e326fefd4f7d4546bcb3477b704fff0e,453,59,30,30,1,fixed,fixed,False,0.19127666689833367
499,606bf5d94a244c7f95131f1f92dcd1a7,134,6,1,1,1,both_correct,both_correct,True,0.736700156616963
500,fab03518a94c4d3a86e5130f2757051d,134,19,1,1,1,both_correct,both_correct,True,0.732320604149651
501,d01a67b79e5e44f682950f66fb19e797,134,19,3,1,1,fixed,both_correct,True,0.7038827121629475
506,39fdcfd998fe45aa811ed178e353ccc7,620,71,1,1,1,both_correct,both_correct,True,0.7970732887604465
507,e1cae071ea604a848ddba65134641e8c,620,71,1,1,1,both_correct,both_correct,True,0.8021082242029927
508,e871e98307864f26b3f1945fc8857e62,620,20,1,4,2,added,both_wrong,False,0.3053272282722561
509,926252dfb3ad413082c82995a91398dd,620,20,1,4,2,added,both_wrong,False,0.32673939312220845
510,56c27526ba064935b78a81f5ead54a5b,1018,24,1,1,1,both_correct,both_correct,True,0.8907321681789888
514,9483e6524f2b409287b6c3d1f6200dff,451,89,2,2,2,both_wrong,both_wrong,True,0.8019460901143032
515,7a5e618e49a14506993891641a9881fc,451,89,2,2,2,both_wrong,both_wrong,True,0.8113717389076142
516,fb662c81c45447abb588f12890fc5dfb,451,19,3,5,3,both_wrong,both_wrong,True,0.9296768432136971
517,d0a42191b29047c488f9ebdfbe96bd5d,26,40,1,1,1,both_correct,both_correct,True,0.7269745757258435
518,effefc571dcb44b390e9d4c8ecaaa9d3,26,40,1,1,1,both_correct,both_correct,True,0.7340945140621683
519,5fdffab52042416495f06f58334bb8c8,26,64,1,1,1,both_correct,both_correct,True,0.7338583008975144
520,368195c7226f47c1a85080a3d122cf76,26,64,1,1,1,both_correct,both_correct,True,0.7153221465932448
522,12a7eaef3adb43cc9674b6a4bfd23ab7,390,50,1,1,1,both_correct,both_correct,True,0.6983645769096916
523,69ebb268dc19465b9ede9806ed0051c3,390,19,1,1,1,both_correct,both_correct,True,0.7142007925101962
524,4ea4be8449394ac18802ea9735e85b11,390,50,1,1,1,both_correct,both_correct,True,0.6993604891755886
525,90eb0706e2124a2d89cd5c268f594c42,1114,77,12,12,1,fixed,fixed,True,0.6885570303354186
526,85c463978b894adf88a9d1497657f0ab,1114,77,13,13,1,fixed,fixed,True,0.6844762072977061
527,e56af06883674546a2a7766e224a30bb,1114,68,16,16,1,fixed,fixed,True,0.6922755343438076
528,24c14845b8424ad9b8d7eacaa10bdff7,1114,68,13,14,1,fixed,fixed,True,0.6927324954974529
529,d0adc714d9e2437999d08c32c0a1ff0d,1040,86,28,30,5,both_wrong,both_wrong,False,0.3580178711800026
530,2d95eecbc4784affbf277f4fbe0b3cfc,1040,0,104,104,2,both_wrong,both_wrong,False,0.31708910445602856
531,791694f7823a4457b40c39ba412c2cb7,266,85,11,16,1,fixed,fixed,False,0.23876189194135056
532,7f5b938c918c46e491721117fb985ed9,266,82,4,6,1,fixed,fixed,False,0.24221046575387017
533,bcc7357ac8f04f8db36dc31c1bfda7e0,266,85,10,15,1,fixed,fixed,False,0.23216049674663963
534,d68913ad93e14a99bd92d0a1df937061,266,82,5,7,1,fixed,fixed,False,0.24425471858929848
535,a6298c823fdd4a9cbcfb5338d7c971b3,473,89,14,14,5,both_wrong,both_wrong,False,0.3860323853845389
536,ea7227620a6b4dcca9d9e930277a010b,473,89,13,13,6,both_wrong,both_wrong,False,0.3989814640506115
537,8cf362c9b9f749288fe6aee1b4ff2bb7,687,12,1,1,1,both_correct,both_correct,True,0.884992269724773
538,54d916bebd9f4a11a90a123bb030d6d7,687,91,1,1,1,both_correct,both_correct,True,0.8066759531592943
539,2f8d583083904527a65ee9b5e5cb845c,687,12,1,1,1,both_correct,both_correct,True,0.8884793218177869
544,76661fd55b95407ca25f611ff4838123,841,92,59,59,19,both_wrong,both_wrong,False,0.1648718782135954
545,427afa8d0c834faa8ecf27510c35b615,841,92,36,36,18,both_wrong,both_wrong,False,0.15934824212872745
546,fe106b59486040dea308e6e4eebdf2b7,841,52,6,7,5,both_wrong,both_wrong,False,0.4769257613547554
547,fba2ebf419c2458dbb1241cb431e734a,841,52,6,7,5,both_wrong,both_wrong,False,0.47415881931344506
548,a64892fda6bc4adaab8aa2bb437ebf18,1416,68,1,1,1,both_correct,both_correct,True,0.7942573749008096
549,2e5b8b40c0534d5a897b2d847eabfb7d,1416,77,1,1,1,both_correct,both_correct,True,0.7971655376190794
550,6445863fdf174b7e844a5dafbe29ecaa,1416,77,1,1,1,both_correct,both_correct,True,0.7962535010003118
551,374183af76584650a51ab3c3eac413d8,1416,68,1,1,1,both_correct,both_correct,True,0.8040679338659998
552,af3854cd7c9640ebb61b0d3edfe8a2eb,1357,77,1,1,1,both_correct,both_correct,True,0.8578407349187341
553,3fd6fdcb92f74e24bfd4c1c2990b5d73,1357,68,1,1,1,both_correct,both_correct,True,0.8604044211913316
554,823c428b7dba4db0aec3688936fb1249,1357,77,1,1,1,both_correct,both_correct,True,0.9256086093522168
555,50c574372f7647f4b96dd8555c0b694d,1357,68,1,1,1,both_correct,both_correct,True,0.825949715390107
556,6cecf9c70cb549529f3c46b3e7489a1e,943,33,1,1,1,both_correct,both_correct,True,0.9309014841859478
557,5e91cdf1bf804e05bccdf85b90a62d25,943,60,1,1,1,both_correct,both_correct,True,0.8078520355220586
558,3b32f71726a74256a8bc1dc944979df8,943,33,1,1,1,both_correct,both_correct,True,0.9257827456099867
559,cfbaaab5684149c79ea0981c8e6b20b9,943,60,1,1,1,both_correct,both_correct,True,0.7762463621221692
564,302bc40edfa94d118a3f4846608a83a6,639,73,1,1,1,both_correct,both_correct,True,0.9228108837590683
565,840489766fbe4f25a2c225734f708d00,747,89,3,3,3,both_wrong,both_wrong,True,0.5948273374811471
566,c55acaf2472b4b78937f053ed12d3af9,747,90,5,2,2,both_wrong,both_wrong,True,0.6085904760827128
567,f5ab7c6f50054b99a700b79eceb4e1d3,747,90,5,2,2,both_wrong,both_wrong,True,0.6129569493547276
568,8b8e05a339bf4071895fc5de4e097526,725,6,1,1,1,both_correct,both_correct,True,0.76574233177778
569,deebc808e91c4b8ca613de78eed1e420,725,33,24,26,12,both_wrong,both_wrong,False,0.35823969042341686
570,b967a2746db94a47b8ad39c00311145e,725,85,1,1,1,both_correct,both_correct,True,0.7802461047276785
571,c57da080d4c14486a4ae486fb07d6e60,725,85,1,1,1,both_correct,both_correct,True,0.7827733674378738
572,6626aba30ff24b838a52d54b1ab416ac,1036,40,42,42,10,both_wrong,both_wrong,False,0.23497229922891516
573,69a88466629d44ecbdd180f7bea15943,1036,40,44,44,7,both_wrong,both_wrong,False,0.23926745961925588
574,45ae39a731bf4e679aa6f852a21e2427,755,85,3,3,3,both_wrong,both_wrong,True,0.7305339043662066
575,64826cbcf7df48e9bc734f1c7e109a28,755,82,3,4,4,both_wrong,both_wrong,True,0.7855102409319891
576,a0b18b5719a04942a5391a44928743f5,755,82,4,4,4,both_wrong,both_wrong,True,0.7856785836654159
577,8e445d6e4cdc4d3a9d91b3730d100329,755,85,3,3,3,both_wrong,both_wrong,True,0.7286294470746866
578,5e20a74c7db14275a3226e22b97b0869,618,90,1,1,1,both_correct,both_correct,True,0.701544105765689
579,972621c719c04f17816ff2a76e62e8bd,618,89,1,1,1,both_correct,both_correct,True,0.6896738133986109
580,d67f2d31a583469599a0369e19a680c2,618,89,1,1,1,both_correct,both_correct,True,0.6949121207619011
581,f1830abaf6054ec8bd86f84a68c633f3,618,90,1,1,1,both_correct,both_correct,True,0.6971666930803517
582,9bc9f6cf5a604b59a8e8437595fa9ade,72,30,1,1,1,both_correct,both_correct,True,0.7041893126090111
583,df18ab73608a4791a3a35b59bf4ce03f,72,90,12,14,1,fixed,fixed,False,0.253587737906136
584,ab5bc899550a43e19b59b427d8704522,72,89,1,1,1,both_correct,both_correct,False,0.5099913683191355
585,beaff5015bc54314a86c6e3f8ea6d2d8,72,89,1,1,1,both_correct,both_correct,False,0.5024169474362046
586,d98f4a389a5849c2ba01bd1d2eaab911,72,90,15,18,2,both_wrong,both_wrong,False,0.2521088175316769
587,6b9b6ca6105342699ef0c88d3817bb99,1321,43,3,3,4,both_wrong,both_wrong,False,0.33192314025521563
588,617d468e9b854d6085ca6c2e3522c2f3,1321,90,2,5,6,both_wrong,both_wrong,False,0.3092378246655543
589,7efdf9796395421299f1797215bc71af,1321,43,3,3,4,both_wrong,both_wrong,False,0.334022837641075
594,77eadedac05640c0bc57ef3edf6202e2,1082,89,203,203,74,both_wrong,both_wrong,False,0.16708949279751706
595,493e395737d74896b0fb8b71d12cf516,1082,89,63,63,26,both_wrong,both_wrong,False,0.19123866843186066
596,05b6143329d745d291a78f33b6f47a74,1082,90,69,69,23,both_wrong,both_wrong,False,0.28457519742296566
597,abc26a23a9894ed0b34b28f161958470,1111,89,1,1,1,both_correct,both_correct,True,0.6990984649764891
598,c979bb0d68bd445da1068a92cdfde266,1111,89,1,1,1,both_correct,both_correct,True,0.7440631893951866
599,0894468af2bd4951aca015d4899733d2,1111,90,1,1,1,both_correct,both_correct,True,0.7385791291576769
600,b5b201f5d7644bb0b09c17b94600544a,624,51,1,1,1,both_correct,both_correct,True,0.7827895869817321
601,29702efc5f854a1ca8a7ef781704b004,624,12,1,1,1,both_correct,both_correct,True,0.7801540118068511
602,6110be7fff5e4d6487024d05eee01cbe,624,51,1,1,1,both_correct,both_correct,True,0.7896183830068518
603,ed0f76d7f8db4682984595e322fc06f4,52,73,1,1,1,both_correct,both_correct,True,0.8319960846471922
604,b73c1292f50e4ee19fbcd754df6f5ec6,52,73,1,1,1,both_correct,both_correct,True,0.8305250196564226
605,00fd07d04ef3441fa47961f52a59505f,1330,90,4,1,1,fixed,both_correct,True,0.602993956368945
606,68903bc2e5084cb1ba68e09e3203eb97,1330,89,9,10,1,fixed,fixed,False,0.3903142376092854
607,d81fb838bf134636970a283662ee74f2,1330,89,10,11,1,fixed,fixed,False,0.3888785946746428
608,57563a5399eb4ae28104ef0ef7723547,1330,90,678,678,529,both_wrong,both_wrong,False,0.3448069929008932
616,3b8fc5864110444f82e94f624b583ad2,1520,90,5,5,5,both_wrong,both_wrong,True,0.6122772179696152
617,a01e5fa4daf64f188c3f8cb2832efef8,1520,19,7,8,4,both_wrong,both_wrong,True,0.6862052712485314
618,23b465e68ad543cdb8adfb9ad4b88a34,1520,6,2,3,2,both_wrong,both_wrong,True,0.5302055968311121
619,6d310939d98947a3bd1019c12c60ccff,1520,90,6,6,4,both_wrong,both_wrong,True,0.5769777100975407
620,b3d7dfb199da48dda9e60ca74994ecbe,1486,72,1,1,1,both_correct,both_correct,True,0.8654279394678471
621,c7b08a2c35a94fddb2c8662bcde4e4ac,1486,72,1,1,1,both_correct,both_correct,True,0.7069041848698905
622,af282ecbbbd54aa3a4fa3391de07daa8,114,91,1,1,1,both_correct,both_correct,True,0.7816406170167272
623,e903072a8856472c84e71a4f70b87eaf,114,71,1,1,1,both_correct,both_correct,True,0.740653250503186
624,00c992c0c3ee49948906a09b6a1b7464,114,91,1,1,1,both_correct,both_correct,True,0.7714377329362239
625,e37b414ad9b244b79b2c7cbb2898329f,114,71,1,1,1,both_correct,both_correct,True,0.8096362748824922
626,87a71b2a0e8040c19b3f98ef27d99892,417,37,1,1,1,both_correct,both_correct,True,0.8908296675024858
627,098002fa8a7a48c9a085fb1b7607d8d6,417,37,1,1,1,both_correct,both_correct,True,0.8868596478033365
628,f19bb61bac5a48969a56bb29c46c5d16,141,23,1,1,1,both_correct,both_correct,True,0.8954631549739511
629,5590cb52bc7843348a8cf1f927761a9c,1435,33,2,8,1,fixed,fixed,True,0.5590537523204602
630,b11c9b1bd43042fd9f9a5900b197f27e,311,69,1,1,1,both_correct,both_correct,True,0.9068529743959073
631,6e8f4eb26c634eefa14cb6999147acc1,311,95,3,7,1,fixed,fixed,True,0.6272749391338541
632,644021f4d7414a32bdb5c15171f3505b,1462,26,1,1,1,both_correct,both_correct,False,0.4927096667283646
633,69d5f48e75124172b16a3f5aa1e19ca0,1462,26,1,1,1,both_correct,both_correct,False,0.4931035927296603
637,c2b3d726594b4dab92cb53db70713e9e,161,89,1,1,2,added,added,False,0.33981395935204717
638,8193d42b088b42e4a53a972478c6a49f,161,89,1,1,2,added,added,False,0.3479592840193654
639,282748f13fff45db9055463e6464232b,161,90,7,2,4,both_wrong,both_wrong,False,0.2927693466549294
640,64ab3201bfb641af9626ea80bf951966,83,59,1,1,1,both_correct,both_correct,True,0.9139045474670631
641,6e57af2f9c7c42f5b42f91ab16285b49,83,59,1,1,1,both_correct,both_correct,True,0.9091030538738292
642,004b6e6d393f4f0e9fab6d188be7ee26,83,22,1,1,1,both_correct,both_correct,True,0.7982718754212675
648,47c77cd2adfb4d73ad43178a15c42b84,613,19,1,1,1,both_correct,both_correct,True,0.9502833039524913
649,98389adb4425425f83dd216cd6460ff5,613,19,2,1,1,fixed,both_correct,True,0.806842845859026
650,984fb9577ae24e3faef299e22e6d72b5,938,7,1,1,1,both_correct,both_correct,True,0.7964566429117104
651,d1d9404ab1b844ef8942607dbea9c73e,938,7,1,1,1,both_correct,both_correct,True,0.7982656441633966
652,926cc6a1115b478eaef35d130d7df041,1453,86,1,1,1,both_correct,both_correct,True,0.8625853534867944
653,1a6c5ceeb2b8456bb973014c31018e1e,1453,86,1,1,1,both_correct,both_correct,True,0.8523125807221926
654,03d35a679cef478597ab1ec7e79ac982,626,62,7,12,9,both_wrong,both_wrong,False,0.3487792225112737
655,870473858051427e80b7dea17d7afc14,626,86,10,11,2,both_wrong,both_wrong,True,0.5430199580671395
656,a92e33e412e74fbd9f7c9b2eb6ffacc7,626,62,6,12,4,both_wrong,both_wrong,False,0.3398958609766253
657,df3b2a1623b140819eda66ca6cc33fc8,659,33,1,1,1,both_correct,both_correct,True,0.8412986276440522
658,75ce6b2fc517479d8e796a08f7572928,659,6,1,1,1,both_correct,both_correct,True,0.8363760160540701
659,afe4a587b8254ca7aeec75a82018a761,659,18,1,1,1,both_correct,both_correct,True,0.7862020821038118
660,f4638c8e71d142b89dc534b3fbd9e8f0,659,6,1,1,1,both_correct,both_correct,True,0.8347051997065245
661,b234965f288e4a22b034036c878f6d9d,239,61,1,1,1,both_correct,both_correct,True,0.8873210697364091
662,c0ee79a985254d399840d44eb8ab44aa,239,15,1,1,1,both_correct,both_correct,True,0.8870429788452563
663,b3d43096cdb84fdd90b2d05a587053c3,239,63,1,1,1,both_correct,both_correct,True,0.7674813846549783
664,962b87df7f814873b8de56b2506c5eb2,1089,77,3,3,3,both_wrong,both_wrong,True,0.8984357855205675
671,421bd880f6fc4bf6a89a0af307af332f,505,25,1,1,1,both_correct,both_correct,True,0.8704362607612199
672,81dd09af86384c11b1372423201c865c,505,7,1,1,1,both_correct,both_correct,True,0.8617621861541143
673,3bfa85fb1d6048b598b77828716da683,505,12,1,1,1,both_correct,both_correct,True,0.8751143947323254
674,8a92d08ffea540a39a2cf9113b6d476c,466,89,1,1,1,both_correct,both_correct,True,0.7027061859991175
675,047f8cff8dab4783b2f5f7022bc351dd,466,89,1,1,1,both_correct,both_correct,True,0.7060920646924861
676,6125ca0dd60445c5b9a0463d3fa8878e,466,90,5,11,6,both_wrong,both_wrong,False,0.2965699187280384
677,3e72d2dfa42d4eb5b5dcc787b70b5bd6,466,36,1,1,1,both_correct,both_correct,True,0.7212242167917484
678,e3d88d062fce451a9c45a0bd927d1ee1,466,36,1,1,1,both_correct,both_correct,True,0.7241405345391905
679,cae0768c2a654e479f4613cf9783212d,224,69,1,1,1,both_correct,both_correct,True,0.9456140922652406
680,aae1ddec128c4b6bad708752dc04d4d8,224,32,15,16,1,fixed,fixed,False,0.29009623760199377
681,5706b99226484eb19f5d7272a752ea68,421,36,2,2,1,fixed,fixed,True,0.6782008415574765
682,f5b6c063ea9c421fb8cee87547fcb976,421,19,1,1,1,both_correct,both_correct,True,0.9447701648450922
683,c6ca53c3d4e34fd2a616c16c1ef1b182,1247,2,1,1,2,added,added,False,0.3918751781347366
684,c77d866c9c3a4cb89218690c3d400473,1247,2,1,1,2,added,added,False,0.37532595464509033
685,3b256772905d497bbfd8c729c2d37120,1247,5,11,1,1,fixed,both_correct,False,0.2985949360741085
686,bed218a9271c41b3b045da7c0b859f3a,1247,5,8,1,1,fixed,both_correct,False,0.29636073367710614
690,3cbffed1f6bd46029b75810445118fab,1439,51,1,1,1,both_correct,both_correct,True,0.9019048387318954
691,cf4c3ecb4f9241688d5151fd08a6111b,1312,89,53,54,3,both_wrong,both_wrong,False,0.41105989518001596
692,37ec1fa9e640439f9f34cc09fc558c5e,1312,90,11,13,8,both_wrong,both_wrong,False,0.25169145110861635
693,de8fb249aa3942ed8d66a70c04db65a5,1312,89,5,8,3,both_wrong,both_wrong,False,0.3918640033184819
694,f17a4f074cc24fe3a5040143f7d44c2d,1047,33,2,2,1,fixed,fixed,True,0.7153857041957883
695,3dd440e24be74d4f950ca1340eb3f57f,1047,39,3,3,1,fixed,fixed,False,0.500918517957983
696,c1b0204895bc49b9867a29adae6eaaad,1047,39,3,3,1,fixed,fixed,False,0.49991302121804204
697,3422cf26af5543b5bfaefcf6c8cd70b3,1234,16,1,1,1,both_correct,both_correct,True,0.75417999467232
698,51a8a71921f14cf18e59801fc479c856,1234,94,1,1,1,both_correct,both_correct,True,0.7588731207212844
699,acfd1b686c8e40dbb0786cf427fcaa0e,1234,38,1,1,1,both_correct,both_correct,True,0.6237787720216332
700,b3265ee7dc60418dac76dc6743390743,1234,94,1,1,1,both_correct,both_correct,True,0.7510947069951246
701,55332f21864b46eca08c35ec5a6390d8,1234,38,1,1,1,both_correct,both_correct,True,0.6247963593333864
707,c6cafb737a154266a13157ea7acefe0a,1360,63,1,1,1,both_correct,both_correct,True,0.9574356551002353
708,2c30f3c3d2ad40978fd57bd7066479aa,1360,1,19,20,3,both_wrong,both_wrong,False,0.33059362197286646
716,1fe0870283284d8fa3a81d401440ba14,1473,43,1,1,1,both_correct,both_correct,True,0.6465016989530707
717,5abaef7c792f42daac2ee82796788564,1473,43,1,1,1,both_correct,both_correct,True,0.6180225470242106
718,e7cdd67312474f36bd0c7d31ab3e8a34,1415,87,1,1,1,both_correct,both_correct,False,0.5204302001066348
721,946112b62a4741b6a96ad68f31768be8,764,71,1,1,1,both_correct,both_correct,True,0.9423999349631269
722,2e372f399c824622b20528b660f6ca9f,764,11,13,15,1,fixed,fixed,False,0.36288314894549933
729,cf198c7e86d142208b0fbea6f2a8f15f,1074,68,1,1,1,both_correct,both_correct,True,0.7334116125710204
730,3f0d48269c78497da5efdfad403c7ef5,1074,13,37,37,5,both_wrong,both_wrong,False,0.3432144228227424
731,0e194a4676e24c6b997245fbbc4698be,1074,28,6,1,1,fixed,both_correct,True,0.6778262186922401
732,4dc0cb2511bf42f5834a7e85a01bee36,1074,13,35,35,5,both_wrong,both_wrong,False,0.33721306058909595
733,803fce3f9da344108ad9b073cbd8d62e,1074,68,1,1,1,both_correct,both_correct,True,0.7299630415932311
734,3b4c9a892f6e471e8fff61a2aef8d577,878,89,6,9,3,both_wrong,both_wrong,False,0.3833156350991176
735,7a398b6a2ae64a46a38a4a3c2f611158,878,90,1,1,1,both_correct,both_correct,False,0.23210131238647924
736,2acef0d6c96f4029bed4ee21b1557c45,878,90,4,7,1,fixed,fixed,False,0.21937638100744405
737,938055674a334b8f86650d5313b30b3d,111,90,1,1,1,both_correct,both_correct,True,0.7351453183267818
738,725a82ce9aee47c2bca5c2679ad15079,111,89,1,1,1,both_correct,both_correct,True,0.7236832030023408
739,c2acbd4ae8c64cd99d847e50e1f1a078,111,89,1,1,1,both_correct,both_correct,True,0.7337790016051429
740,f3ae1dd3ae1945269c099a3f3cc043c5,707,86,13,16,13,both_wrong,both_wrong,False,0.30548642951316896
741,385140e7679d427293393f7639a01826,707,86,23,24,15,both_wrong,both_wrong,False,0.30339939702668983
742,32b564f3f00c4c7888f60e0c129c624d,707,48,26,30,19,both_wrong,both_wrong,False,0.4491304819270414
743,3f797b9a82194f82842ebc2b40e8d32d,1530,42,7,9,2,both_wrong,both_wrong,True,0.7353461721496833
744,2a819a5dd71545a3974a5e6b54cd4238,1530,42,3,5,2,both_wrong,both_wrong,True,0.7356695517598506
745,f82f308b9a47413e8347b85b78862bd4,994,90,370,371,385,both_wrong,both_wrong,False,0.3997476644339183
749,9fe4c9061cd64cf199d03d7a0ae4b325,455,82,1,1,1,both_correct,both_correct,True,0.9190642842787211
750,3eb16aaa29f043c08ae5b54dee7d9725,455,19,1,1,1,both_correct,both_correct,True,0.680219653286415
751,55b72c44a0c1402b874bf14a8b2d5676,455,82,1,1,1,both_correct,both_correct,True,0.9203204092311964
752,0fbdcadb4f4a4d3587e409bcceee1035,455,19,1,1,1,both_correct,both_correct,True,0.684595352223931
753,f92fcbaa3ac6432e995227e0bb3b02dc,583,59,1,1,1,both_correct,both_correct,True,0.5617157566115444
754,f25206771a6348489939c8fdb5fa06a9,583,42,1,1,1,both_correct,both_correct,True,0.9115988518446653
755,8053e22138a847e49385c3ee4f72fedf,583,86,1,1,1,both_correct,both_correct,True,0.826253392234664
756,c7213a7e7ad94e7e87ce7a222dd292eb,1344,82,32,32,7,both_wrong,both_wrong,False,0.17881753859051508
757,6a38f391972642bfabd41c2fa039c452,1344,82,19,19,4,both_wrong,both_wrong,False,0.18350736306625537
758,9a4fe29c386f4204bedafda0f87b510b,1344,15,26,26,7,both_wrong,both_wrong,False,0.323902205166569
759,559e9f3fa3934a2192918791215ac6ee,1344,15,11,11,6,both_wrong,both_wrong,False,0.2964480050726034
764,14eadbc34ef14f938c5141fb4b69fff8,1336,22,1,1,1,both_correct,both_correct,True,0.737723392558253
765,a268f35c64c24124b6100a07ea4c881c,1336,16,1,1,1,both_correct,both_correct,True,0.9596331878610885
766,45b83e7ee23645f589a9736fcadb5761,1136,90,2,1,2,both_wrong,added,True,0.6395582124485462
767,29aac2c6e4eb47fe99d4a5a26e1cdb87,1136,89,1,1,1,both_correct,both_correct,False,0.35809978718683233
768,770d98e9eadd458896684fd85b48d321,1136,89,1,1,1,both_correct,both_correct,False,0.35517034021983207
774,2d40645ef3a94e0685962040b3fb034f,1068,86,4,2,2,both_wrong,both_wrong,False,0.2906911274483156
775,7e6074c65d094a37a9f288f7c564bbf0,1068,37,1,1,1,both_correct,both_correct,True,0.7516540303569177
776,084d643500894521aa433e284faf358f,1068,86,1,1,1,both_correct,both_correct,True,0.9318888297895846
777,8dd233781db64f06aa5997b50feb6b52,1068,37,59,3,1,fixed,fixed,False,0.268853632588514
778,8c871dad1fc74d45a18aed861fae5443,1280,89,1,2,1,both_correct,fixed,False,0.2787764077128386
779,c404defce42d4590ba091e82245aa373,1280,89,3,3,1,fixed,fixed,False,0.27644720886967666
780,7006411be2444d4ba109a39cf4e72bca,1161,90,67,69,7,both_wrong,both_wrong,True,0.7401733142361135
781,b6875a81ea6d44208e20ac18a59a583d,1161,90,88,89,14,both_wrong,both_wrong,True,0.7274299122057704
782,1200dac370314a6eb92aba592719d99f,1161,89,31,31,6,both_wrong,both_wrong,True,0.6915707864281166
783,d55f5fe98b2a42e2b6db574fa44a2965,1161,89,24,24,6,both_wrong,both_wrong,True,0.6772080299784787
784,bbea84982a8748239626c8252ba2812a,810,42,1,1,1,both_correct,both_correct,True,0.8809131373702185
785,3cc1024774c44fbb9194f514d4e21e8e,810,68,1,1,1,both_correct,both_correct,True,0.760228035928556
786,e8ab79e0a0e94ca79a93d6af6dad3288,810,73,1,1,1,both_correct,both_correct,True,0.7359454408577357
787,326ba7149c464bcaa85e9bdac9699e23,810,73,1,1,1,both_correct,both_correct,True,0.7615677602112576
788,2ae177de490f4ecbadeada039450ff10,20,68,1,1,1,both_correct,both_correct,True,0.8228404727919598
789,93f1b02d2bd54b3290441657e4243672,20,68,1,1,1,both_correct,both_correct,True,0.8163586691409503
790,983a43e230284de68c6bc88b84dcb0b5,20,77,1,1,1,both_correct,both_correct,True,0.8828542267972829
791,85bbb0285ec64d8b91767f684000f92f,20,77,1,1,1,both_correct,both_correct,True,0.8145468133668312
792,6e6cf2189f2049458f2efde932952254,1115,6,1,1,1,both_correct,both_correct,True,0.9147278139849585
793,2829b88b9cc34ba48818b26cc674b945,1055,20,1,1,1,both_correct,both_correct,True,0.9418416825294225
794,c8f1e0c4cd7549af95d5fdcf5392271d,1055,82,1,1,1,both_correct,both_correct,True,0.9383648705865577
795,9ba9381e6f74497080d516f6238c3a01,1055,82,1,1,1,both_correct,both_correct,True,0.9448453954800217
796,d4418475373b49078962bd9fa1faee39,1055,85,1,1,1,both_correct,both_correct,True,0.7648549044484345
797,e6310018ef464cf79bb73c6c65b4324e,570,54,132,133,7,both_wrong,both_wrong,False,0.38422987071537806
798,b9b7ba3d25d040169f317da7881efd9a,570,89,2,2,2,both_wrong,both_wrong,True,0.8143253507994888
799,5660399177b94709beb9d60bb6c9ccef,570,27,1,1,1,both_correct,both_correct,True,0.8135351013385681
800,bb700421b28846d6ae59acfe5bab5133,570,54,106,107,8,both_wrong,both_wrong,False,0.38659624790905944
810,c0537fb1c2ab44b29d7060a586b1b6e9,1265,13,1,1,1,both_correct,both_correct,False,0.4911340971003719
811,2058e2bddcba4859b37fb1ec725290f0,1265,48,1,1,1,both_correct,both_correct,True,0.9139460500892701
812,7db8de4eb7524316ba9123001a7d8542,1265,48,1,1,1,both_correct,both_correct,True,0.9190054298440573
813,6f0ab3990b204af9b25f4b03059d268a,1339,19,3,3,2,both_wrong,both_wrong,True,0.7288752637340697
814,c6cba89f878247b1b57ffdb97a807dda,1339,6,4,5,2,both_wrong,both_wrong,True,0.6991318268812249
815,608ad2f895774fe48bc3fd398e3beb5c,1339,6,3,5,2,both_wrong,both_wrong,True,0.69400753839011
816,e2e37fe3b48d4ad398912c5679f75e45,1204,90,244,244,142,both_wrong,both_wrong,True,0.9893406672042925
817,6eddd7c5f67d45e2bed3d9cf25ba2793,1204,90,3,4,4,both_wrong,both_wrong,True,0.7056751401972825
818,082c884ac15d4e53aaf330666b5f2de9,1204,43,1,1,1,both_correct,both_correct,False,0.2514253146957719
819,e2c359e3467e466bba59de357c5054a6,1204,43,1,1,1,both_correct,both_correct,False,0.24520779315348695
823,74b157a2b19c4b86b9e16068ff49685d,60,81,1,1,1,both_correct,both_correct,True,0.9038578617493926
824,b24b44fd5f12417cb801526b28476b20,60,54,9,11,1,fixed,fixed,True,0.7165661886416421
825,cc9acf18a83d4dc29900bc0b1aa98474,60,81,1,1,1,both_correct,both_correct,True,0.8867320637246079
826,209dd81a54984565ac90e0934f22831e,1244,12,1,1,1,both_correct,both_correct,True,0.9152923805698542
827,23cdad4e19934a10a7d0a231af9d2eee,1244,51,1,1,1,both_correct,both_correct,True,0.9186745447320331
828,47a4d333f248429a8b4b7bbd2d812a41,1113,71,1,1,1,both_correct,both_correct,True,0.8412693294341224
829,5593d56323674f75a74b1314cbb56849,1113,69,1,1,1,both_correct,both_correct,True,0.8418449453159127
830,1b8f6649ae4a4dd1b3544c9657000631,1113,71,1,1,1,both_correct,both_correct,True,0.837561135788164
831,31a16fe088b847678d1f99cc68869daa,1113,69,1,1,1,both_correct,both_correct,True,0.8444792184795251
832,734d77c711414df19b27de7a81627789,1012,89,65,67,23,both_wrong,both_wrong,False,0.17922202300854562
833,ba16eca1d8904d698b6adf9e5e9fff24,1012,90,23,27,9,both_wrong,both_wrong,False,0.5048209733560353
834,c96505f7ed6f416494271e7716a303c4,1012,89,114,116,12,both_wrong,both_wrong,False,0.19358578011982275
835,af276674a347419e97d484612958e55d,1012,90,176,176,337,both_wrong,both_wrong,False,0.4805285186837118
838,40f647824fdf4d63a0e99771bc6104bf,334,50,1,1,1,both_correct,both_correct,True,0.859188583310459
839,b356bdc288d949b4986869798d2e104d,334,5,6,7,1,fixed,fixed,False,0.32185435216588565
840,2a08e74ace18489c9434a4302ce03cc9,334,5,2,4,1,fixed,fixed,False,0.32936881924570827
841,5d3353ebf4a14446816af81439de0bff,334,50,1,1,1,both_correct,both_correct,True,0.8556544445745783
842,a2107654dbde4ba1925ae59de91e5c33,1394,95,8,1,1,fixed,both_correct,True,0.687551282127089
843,521d3db36ea54369aabd733aa6f95273,1394,69,1,1,1,both_correct,both_correct,True,0.8972628512525962
844,dccc44fd35134284955548894c11fc0e,1394,46,1,1,1,both_correct,both_correct,True,0.8737668807622736
845,7d30cdf6f6f24ac5b1cf17cb97d8b60b,1394,46,1,1,1,both_correct,both_correct,True,0.9153557481359598
846,aa01eb9ae20e4887a620ad80ed7b2407,1013,90,1,1,1,both_correct,both_correct,True,0.7721323678682862
847,8f9c1e9624924392ad8e0e2f1fa0b467,1013,36,1,1,1,both_correct,both_correct,True,0.8017405819611663
848,b36b487dd1944c809c692bc412d39f9e,1013,90,1,1,1,both_correct,both_correct,True,0.7824147097602496
849,04a8c3aebab44740aa26887c12d8696c,126,24,1,1,1,both_correct,both_correct,True,0.8941036923821714
850,b13293deffa34a49be0e31ba587f335f,126,24,1,1,1,both_correct,both_correct,True,0.8151156981350096
851,4b74f50ab18140b692bed5e78ba097bf,126,12,1,1,1,both_correct,both_correct,True,0.8447160894676063
852,c8a62205711d49e194279396d123ad08,126,12,1,1,1,both_correct,both_correct,True,0.8389031526373313
853,b2ed4bf52d3c4ae9b3a273cd95fefffb,603,59,3,3,1,fixed,fixed,True,0.7512041722337581
854,8407ccb6229b4358aa241b2c2a2e9f73,603,71,1,2,1,both_correct,fixed,True,0.7497780646768559
855,d044ece4e13d46cdabde47c19adf6b60,603,59,3,3,1,fixed,fixed,True,0.7485421284123285
856,5cc28a2bb7234bbf8f5bf9c0a25e20fb,603,71,1,2,1,both_correct,fixed,True,0.7616157403824737
857,3151a28bad064f78850438426b2a9b00,655,12,16,16,3,both_wrong,both_wrong,True,0.5951347144692343
858,e4ed38ea65074afd9168eb0f0f57bf59,655,51,3,6,1,fixed,fixed,True,0.5576320600025484
859,e71921d0361346dcbcb4ba11f449686b,1405,90,1,1,1,both_correct,both_correct,True,0.8090678959471543
860,f1887418fda04dbca9f8c461e8e2d648,1405,90,1,1,1,both_correct,both_correct,True,0.803843640335864
861,01c6654b1e854717a12be47934bf382c,1405,6,1,1,1,both_correct,both_correct,True,0.8243376217023524
862,ed0c9759342b41bdad7e23b03df71dee,326,23,2,2,1,fixed,fixed,False,0.21352112371010223
863,d286ae15a8a14773b266df803eec4b51,326,23,1,2,2,added,both_wrong,False,0.22871201803643026
864,b3cfbca2a88d45058aa2869759815311,326,17,1,1,1,both_correct,both_correct,True,0.6345345055226512
865,ede0e202609941a7a20d43c9aecb249b,326,19,1,1,1,both_correct,both_correct,True,0.6602034538742219
866,7203728a5d1046b58ab33c05b8d52645,326,19,1,1,1,both_correct,both_correct,True,0.6645352766101685
867,e7b43fb77ad2422e84575091fe4fa03a,476,6,1,1,1,both_correct,both_correct,True,0.8440045072228649
868,ac7ec5fd781b44f684d01a8c65409c28,476,33,1,1,1,both_correct,both_correct,True,0.8482158751769453
869,398e95d35c90494aa3a6f554319212f4,1349,82,2,1,1,fixed,both_correct,True,0.6024326682370711
870,cfd1ebe352d7437ea851f843f65cef89,1349,82,5,2,1,fixed,fixed,True,0.5937053895761609
871,6399ebe41f1949ecaea14c03dc0b074d,1130,17,9,12,13,both_wrong,both_wrong,False,0.30546978912219314
872,9f47b315fc634a379af34290ceb6e2c2,1130,7,5,3,9,both_wrong,both_wrong,False,0.5196557793789105
873,effe45a7d40b41ff919ede5f5cf06976,1392,89,7,8,1,fixed,fixed,False,0.32149874705042836
874,c311d055b9b04bee8a558ddaa9b04b0f,1392,39,1,1,1,both_correct,both_correct,True,0.7825209108332621
875,c23eec1e87a94fb1a93a938cf5fd83af,1392,59,1,1,1,both_correct,both_correct,True,0.9477336639837842
876,d2ef91c239b642da91bd037587ad2084,281,1,1,1,1,both_correct,both_correct,True,0.830363699535402
877,64e3ec9a117f49c2b212bb2b521a37d8,281,1,1,1,1,both_correct,both_correct,True,0.8313468424810546
878,b6f62ac20fb84d61b49eb9ac897e4a42,301,81,1,1,1,both_correct,both_correct,True,0.9221240702424418
879,f1f0780fa5c04460827a58352ed149fd,301,81,1,1,1,both_correct,both_correct,True,0.9265752176669226
880,5c2cd07209744d4dae9784e5b1b87be2,1212,90,1,1,1,both_correct,both_correct,True,0.6591589150373883
881,0380d44a9aa44f9a9bfa8b50764adf32,1212,90,1,1,1,both_correct,both_correct,True,0.6621464348482373
882,919f3f096eb545b18b78bb798cbc9817,1212,89,1,1,1,both_correct,both_correct,True,0.6623260441401218
883,6be74ea8ca3c46f68a9067ff1d2fe02f,1212,89,1,1,1,both_correct,both_correct,True,0.6622345689296772
884,54986e13e7b541d88db53d84c6cc9199,250,90,25,28,5,both_wrong,both_wrong,True,0.7123931948460849
885,52acf6c8c9884a08a8df980e050fbc2d,250,90,22,26,5,both_wrong,both_wrong,True,0.7111000271560133
886,d48c3e5a9fa84229ae50ac91920596b9,250,89,9,9,5,both_wrong,both_wrong,True,0.8378244661135924
887,dc0670e8a5414e07b79b82b0e0770095,250,89,24,26,11,both_wrong,both_wrong,True,0.8205390475312939
888,ca9a1bbd019543d78df34a79604f217d,572,31,1,1,1,both_correct,both_correct,True,0.6842376523612741
889,71e0958864f24e1c95347bbb564169c9,572,38,1,1,1,both_correct,both_correct,True,0.6834957380905297
890,eb9c453b5905472290bdacde4ad80a90,572,38,1,1,1,both_correct,both_correct,True,0.679978207459834
891,44fa99cae3a84fffa87db35a4cf954a6,572,32,1,1,1,both_correct,both_correct,False,0.5149608741024336
892,06551eea52be4875ad3c62db73ba5422,572,31,1,1,1,both_correct,both_correct,True,0.6755797077073427
893,10a68513457c44eba4d8d429e31d564f,288,26,1,1,1,both_correct,both_correct,True,0.6388330050838236
894,7146d821a32f43ca8de108daacb38c15,288,41,1,1,1,both_correct,both_correct,True,0.6362831781305807
895,b67042ce44204e3fb62a9960d4bbfe82,288,41,1,1,1,both_correct,both_correct,True,0.6382484021140588
896,2224d1d297f8401ca65824ab7546ba32,288,26,1,1,1,both_correct,both_correct,True,0.6402187397657068
906,69b952becc544233a68a9f5570668fb6,784,44,1,1,1,both_correct,both_correct,True,0.8066925446837181
907,eae412f15b644430ad0822f57b6b740a,784,44,1,1,1,both_correct,both_correct,True,0.8073719507409906
908,ae2bbada74a24390b2273984123f686e,784,61,1,1,1,both_correct,both_correct,True,0.8112950779652128
909,d80c87bb0ac840f2bf239c0d4c7bf735,784,61,1,1,1,both_correct,both_correct,True,0.8096455915840967
915,dd3a9a15a8af484b989cb4e0969685fc,1000,56,3,8,2,both_wrong,both_wrong,False,0.48269429904506167
916,4682916c775448228e5a8b6fa9e19c7e,1000,71,1,1,1,both_correct,both_correct,True,0.9218398226012215
917,6a05d893d4f546059d51e797645eae84,1000,90,3,5,1,fixed,fixed,False,0.45255230650272094
918,1d3e3dab10c14357b4d8a26d49acdb7b,548,43,1,1,1,both_correct,both_correct,True,0.7821207274538924
919,d0a6f5748e354e58a902ba3da422cd8e,548,43,4,1,1,fixed,both_correct,True,0.7559375101090604
920,d49f5c6525a44b72aff06aaa48273b83,1059,79,1,1,1,both_correct,both_correct,True,0.7901130187767488
921,2796ae66b6f84d25afb29f9fad5ee674,1059,73,1,1,1,both_correct,both_correct,True,0.7738847381999683
922,9cb12fe2012c47db9a01b8ad2bcc3df3,1059,79,1,1,1,both_correct,both_correct,True,0.7894276834468053
923,31a57c70b4324eb6ade009aa581bc6b4,723,82,1,1,1,both_correct,both_correct,True,0.6926651972937448
924,19161668b22441628c3c262fd9338e40,723,85,1,1,1,both_correct,both_correct,True,0.6947628921203229
925,1ca176b525854e2dbd619401215aa27c,723,85,1,1,1,both_correct,both_correct,True,0.6977031893475069
926,de0ae8ae65314226a8f71153b2c5bfd4,305,32,1,1,1,both_correct,both_correct,True,0.7245756405687789
927,e306239b44c444209d1d14befe9d5d44,305,94,1,1,1,both_correct,both_correct,True,0.7178830492841123
928,89bc69f850fd4a06b6bcdb4cec53de8a,305,32,1,1,1,both_correct,both_correct,True,0.7243679634034222
929,c5e251f7ea2c410891e47b4fdffa44bd,305,94,18,1,1,fixed,both_correct,False,0.2917445726139405
930,6732c1735d054905bb2fe07272a7bfa4,846,6,6,6,5,both_wrong,both_wrong,False,0.285023461999912
931,b6afd67d30db449786b33b6e51874d4d,846,19,6,8,8,both_wrong,both_wrong,True,0.7092905423311537
932,d22aa0415f5f4a94b0150765e591aacd,846,19,6,8,8,both_wrong,both_wrong,True,0.7080801053580094
933,7c644d9e3d4a448d874916a942c4576a,846,6,2,2,5,both_wrong,both_wrong,False,0.28982196332021914
934,773f9cc483964b7bbe7cbb50bacf981d,519,86,7,7,6,both_wrong,both_wrong,True,0.5282812306342437
935,c51bab7de421417e928c144fd438181a,519,24,45,45,12,both_wrong,both_wrong,True,0.8857393645072867
936,21b6fb5a068a4b6c962c13715a451e12,142,12,1,1,1,both_correct,both_correct,True,0.8852837732109915
937,2999ae8e23bc4019995583daf6b1df92,142,51,1,1,1,both_correct,both_correct,True,0.887143153340891
938,275af6ee8dc24c4eac42c102d1d76333,677,43,5,7,1,fixed,fixed,False,0.30148325082765903
939,d82b04799e9b4a40b497907daf81f1a1,677,89,2,2,1,fixed,fixed,False,0.4807208871401286
940,c8e943848ff447378bf03f0d1b5b5d39,594,15,2,2,1,fixed,fixed,True,0.8678954050427512
941,787a30624e694ecab6f1608d61dfb26a,594,15,2,2,1,fixed,fixed,True,0.8627381739314213
942,6fc6ab8b18934e85b13b63c53fc86b92,594,95,2,2,1,fixed,fixed,True,0.8625968866195215
943,7e6033a266ce48ad86c24459ee9f361d,824,33,1,1,2,added,added,True,0.8664953516999669
944,0429e2b4be4a4abf9ddc5391c6621fa6,824,83,1,1,1,both_correct,both_correct,True,0.8572401151938984
945,674f83e8d78b4f7ba93f45622f350bfd,824,33,3,1,2,both_wrong,added,True,0.7040148940337572
946,482715ed41e944268307bd7b61de2ae5,1419,77,2,2,1,fixed,fixed,False,0.2027126851995883
947,0fea1dd956c943839ddf494ba90a8c6e,1419,77,2,2,2,both_wrong,both_wrong,False,0.20426514695284492
948,899a0201f83e42d1b8fda094c425ad2b,1419,68,2,3,3,both_wrong,both_wrong,False,0.2590817844923978
949,ef08950516404551bdfc1e1f9c929e7b,1419,68,2,3,3,both_wrong,both_wrong,False,0.25581157447375047
950,954ef59f5884471db82b802e9e79f1ac,1386,90,25,25,10,both_wrong,both_wrong,True,0.7036663961027666
951,d8fe665d2fbb4eafbab6e196fc1722d8,1386,89,12,12,2,both_wrong,both_wrong,False,0.13380815269521995
952,682cb161b93f466383ae9f1cb77ffe21,1386,90,22,22,11,both_wrong,both_wrong,True,0.7023151637352714
953,4c94a3ce723d45a890d81f2b325fdeb7,1386,89,14,14,2,both_wrong,both_wrong,False,0.14022350561233377
954,2ad0af9968b443c49e0f082780ed02f6,1072,36,1,1,1,both_correct,both_correct,True,0.921915438907302
955,9c377baf28174f949fa4caa5c386f062,1072,28,2,6,1,fixed,fixed,False,0.381577205270649
956,9d4e7b2b50ab448ba4962539a47201b0,1072,77,1,1,1,both_correct,both_correct,True,0.926999145903242
957,c1b08442c9224e62bc621af06c5cc25c,1107,45,2,1,5,both_wrong,added,False,0.2892759267077113
958,10883faab208465eb8b7b9d452559998,976,25,1,1,1,both_correct,both_correct,True,0.738119386378734
959,322d0bb431bf4696b1948b6b588d1c57,976,25,1,1,1,both_correct,both_correct,True,0.7422645970686255
960,33cdf405a85142d29b8db4f3ee47842d,781,18,1,1,1,both_correct,both_correct,True,0.7952358085634481
961,c5c08b94d6cf446281db648048d4ec9b,781,54,26,26,7,both_wrong,both_wrong,False,0.11510946449395776
962,8ce533e3abe74cba8d718be1d30b7e80,781,18,1,1,1,both_correct,both_correct,True,0.8011062440555032
963,6b4cb2406ce74f808723cfff67cb5ff1,781,54,10,10,3,both_wrong,both_wrong,False,0.14006778861319513
964,3a392f35fe0048b197671e1a20bfc655,1267,6,20,20,4,both_wrong,both_wrong,True,0.7846622506088723
965,7133a5b4620347689012d43c9c56eb42,1267,33,10,11,6,both_wrong,both_wrong,True,0.8301407128463585
966,1276afacfe2e44f0a511fe5e824ee43b,1267,6,19,19,4,both_wrong,both_wrong,True,0.7927920954220942
971,80354c95403c4f88a2249dea5f330a06,750,6,1,1,1,both_correct,both_correct,True,0.7574014479692758
972,3c3022f7cea84b74ac4e085a37f2b4a3,750,33,4,1,1,fixed,both_correct,False,0.3058541316137907
973,e9d1e0320e1342be907f67b780e2d982,750,6,1,1,1,both_correct,both_correct,True,0.7589082814248882
974,85f870a0467c4601b25ced37f42f3fce,750,33,6,1,1,fixed,both_correct,False,0.24449468442302735
975,f7ce477882914a91be3f5286433d6ec9,260,33,1,1,1,both_correct,both_correct,True,0.5709546224818374
976,9bf48a6ca5154f47a24a3fa17b4ebd84,260,6,1,1,1,both_correct,both_correct,True,0.5409587537603577
977,80a4f41e8cae45d69b34edeaccdd8959,260,33,1,1,1,both_correct,both_correct,True,0.5585020596327468
978,e8b4470dce804585b82f250df47401e3,260,6,1,1,1,both_correct,both_correct,True,0.5428644808985681
979,9502893af7fe45d8913d5effa606047c,666,71,1,1,1,both_correct,both_correct,True,0.9268084781563299
980,f273952ff6ab48af86db4c1e3a4efc6a,283,62,1,1,2,added,added,False,0.49279258990053987
981,1107f5e30e3b479d84d08d6a8a782661,283,62,1,1,2,added,added,False,0.49314498851185495
982,c040a8736b054a899b798110deb3a894,283,82,3,4,2,both_wrong,both_wrong,True,0.7296938767966381
983,0a45e5d1cf2c4b3ea06484b079748c2d,916,46,1,1,1,both_correct,both_correct,True,0.7230258194366098
984,a087e766a81c463eb9f7a626f25c1482,916,46,1,1,1,both_correct,both_correct,True,0.7168796943025465
985,cd9ab16764cf4de1a2502d85d45a6d7b,916,32,1,1,1,both_correct,both_correct,True,0.7231944310312927
986,8b7c85a5f58445a1b955d6c2f82a2767,916,32,1,1,1,both_correct,both_correct,True,0.718576977315732
987,a1831181ebca44eab48c0481943bfd2e,795,1,1,1,1,both_correct,both_correct,True,0.7207964757358316
988,e50f5c812ac04b5f8c1adadce1d5ea0e,795,12,1,1,1,both_correct,both_correct,True,0.5408981740387644
989,68d80249e29d471ba7bcf43459a12842,795,65,1,1,1,both_correct,both_correct,True,0.9446002424406397
990,a1f2d1a9b4d84e719b76c30480afbf84,675,89,1,1,1,both_correct,both_correct,True,0.8109924197502892
991,a42d0525beeb4a4b94263122f99ba83c,675,89,1,1,1,both_correct,both_correct,True,0.8025785722241572
992,2d7c04c433ed41f4a31b5558a85a0778,1377,6,1,1,1,both_correct,both_correct,True,0.774636842830027
993,bc68e824cdbd4ea78623b86af31e9ed0,1377,6,1,1,1,both_correct,both_correct,True,0.7704052683076041
994,0b68e072890f494091415951c2cdbb69,1002,43,2,1,1,fixed,both_correct,True,0.5816524896214906
995,ed97d100eb29408da1785f0958c4360f,1002,90,1,1,1,both_correct,both_correct,True,0.5989947909038479
996,6d89d35573d541c7b539e4f25234ec37,1002,43,2,1,1,fixed,both_correct,True,0.5875390719545344
997,72fa81fa96104323a15fb17c172bcf8d,610,15,1,1,1,both_correct,both_correct,True,0.7432760837721443
998,5836865f9e27479cb02b99e694466e25,610,37,1,1,1,both_correct,both_correct,True,0.7381602500331155
999,aca83dd037494931b31937137529a91c,610,37,1,1,1,both_correct,both_correct,True,0.74593535474821
1002,e3e4c4c5919047eca2b3a89f53b3659f,407,43,11,15,1,fixed,fixed,False,0.3802512163736592
1003,948e670a173e4428ac2abf92ebed643f,489,68,2,1,2,both_wrong,added,True,0.7989942971728662
1004,7aa2d198b2734ec4b756cf80e6826bfa,489,68,2,1,2,both_wrong,added,True,0.7964745818792993
1005,436e1613137945b4bc3b94083b7592ea,489,13,1,1,1,both_correct,both_correct,False,0.38861252534012536
1006,ef6c76a8a7564d4daa03b059c02cb6ad,197,61,423,423,127,both_wrong,both_wrong,False,0.4596436685072911
1007,ff38d26dad90464880054814965e5f6f,1443,87,1,1,1,both_correct,both_correct,True,0.6646987045740842
1008,b565c956a1e5467098fd355dc934bb83,1443,7,1,1,1,both_correct,both_correct,True,0.6683523013902524
1009,0e347938b23f44359356cb5ec6411eb0,14,90,1,1,1,both_correct,both_correct,True,0.8110753089550233
1010,d1116dad33cd491bbf95bd219e543229,14,90,1,1,1,both_correct,both_correct,True,0.8214284096656583
1014,920227d8d0b74048ab550134dfa00e69,1183,91,1,1,1,both_correct,both_correct,True,0.743620090374021
1015,114af2a0ee4342e28216f009fc78e9f4,1183,54,1,1,1,both_correct,both_correct,True,0.8257297835148745
1016,bdd3a7a85083497c896986c24551584b,1183,61,1,1,1,both_correct,both_correct,True,0.8046994959602197
1017,248667deaa1a4a4f84b26f2165ea193d,1183,91,1,1,1,both_correct,both_correct,True,0.7459463335565544
1018,6841f7f5241940cfaf8f8f801d4e2b5c,1183,61,1,1,1,both_correct,both_correct,True,0.8092870881741534
1021,e44f99fffece413493fc3e700f6d7fad,304,90,1,1,1,both_correct,both_correct,True,0.8626419453261517
1022,63c82e659fc047218ee4fdfbcaa0c0ec,304,90,1,1,1,both_correct,both_correct,True,0.8651504645420534
1023,8274a785a3fa445fa4b0cd9ac6b45e01,304,43,1,1,1,both_correct,both_correct,True,0.8674237530161585
1024,d30270d862d0457a995b352f49081a78,1104,90,1,1,1,both_correct,both_correct,True,0.9193557546144766
1025,db427418a2984d07b9fc1c73468acecd,1104,43,1,1,1,both_correct,both_correct,True,0.6676930459971474
1029,8aee74fb4a3e44719132c0aac68b6c31,190,94,1,1,1,both_correct,both_correct,True,0.9421824221857732
1030,ddf7f91813ff4b24aca7b8665fadbb19,190,94,1,1,1,both_correct,both_correct,True,0.9430011095406952
1031,bed6fa25773e4ce7954e9458e63a9c0e,525,33,2,1,1,fixed,both_correct,True,0.7138814629611024
1032,fd533b4d2a824d99915e2405b7659939,525,33,1,1,1,both_correct,both_correct,True,0.7176802739876423
1033,7f14a57f07b546c4a4a6cd5dc687eb2e,1356,71,3,1,1,fixed,both_correct,True,0.5444602392618316
1034,cfb020f205704e25b6e6b1b81d67ab31,1356,94,1,1,1,both_correct,both_correct,True,0.9502903656363678
1035,48f7ccb3042c478982dac21264b55863,211,86,1,1,1,both_correct,both_correct,True,0.9273461082058979
1036,78efbb7c18d74ee1a155cc3cdb1b53fd,211,37,1,1,1,both_correct,both_correct,True,0.7480700552544042
1037,4d186bdbc29b4de5a790160e53ccd1f0,211,37,1,1,1,both_correct,both_correct,True,0.7382341364398088
1038,0bf91dc1a7cd4cd88488209466b6b915,364,43,1,1,1,both_correct,both_correct,True,0.8877087674950586
1039,fcf5128bd50e49b2986108855ca4b37e,1319,27,1,1,1,both_correct,both_correct,True,0.7888662049860681
1040,5f537f665b544cc98b003a3190bbd150,1319,91,1,1,1,both_correct,both_correct,True,0.7934236504677911
1046,e917d552a88b411787c33d3c7f2300ff,803,1,1,1,1,both_correct,both_correct,True,0.7728489391541054
1047,741cef9f2a9b49f686a6581832de15d3,803,12,2,2,2,both_wrong,both_wrong,True,0.671452149508742
1052,84a0aa549452410484f0a079400c70a7,752,89,1,1,1,both_correct,both_correct,True,0.7619383095358856
1053,5283e4ec2d5544b187ce77cfbdb0fe33,752,89,1,1,1,both_correct,both_correct,True,0.7474398074427846
1054,d8c6d4777d7c4c6e91b945ce2ffab9cb,752,90,1,1,1,both_correct,both_correct,True,0.7402770977432088
1055,9ccfc5c4cf874775b4feb7816f93f4b4,754,82,7,8,5,both_wrong,both_wrong,False,0.21066115654609208
1056,fc202621649c44619e22dc6f2f969e68,754,82,12,13,5,both_wrong,both_wrong,False,0.21423215123351502
1057,81bf7f7f25974b92a4bcc5e0935c0dac,307,94,1,1,1,both_correct,both_correct,True,0.7094008553134852
1058,2931c3afb1c94b8490215aefa353e4c6,307,12,1,1,1,both_correct,both_correct,True,0.7187264050517712
1059,979e79df235845b5a3353674ebe71b43,307,12,1,1,1,both_correct,both_correct,True,0.7180937607565945
1060,024fe7192186464684751b6725cbc70d,307,94,1,1,1,both_correct,both_correct,True,0.7129136893464387
1061,a71bd836951d4ba9abc37c8e3ec4df28,1409,39,1,2,1,both_correct,fixed,True,0.7127427056022939
1062,a2dca75f78c94ca7bb021d41fa4a82f4,1409,39,2,2,1,fixed,fixed,True,0.7089364461256278
1063,e75d93d10da74da290dd3644c7344d39,69,90,1,1,1,both_correct,both_correct,True,0.7130477688126831
1064,c2be9163285b456ea354b769d6cc234f,69,43,1,1,1,both_correct,both_correct,True,0.7144191487907314
1065,969b0f68dda048aca50e5c0952fa45d3,69,43,1,1,1,both_correct,both_correct,True,0.6718470527770362
1066,8f1e19f4439f4e08bd734579c4289bc8,547,51,1,1,1,both_correct,both_correct,True,0.9109809663196553
1067,3c4226f364c445a68bf89a08b13e01cf,547,35,1,1,1,both_correct,both_correct,True,0.7650729677756245
1068,d8c99adf7920417d912efacc4f020cac,547,12,1,1,1,both_correct,both_correct,True,0.9048973131804492
1069,d139292a5af74f9db76c6ce0f0c58361,547,51,1,1,1,both_correct,both_correct,True,0.9094365344246268
1070,207361a2c1f84da6bb707498d3cc93f7,1173,6,10,10,1,fixed,fixed,False,0.13833153978753132
1071,d1a11296276d4214a97816993e23d866,1173,6,1,3,1,both_correct,fixed,False,0.16000685620501676
1072,5212502453f24bfdb3abac2d1d910624,499,51,1,1,1,both_correct,both_correct,True,0.7645448046929976
1073,b398f2bd7ca64b9cba37ac1902cf4aa4,499,12,1,1,1,both_correct,both_correct,True,0.9303616888423011
1074,6393f82566974dd0b8aeff6acc4dda4e,567,33,1,1,1,both_correct,both_correct,True,0.705506388660951
1075,c3dd45e54f6c484681f651fdcd008667,567,33,1,1,1,both_correct,both_correct,True,0.7090610318852295
1076,a491659dfa8241e8b5c9e78a519ea7b4,567,6,1,1,1,both_correct,both_correct,True,0.7073335515569569
1077,0ffa780bc5624a7b9c15a5f2635bfe9f,983,74,1,1,1,both_correct,both_correct,True,0.9230167895821427
1078,d33614c8e25b475880fb28c58d752100,983,33,1,1,1,both_correct,both_correct,True,0.7822125020258873
1080,31c69a4384bc4ab7888a886ffb4e5494,825,78,1,1,1,both_correct,both_correct,True,0.7563842124376235
1081,6b3a1cb221e7469693e9c0bc84ac432e,825,78,1,1,1,both_correct,both_correct,True,0.7609301152990757
1082,4ba80256d18f42c6ac8efc74051ac338,825,57,1,1,1,both_correct,both_correct,True,0.7714247981116448
1083,ee447b9d34c04f248380ba3ccdb73779,825,57,1,1,1,both_correct,both_correct,True,0.7676335520923936
1088,d867573834e94f0eab3bafbeae2643d6,461,39,6,8,7,both_wrong,both_wrong,False,0.3862689772081872
1089,bc7d1382eab34fafa896619f8f77944e,461,39,5,6,5,both_wrong,both_wrong,False,0.363729407113881
1090,bd4b6af09103451991375435ebec7468,461,21,1,1,1,both_correct,both_correct,True,0.9349698283128214
1091,ae323732a2ec457d82c66a2be0fd04f4,1281,89,1,2,2,added,both_wrong,False,0.4459058012888478
1092,b883db0a148947fbaddeddcd6134278f,1281,89,2,2,2,both_wrong,both_wrong,False,0.45830141557192317
1093,dfef730d7e704c20a7991ac62ada4e44,1281,90,1,1,1,both_correct,both_correct,False,0.38320891091598763
1094,f76c4b472b8f48cf875afda938d334d8,1281,90,1,1,1,both_correct,both_correct,False,0.3736611794885263
1095,113b3a688e3c46f7b6913914c155ee05,1230,89,1,1,1,both_correct,both_correct,True,0.8197642725603932
1096,295bbc49e5d34ee7b9a402e809b80fe5,1230,43,1,1,1,both_correct,both_correct,True,0.8475692240088778
1097,577af17411244daab773d62dafbbe902,1230,89,1,1,1,both_correct,both_correct,True,0.8239630714971037
1098,6224bf7de30c48adb485849589fa4d57,1230,90,1,1,1,both_correct,both_correct,True,0.8081958657726696
1099,99ca18be71514f2f8c8f61cefb31acd2,112,24,1,1,1,both_correct,both_correct,True,0.7287715188801958
1100,41a228efcd27438584b746515520bf9f,112,51,1,1,1,both_correct,both_correct,True,0.7099461293706391
1101,fd6f74729da048a7999e84705c247c84,112,51,1,1,1,both_correct,both_correct,True,0.7074140672750178
1108,33b6e4166d494d0da49df82fe504aa6a,1250,57,1,1,1,both_correct,both_correct,True,0.8605851690725295
1109,68eb1880caa546a5abf3110035ebff5d,1250,57,1,1,1,both_correct,both_correct,True,0.8735736082468462
