image_id,x,y,w,h,vehicle_id,camera_id,has_mate
cfe169c2541a41ad844a2e579d5d7bea,299,174,702,707,5,89,1
d0c470e6c09d4f2dbb595c334bb81a3a,297,161,700,720,5,89,1
8a121b5914374ef4ac18dadeff3f1e27,817,100,847,731,5,90,1
473f893934e5432c8b0f0f51631243f1,479,182,578,756,6,73,1
66c2d53f44aa47dda68b91efbc9b8a22,678,205,439,331,6,9,1
71c3e53927ae41f3953bf98f5463e00c,377,293,981,691,15,35,1
0bc55ef11dd74cb486d17b8cdb966601,575,299,680,587,15,55,1
3168eff79bf84dfdac23014cde9b14bf,389,201,727,547,17,20,1
444848d6d24c44b88538fb0ce5be0790,387,219,731,544,17,20,1
a5d4f5482717442fa0bb5c8495e8984c,269,408,960,671,17,85,1
15506dd1353340669b73769a3f5ff286,0,0,1053,690,19,67,1
7dc2d81063e547f089a2ebb9ead90d80,0,0,1053,687,19,67,1
b42d27af59eb46ab87795cd85641ab88,424,0,971,956,19,68,1
ee04941de1104a6c94a2d07cf6657dce,440,508,540,414,31,19,1
39dfdee0654f4b62a987e4367a1a6484,609,248,541,474,31,63,1
eaf4d4942f014fea836ba445fbfb1c7e,607,251,600,475,31,63,1
10f9784e2e584929b87b25d8f206495a,911,220,616,607,35,36,1
7dca89301ff7450b9e1358cfb3b1b4d0,1038,228,850,639,35,36,1
e5a908986ad646588ce474f19debba2c,833,29,360,350,35,70,1
22188811272941f0999e3f7dc13cec94,180,331,1072,474,37,59,1
5b7f83d8b1c746a995c8d70f2c2b7ba5,472,390,943,509,37,81,1
d143d644c57142aab4ed862669fe7f8a,471,397,944,506,37,81,1
c58c1b19ad034d4793b023be7c667c09,280,327,937,724,38,84,1
2607939939e6411cbce5663c9766a761,930,481,965,531,38,91,1
c5c3deec5fa1412b9b243f75d74056b3,931,481,964,527,38,91,1
845e7c18da0347c1a9dec0bce5b82227,446,296,955,593,53,37,1
cb8c8186a7e6469da8f7766024d80f18,446,293,956,594,53,37,1
2f1b04e8df394b288ce7122bb4cbb057,147,237,1143,458,53,86,1
9ab711ea3c8d43dba69ae59e77264b03,1,214,751,454,57,27,1
bfc1a51281cb4c57b678042c808bb722,720,418,709,502,57,61,1
c53bb9ea859044daa4ac65d589653627,719,427,709,494,57,61,1
94f1fc922d714e7d9518ec0c6dc69adb,146,73,813,741,59,68,1
4bb39bfbc4d64337b7379f87452589c2,632,0,596,466,59,77,1
716bd30313f344f49485e0492388d5b6,630,0,598,461,59,77,1
dcbf62550b474375a1af34e5f8b2b372,1235,379,684,364,65,11,1
2c18fadd08ad4ed9b1ed59f9103bdfe2,690,273,541,560,65,79,1
d52f93b4690c4420905719b8632be4f6,692,275,541,559,65,79,1
613e99171f5d43a2be99836459dde805,730,0,557,524,66,1,1
cef380165eb94d4fae4cfe3bca3ac1a1,730,0,554,524,66,1,1
74e2cba418e8479e9bcfa9912ec7bf61,249,461,787,619,66,91,1
4cbcfe9c130e45268c27d9bbd10efd32,341,346,619,488,76,20,1
1ab38807b0784c959dc98fb653a176d7,827,353,754,449,76,82,1
b730e35f69034de6bda0092652a74464,654,375,812,480,76,82,1
2cfcef5918fb4a84a92290bcbcfd19cf,1388,362,531,464,78,43,1
db71e7d6d5e84df88d947eb8e157c70f,1384,364,534,464,78,43,1
66ad8a219bee4571a3568dba8ec91f93,1,541,660,384,78,90,1
cf4740a0c3ac4054b6d6e941e874a59f,87,225,587,427,80,1,1
a0bbe7fc86fa41d7892b1e89954a796e,1064,388,692,372,80,11,1
62c60c3ae90d449a9199e11ed5357a86,871,61,231,220,80,17,1
82f4622142cd4c809f21f8ba0ee4cd39,937,399,785,511,90,15,1
c582dc3db77042698a441d76cc856afe,570,373,883,484,90,15,1
0987c57c7c9741849c4a18d71fecd395,1099,281,426,381,90,83,1
c912c797000a414f9dee4d4d1b1a7670,680,422,493,452,91,89,1
e34c544a0f494902bec33f69e1621bad,679,423,493,451,91,89,1
0da9d9f3ccf244159faaf2ab74e9ee8e,727,425,449,427,91,90,1
910650f498a245b9ba3d6ed97e39cd7a,683,297,619,581,92,1,1
b42f79d143184e82bd612dfc3b607b55,675,320,624,575,92,1,1
4b0869af13ff403d8d3431b130860ce2,115,152,888,556,92,21,1
3992c31354bc4fb3beb28dc425afa650,803,398,545,386,102,42,1
6bddb085b250405986a89a4b92bf8d8f,113,241,472,477,102,90,1
71220ac971dc4b12b5c9c9f4ea9e2d7c,112,240,471,481,102,90,1
91c0f134782a42cab1f8cb99e025c518,744,90,344,304,104,70,1
c447f51d52784835bd36435d213ff4f7,762,87,330,305,104,70,1
bef6ba2b3cb0436da5a17766bc9eb762,535,413,719,398,106,46,1
050fb43ab4bb40a49434d3df0a9c2b2e,61,296,743,304,107,43,1
1465b23cb552455897f6800e8a6d0e1b,55,298,745,303,107,43,1
0eb5d1b856c141d194cb02cce9c4e2c4,1256,374,508,426,107,89,1
05c628b564d54a5d817f8560a48e478d,731,276,446,401,108,36,1
85d64ab01c4247f896f010949d96dcc8,110,271,1168,737,108,57,1
b99f81d9a2124d0495335e19b01144e3,596,388,783,509,108,85,1
d5110abe882f4001a5c092f614b19e33,1175,92,744,548,122,23,1
67e658d89f7e44f2a1deeca8cb715a79,130,315,619,394,122,59,1
85a89d63081346c9a838dda6b3c98cfd,129,312,620,395,122,59,1
5742f89b6a03431f933f4ecf9d542ec9,615,351,688,467,125,20,1
dec41c517ce44f2ab27acf30d5b57217,416,378,763,504,125,20,1
6d2adbfbce024e2d8ec2dc5ab4459e67,564,447,648,594,125,71,1
1d4864c2f39b45dd947d050b33e976b2,949,252,693,633,132,89,1
a2fac693eee440ff986ba80ddb0c76b4,964,255,679,637,132,89,1
de5d13ccb7e64c0b9a865cfb661b9853,199,195,752,605,132,90,1
0bb1f23e3f1c4d61925d4ec546969dda,502,310,780,502,136,19,1
1ed0a794a95749dab052d5ac4b432a6f,1068,166,724,587,136,33,1
e9bb8eea208a46b4b859e0055ee17592,399,209,978,739,136,6,1
1f202577349b4fdc811132a652144874,1194,193,605,376,138,37,1
114cb5bc269146d2985cfe2d1f277860,342,227,971,465,138,86,1
354c9cecc09d4dc4a6276fe226377d3d,339,231,974,468,138,86,1
6117b0ff90cc41e2adfc6a080b76ce1f,803,446,590,420,143,12,1
5eff37939f434852a0e9ca2363f7562c,703,37,602,582,143,21,1
8d38f3336dfd4503bf169d9949f5ae5e,702,35,603,583,143,21,1
84179c9f4b5d478fb0ffe4f5efd55ae3,643,462,666,598,148,21,1
c15871d1310247beb381b28f1f8b614f,643,484,665,585,148,21,1
c8788f6368584685bbfd4a801e3aa586,460,293,915,649,148,24,1
11b0cc3c380344c2ae15d745c53ae3b0,528,276,747,448,150,43,1
46f8bbba61f84feebf7f2910565f040c,621,405,498,404,150,89,1
575c89d7ca8d40d08b13aedaf2ca5fb9,619,339,496,462,150,89,1
9837bc343bb54a379d474887dba80a69,617,212,631,735,154,21,1
74877677629e45a780fd409abe793043,0,151,652,493,154,44,1
8f85984969d146d9aabe5adcae4bdf96,0,144,792,488,154,44,1
f6e51cf470fd46708a14e56055e31c34,1266,364,633,415,163,59,1
29b73337d850436babb9d99f6b3ffa5f,1532,123,387,377,163,92,1
fa65241f6e414499a796c84ad430cd1e,1532,124,387,373,163,92,1
b628dccfec6246179425bcdb04af6e48,662,342,740,508,169,33,1
6f00c847b6944049b947a0987c4ff02b,112,130,551,385,169,39,1
82becd6a94574a1ca8c2427820fbc11b,112,128,552,387,169,39,1
1f4e759d3fa94fa1b0541b146a40e1d9,444,261,987,517,170,1,1
dcb2408a6ac7421e967194a13350d82b,443,263,986,516,170,1,1
3550f8aac4724eb2a4922193d37bdb33,745,150,988,652,170,35,1
e9a740ecc8fc4fac8f4a4b39a3d65d61,302,181,352,372,173,30,1
d85cbf3567374b09bc948752f3235342,765,312,567,540,173,63,1
d7b7aedb86f74df4bc50c1f408004f1e,881,556,880,492,173,81,1
a17c189cf4974bb1ae98a8adafdacd82,2,132,1481,730,178,43,1
de4b3dfc3b0242928086e98f412ec72a,464,309,526,399,178,89,1
bc378f7f2c514e298253c2cb004c2c60,594,266,712,610,178,90,1
19860539cc8f4428b0398a4e165a92ed,165,544,920,515,181,36,1
810436b02aaa470b84adb815009dbb04,478,578,662,501,181,36,1
0c85b5e5712442b6b3f2b929bc13525b,688,476,606,439,181,90,1
506c72895b304abd8840bef67f2526ca,623,329,851,642,182,82,1
7a29ddabde8049e88f0d41a61281d804,623,332,849,640,182,82,1
f316c58715e34c779c434d8f97415571,1299,237,455,335,182,85,1
1815f1920b6a49a4a47c4af66f846290,1174,130,672,444,186,37,1
e90c4afb96aa49d9becc8f43103c96c7,1174,134,677,442,186,37,1
d8db2b13b3d4457197e4afccb9e87859,436,231,546,472,186,69,1
dc28a716e0e8413b9f3527b783cd001c,708,340,555,468,188,89,1
3d3bb9652ec54b8f9e17bd276ac6da7e,512,385,623,436,188,90,1
edfabc68a18d4207be45d930e11c0c63,708,364,429,441,188,90,1
60abdce6d72e495e91d50fb6d6a65141,505,337,645,485,192,40,1
a61f0f71cab943fb9cc58bea39c6ddda,572,296,559,533,192,53,1
1c8c67c7695b49039e3d3c8f3319a55c,1,110,1047,597,192,83,1
a45d13d980c342a8b5207bd39908f11d,1367,372,522,456,194,89,1
f84a3984b09043829e6012f0f7e59f9b,1367,373,524,455,194,89,1
25d77b9ca16c4a238667fb20b92ab427,84,261,596,515,194,90,1
96c0357d26ce40eaa498eaa2817e461f,609,378,754,471,202,89,1
a79474a99ddd49c08179d894e5776b7d,609,377,755,472,202,89,1
8a68e005fd80480985c858b28ab2eeee,582,355,905,434,202,90,1
66f4ed4787ab4998a8705a57bcbba8a8,884,412,784,382,213,43,1
0e661d6a00f340f3b359603df76a8728,198,425,485,430,213,89,1
c1d7f31bdde84c3db6f17ad611f2100b,956,266,715,432,213,90,1
c5a336ce259b4f95b6dd7c18aedae6a4,464,296,750,522,216,35,1
1fb95e8deddf4cedad8e8df721034dc8,310,72,678,620,216,92,1
26b802d04eea4cb5b81a144089326ea2,547,4,622,596,216,92,1
7014bcfc543c4b059069d6d14c5f5ee5,609,310,872,528,218,61,1
e5fdf44ffb27439da74371c310b8a57f,730,348,922,555,218,61,1
bc613b76162940e7b9fd2bb8e8e8607b,536,330,605,542,218,83,1
763aec97afa94ae585c659bf6a5d6ded,558,326,1275,565,219,43,1
9ce166b2959c43b0be7fbe5483014adb,558,329,1275,562,219,43,1
7cd2ae223f8a4eaf982e6ae6242958c2,663,366,647,428,219,89,1
7685c8894cd14407a657ee8e03b2d30e,457,367,659,420,220,51,1
c1706dc4fcbd4b5d9a16d3668fe7a3b8,628,518,732,410,220,62,1
5793ce6ab0164247baadb10841b4dae6,776,260,383,296,220,63,1
becbd791ed814adbaae9add71f0dc00d,1156,117,561,416,223,33,1
399ab98cfba44b9abf2333b92ec88751,710,245,1044,714,223,6,1
85434147c916445fb2fff690477edb1f,711,242,1048,715,223,6,1
54827a99a8184ae2ab9740a014b12254,536,363,788,438,227,27,1
c8c1ad36b5c54c368fb40a47bfd2d620,536,360,788,440,227,27,1
a9c6f9ecfffd44c19c411eda4257623f,1244,318,502,417,227,90,1
a91750a1b06d473c8b2c769e5dd6beca,627,438,703,642,230,0,1
c88d1aab495048e1abc50b8a33da69b8,804,480,1113,582,230,69,1
4926e715ac374f4da7cdbba239286deb,594,195,535,647,230,84,1
8cdbdd448f3a4772a011f05bd419b443,0,416,389,341,233,89,1
903b0b61761c4126a05879ea0a183139,0,421,388,332,233,89,1
0fc6fd6d6e434764970e8c2544c50319,951,407,920,509,233,90,1
26186ecd0d634369b342866ed7b19c2f,677,0,440,425,237,14,1
a5c31fbf4b2b428b9c22cae32530e072,404,207,781,490,237,51,1
13a37ba94b854faab6bbf22741f8aacd,912,375,843,526,246,15,1
1049d1e88d314176899ef00be12f6e62,509,359,686,534,246,40,1
2274552fc21d4629aa5b4e61d6b02eb3,537,378,751,528,246,40,1
36524de925204e67bc10e32e8e6878e8,549,270,468,406,247,89,1
43b83bb6ae4e45cbb07cf96eb4751dc0,550,262,467,413,247,89,1
a0460b24dd5a4792b480f71a4dc1fdfe,724,419,483,482,247,90,1
157f7b7daaf548fc804c7faa1368e2b4,1023,70,733,546,252,33,1
753877198edb4ba39e0ff9f66777431a,1023,74,732,540,252,33,1
744fa8e17a4b45eca8119ef6525adb3b,559,123,1048,805,252,6,1
3bae4eeec46e4f299ea792a3fc92be88,400,301,607,403,264,89,1
3c705c74ff784fe1b4799c90573644e2,557,299,752,588,264,90,1
bd41acd41cac4d19bbc18e94ed8da133,557,300,753,587,264,90,1
9a61ac2b5e56428f975a5fde5f5ab07d,37,447,547,463,274,89,1
c7858141bb5c488bb255612e4871de5e,59,394,547,501,274,89,1
1e37da58cb89455cbe3dac0406c2e2d3,1277,412,493,432,274,90,1
d4768d0fa2c646eeaf6d02569b336399,552,231,904,465,295,43,1
5a80fff2b8f94ed0ab80e6086433e434,661,95,337,298,295,63,1
97434eb9aebe4b8282a6220316ff3500,701,399,1092,605,295,94,1
177702fcb9594d3090ad22b798c525eb,740,418,537,471,306,63,1
6d6cfa8e2153482b94d23950d380daba,816,301,411,405,306,63,1
7a80832aaf8d49b48c97c0bb12ecf122,682,123,453,501,312,86,1
c19ae37c4b4a4604ba179980558d3f9f,673,417,662,366,312,89,1
c987b911ce0c4efe8c45163d59f32ea0,672,419,667,371,312,89,1
8e85a9e4917d454abe998101d318a06e,673,415,835,415,323,46,1
3372d41e018442d49d3275690a2fc32e,307,359,923,634,323,80,1
f1c1c7044a9b4e119160b299cda947f0,386,330,844,613,323,80,1
408ba04855544593b8173e1de23d372a,465,514,816,362,329,17,1
f68901df3a2446aab4ad1535d9857794,478,161,624,543,329,37,1
b02e5a0ffe4545d0a3f6e252c1e249de,772,151,428,435,329,86,1
0fd090f1be72498f9996f064ebc0533a,742,379,784,562,331,22,1
398dd69070074c8589db2cece7783c6f,444,362,852,486,331,31,1
feeb457e63f44ebea32f1867147f7bd3,709,0,384,414,331,38,1
5f049c42e83f4fff918e01c9c8b2be3c,80,54,568,417,337,39,1
94eac44878aa4dd78ba957bc198dd23e,128,91,635,440,337,39,1
3337b8b8412f45a088d5ea386ba9a2bb,516,420,703,534,337,50,1
8daf097aa9cb458b81cc81a274e5dc7f,1432,103,487,359,338,53,1
a32f660f71db421ebd658ae2f0a87a37,720,369,580,387,338,83,1
c74ca58c03d0439992ab518cb31951f8,737,382,575,382,338,83,1
3e40ee225d41446d905736bd2d8cb49c,253,337,598,566,341,89,1
64a7269b6ccf4d8d917a5ac50e756449,897,220,772,522,341,90,1
89d4157c233a49e6ab3f7b58cc4874d6,897,222,769,519,341,90,1
d82db0f42ca84098901d08a17a077690,634,411,784,459,342,19,1
507ddc65267a418fb0901a34d8bd49c9,1073,118,641,517,342,6,1
bc7ad0595d084131991f885266aafd49,1075,81,637,553,342,6,1
8af4064ccdf940179e94c942aba422e3,700,468,580,473,348,63,1
ecdd8321e5e84bf590e5871fd9164747,682,154,318,265,348,63,1
c0d74c003f004c349e05b854943d0c9f,1173,292,528,403,348,85,1
36816db84cdc4585bfcd75a905d186cb,149,400,727,336,349,54,1
643ec4ee9e8b498f92e8d19acdd7703c,716,307,530,413,349,91,1
86f19c6e4d79423891afd04c49e51d84,716,312,559,412,349,91,1
34c2df1001964bb8b48fe6442d67e300,584,287,649,661,355,68,1
7e66a690ebff4d1e81128d3af498d20d,574,285,644,664,355,68,1
38115514f48b480ca57dbc98efae23bd,644,298,733,650,355,77,1
f1059cb491e64c82a554848047953b6b,654,396,657,478,356,89,1
60a0de1ee6d54401bc60cba4147cf897,593,475,599,437,356,90,1
a846ad8e944545dcab062edc7897036e,593,475,601,438,356,90,1
655627900a5f46aa833d41b9a07088f1,626,421,746,659,357,50,1
74192363f311404cb231dd3a00896fd9,977,386,651,492,357,73,1
03b21a08e11848cb81cdc4e5116a3fec,915,239,654,425,365,92,1
0da688de356541b08000b059dc24aba5,916,237,655,471,365,92,1
298b7811681e40aaaa2b0e4a610cfcd6,941,0,240,213,366,42,1
5ef66235793f4cbe9430f74840f6f9e5,967,408,830,435,366,90,1
c738f52ea5ea46fabde93308377730bf,966,409,830,433,366,90,1
0d5f3d41fcac417c8da7afeccb0ce345,363,234,960,697,367,33,1
161b6ae7eb75475f977338b6e967fd72,653,100,1158,847,367,6,1
3142af6f322c43a4a4f844247a882c5e,732,473,562,551,369,22,1
617cc1b691dd4789a60d1e8d4adbe9ae,673,448,595,533,369,22,1
a822df3ae2544455a60f07c385222796,1054,270,757,512,369,31,1
02a965d89ec143089a81a260ddc2e840,532,479,703,489,370,22,1
14467bd96a0f4d319b154441da9b447c,521,482,716,493,370,22,1
24087f56c44b4e69be01b0521c66fd5a,855,0,514,426,371,1,1
ed140f9599f74ecbb0478fa168d227cf,851,0,544,419,371,1,1
fd31b210c7fa47b386a232fe38e454d6,487,331,834,585,371,45,1
1638747927de4c81aa81dd20d0d0dd5e,946,256,853,496,372,43,1
6385a563eb40443892881c7071021cd7,1024,171,766,694,372,90,1
9f10a94b7827449980e5e7001ce397eb,1024,169,757,697,372,90,1
3106fef0fe814cc8b8483736e4c6b2dc,473,537,1034,441,399,7,1
3f4aafb3a3a94e009eb936cae206a61e,474,541,1033,444,399,7,1
0999c8eb17a14a96b83246ea26830037,473,341,655,622,399,86,1
24c561875d09475d970c1a07b5053f7b,698,488,622,513,400,31,1
a38a5f2625b84ad5ad6aa26ade14bcdf,698,489,622,510,400,31,1
0f902533ebff452298d312ba09bb66d0,215,287,933,512,400,74,1
4efdc6bd87f742e595b77fb01e956754,186,134,607,383,405,0,1
a76c648b5cb443a4912f970d74f4b494,243,322,800,450,405,59,1
fb363167599d49218191b691016812eb,246,316,794,452,405,59,1
acf25cc7f9794e6097860bcaa5d14736,591,392,681,600,413,71,1
e7ebd4be63c14c9a9053e2c9663b54cf,1362,251,512,318,413,78,1
ffe5d4df27a4446285aff49cad5d544d,1378,249,483,314,413,78,1
3afe797b0f634ee88f8adca9b666681b,530,331,826,748,414,22,1
5970d0cd9e0a4b6eaf9d65b72c2eee2f,1084,80,657,504,414,33,1
5edea368e47e47ada4673bb993eb2206,1080,68,664,509,414,33,1
a21c1f461e0a4ec6aab364b0a11f4de8,961,229,726,535,424,36,1
2f54c494f2ef45ce95607918fc8cf801,401,179,386,333,424,40,1
e0b8227c5a6e447583af27b8e16e5285,402,202,382,344,424,40,1
d0b56248cde64831b27de96008cca109,604,235,600,574,433,89,1
0a333669d6984328a66c9a711280b1b5,821,302,441,519,433,90,1
ea29948f88104555a34197a88f297279,999,286,777,676,433,90,1
23a3882b834347da9ddd51a8346eeeef,760,78,631,624,445,12,1
2a84c863344448e6bb9a63bf2a03d653,392,199,729,506,445,51,1
847af1261147464c84d83bf939e51428,383,197,727,502,445,51,1
4c9033d08a734e80a62f295082f2cb52,511,217,668,665,447,46,1
49392c053ca144f9b4bcb4917d5c271b,638,30,1162,1050,447,94,1
95e855f2761049cb908ff25d08304249,503,2,649,609,447,94,1
2727265b2a3741fc890dcec967aaa9bd,1131,353,661,415,457,89,1
a6d963e445ec4318879d9964b5ee6870,1127,354,666,417,457,89,1
3f2880c5a473426193a45db10fb60685,833,239,405,370,462,36,1
9a92efc779a34edd88b851c0b024eab6,375,307,730,585,462,54,1
afb4e69970474572b8ab72935d097a62,676,307,585,597,464,89,1
3903410bc0a64824892690582a8bea3c,1090,334,427,448,464,90,1
616c9c87a4b2432ba449aac95b00f68e,1091,339,426,441,464,90,1
3eebb87f81c5425e913ccab4840f215f,1165,355,651,457,465,89,1
b2c3fa1b29134250843f9244db71818c,1164,402,649,411,465,89,1
45660766c8344cdea9a71f162c2dac90,122,370,780,431,465,90,1
30e5ad5c779f4208b7dfca351aea6f6c,1241,335,678,589,477,43,1
944dbf53512c45eda5381d04c1edb725,0,367,455,350,477,89,1
954b5da485f94634a090640b1ad5d37a,1058,541,727,486,477,90,1
d1fd8a200ab44e59bb7eccfb60984d8e,689,443,575,491,478,63,1
d252959e95c24c85866f317ea98450c4,666,311,620,555,478,71,1
2a256243b1ac4aa69cf87384f2241f30,829,283,894,602,480,33,1
df55bb379c584270ad46773bc6016ea0,829,301,893,599,480,33,1
545ab0afb3144d52b3c5f952027c1443,152,470,600,340,480,6,1
9566fa2e6c2b404e8a4301424d8e333e,865,324,815,378,485,43,1
b1063a3ba698493ebabf38471ccb741f,643,253,481,398,485,53,1
f49a5e3d176a41dcaec3ca6c16fb2aaa,608,232,481,399,485,53,1
37def538aafa414b838f1f18ac7bd13a,396,128,682,622,487,68,1
4fea43e3c522406090bcc3e302857ab0,409,128,681,623,487,68,1
0204489acbfc486dbdb02919e0d68942,365,19,639,600,487,77,1
79ad4053706f4092b0791564d7858927,240,203,1125,626,497,74,1
7af50845b62942b7816aa6c3ad6fd5cf,706,278,614,500,497,83,1
5cf79f1556a74c989f978098effc3f56,640,261,1161,658,504,1,1
78d91cb5c1dc44c69bc4b429e67051b3,242,111,455,438,504,30,1
41ec4cd3e97f402b817c4bace700a3dd,2,0,654,457,504,39,1
b7bde92c0251438b8920ea0d7e8f6bba,86,334,1021,731,508,33,1
dee60bf5f84346b69e9e3d24ad82e2f9,86,330,1055,684,508,33,1
abbcbb5a24564a65a91bdde6949af835,72,0,786,605,508,6,1
3f7b86a40d964eccbbe55d836723a3b2,729,231,999,557,511,12,1
529f7b2ecb164ef394c503d5b6d170d7,726,232,1002,555,511,12,1
5edb2d5f05ac42f78b0b9760ed86fd21,729,485,942,446,511,94,1
01c99470f0c54454b1d53ddaeeeb29d9,338,246,957,654,513,27,1
974014bd0d8f449dbdffecf8fa039ea0,467,257,789,649,513,27,1
0b2cd2ef60bd42f2926922d44908e954,443,395,448,339,517,33,1
ac5d886ea5ba452fb44691ecf313ff17,442,395,446,341,517,33,1
11a92f9665f24ccb9a0fdfd0aec48b0d,331,280,1042,594,517,74,1
bfd4e5134c3140d0a4075c9fe7a1d909,1081,279,477,364,521,83,1
018e533205f04ef7b3abfa98df061077,367,114,435,342,521,92,1
f5b9dd1be0b04212ab728e6b029c6de5,376,120,433,349,521,92,1
790dfe205f3448e2ab64414e78c20f67,520,452,596,449,524,73,1
8a35652b6f014863aef50d1a43582c5a,522,450,594,450,524,73,1
b0f9075e3bcf40bc80dbd38300e469fa,845,353,649,436,524,92,1
371834d162f149aebe95092ba5a0e137,254,476,616,367,530,89,1
3ccf09f6a119449fb64ca8a374553afa,1017,516,885,335,530,90,1
cb25a519e0254581880702f97dd30904,1017,515,886,335,530,90,1
217dc224802e4ddcb45cd42e065f23a6,549,357,380,341,531,89,1
de71dc0548c84058a6a1ba4b3138a31b,578,387,771,518,531,90,1
ee32e1bb984c438c936caeff1527d2d1,579,385,771,519,531,90,1
798c5e832b864935a836a3fb7fdc46db,327,382,572,354,533,89,1
0232cb20fa524600b2e117567784b842,514,282,787,501,533,90,1
940e944c6efd446faefe117a099598ef,511,282,786,503,533,90,1
5b80d56e5f30465abf4ec4a8d07b14e7,566,239,836,592,542,6,1
4edb9c429d2445d5a95b8b9f57fb27bb,1167,232,529,363,542,82,1
dd0c0948ee614a098b3fad361d94da79,1168,230,527,367,542,82,1
8f393721286f46fa9256d33569ab0539,140,276,771,584,553,89,1
3d05ad2d3f7a444f92a5f2d6e2bd6ca3,951,241,873,617,553,90,1
9ebc8d29ff4f4a5d83e45fe1331978af,953,242,871,616,553,90,1
6d813a171e564ec4a47e9e034c95846e,677,304,623,546,555,89,1
8e81e90710df4f96ad878d0278786d62,678,301,624,550,555,89,1
6394c5b6fb4749d285faf3d8a8b6d6b4,610,494,623,493,555,90,1
5de4b61806874ad5a97a62532fbe0a4d,547,338,593,606,556,68,1
c2aa59bd42184db5960199ca3b6e9696,553,348,596,593,556,68,1
c13a0a73b3694557ae1b4d95b8310549,584,346,745,603,556,77,1
ba4e87731c61430e9866372416d07b7c,953,337,758,419,560,10,1
0ad14cb03ee342c9ade03dd4eeb4721f,840,395,828,534,560,15,1
e281f1d853924d75af61b5451ae7f347,764,382,911,547,560,15,1
2c085764e1fb4cb19f555fd5c7f8f6fe,296,325,774,588,562,19,1
8d0654d7bfe0400088588395f896887f,623,115,919,681,562,6,1
a6d040dbbbe347469d92bd07f4a34324,623,119,920,677,562,6,1
139aa267012f421a8346488a39fb9505,277,128,1348,682,563,43,1
28052dc8ce8547fb81b915cd518699ed,726,479,606,389,563,80,1
f98770887d954ab18ee3f80f891e40b5,773,468,554,399,563,80,1
9c5b7d1881ab4f9dbe2e9d1a4f79dfd0,1198,311,622,467,564,89,1
b5b60bcaebd64db7bbe39a13616b45ad,145,289,561,610,564,90,1
58f49fd5a92a4ac2a7e4027c37ff9140,0,390,437,349,565,89,1
f7639ac691a44d62966549a3882ce152,0,392,439,347,565,89,1
5e66a4c48d034de99f7d042665ccd45a,413,301,805,725,576,72,1
852a52b62a7644e88eb5a4a6beab07e5,441,299,723,730,576,72,1
cc521ac6267d423c99ba5023df84cc57,788,248,716,568,576,92,1
63b03f9bf1f9437f9e91443cd9e70064,867,272,867,436,587,43,1
f1d3e8588ea147089367d9c6a0eb5620,866,270,868,419,587,43,1
abecc41135b043b1a0bda9fcb3115de8,610,618,485,383,587,90,1
fc8c77e7398946e1bf289ea5efbbecff,925,367,518,472,595,89,1
7778e71dc3744305835499a15a9fb204,230,278,774,436,595,90,1
5954de06881e41b796796f766cd6ca57,905,99,656,634,596,92,1
b6075657406f404dbe8d0b7a32c5349b,988,88,571,643,596,92,1
99ebc8079e91493daaa7a3541b2a63d9,504,234,710,623,601,31,1
3a1a33dca623475c8e018d2e00c52104,60,198,910,543,601,43,1
cd27316f434a41fd9977ba6ca1daf865,546,141,1275,671,601,43,1
04f73884c35d4e5d97976e44a008ae2f,431,277,519,439,616,89,1
de4b5ed9ea51424ea3b4735d54a445a3,433,279,517,437,616,89,1
b31c29a9794a4fab832add97895aa603,1252,222,538,504,616,90,1
116c493e71324b7aabd64667ae6fc73e,700,203,566,579,623,64,1
39cf432c619a406f8f95c1d50395caa6,700,171,564,618,623,64,1
38ce4d5389a247ea93734ebc9b77a13d,628,225,503,436,623,86,1
6164c40618b642889fa1aee3d9b2ab18,642,412,673,441,645,90,1
b837fb8c930e4271b17fd7a55a5cacd8,1362,126,513,376,645,92,1
c8550ddc12cb42a883e8354fb6b36d91,1363,98,513,370,645,92,1
1e6693fbf2d745d79ff6bb623f6f316d,609,444,687,446,650,90,1
b63baf2985784fcba80eeec10e955719,608,447,688,445,650,90,1
581f599bbe28439c864c5ed106acf23a,189,172,1031,636,657,20,1
8956419adae847ceadc393d770d77235,192,170,1035,641,657,20,1
560fd9d6654943e691d558996e505b2e,809,108,343,466,661,28,1
01863607f5a846af8ccfdf5b5fbdde24,1094,264,558,405,661,89,1
c04fdc1b564b4ed9a212263c6e55b089,130,368,486,478,661,90,1
802da89e7dbe46b5a1901f413c933298,1183,354,687,460,663,89,1
635dce00edd942ecb5c18d0c0080c4c6,1122,579,605,459,663,90,1
78685a7e9f6f4751afea18bf65812d2c,98,447,687,407,663,90,1
5401cb45bd25418aa83db97490d3b5d3,1272,471,541,389,679,89,1
10df5f2f196049a387cb72dac2a6049c,0,323,425,418,679,90,1
7a43675d4ae142179a6328f78174ec25,0,323,427,417,679,90,1
da6ce1c0b2164be580adc8e8f2d4e34f,813,228,566,438,684,42,1
9a1e0afd4b314f339210629babd2ef3a,180,369,1073,435,684,59,1
b6e086b28f3b4cc584d93b78d9dd6ad3,183,363,1071,440,684,59,1
792ed0be0bae4b148345331dfdebd961,773,185,570,489,690,12,1
7412459f09fc4d0284ffa5bc7895107a,415,493,602,419,690,61,1
f21ca319326d4951a712ca520a0fc816,385,494,595,426,690,61,1
04ddddc07dc54bb69c61d6251808f739,278,453,820,393,691,25,1
a67c841f09364d7384b95de9a92f99ef,278,456,819,393,691,25,1
261a8340f0024a719e2fac090122687c,564,527,802,489,691,6,1
2d8c62e71c4241918304aaa8d3b615f6,512,298,647,488,702,51,1
2f75e56fc3f745dda4b2a6b14abb7314,546,279,651,486,702,51,1
bd9392dd92b9451dbc3804c7de79c47f,689,330,710,445,702,61,1
8a164d28096b40e99b5fcf033e95cc8a,99,258,764,477,708,59,1
b7d63a3f137247b1bd9fbd9d8e6e1b59,99,259,764,476,708,59,1
51f6fdc27aee4f31a7217bc6a54ae455,652,169,572,549,710,60,1
95646965bd7e4dad813a312d4a1f66b2,724,179,439,411,710,86,1
dd1d121a351b4cb290e31b3ce05437b1,729,176,435,414,710,86,1
88f3a41867f142c99bf37e1c3caba257,290,512,865,386,712,7,1
8ff961d202b2479ab109c0f41fdcfe81,501,438,730,400,712,87,1
f7fc2a71ab0d4b79968905dcf233605f,499,448,729,397,712,87,1
5d7b8127f2e34032bbbe6b1e7fc87a04,337,277,874,622,719,19,1
9733660511d94e6b93d23c006f76c678,763,118,903,632,719,6,1
cba39f81180645279c9f3378a77b8714,763,114,904,634,719,6,1
9d3b51a44602411bab2ab94ca0d86d0e,132,331,809,447,728,16,1
0223562a12544d468ef29033359494cb,604,368,818,620,728,32,1
b2323a993a6048458c8e2e78bf73a471,337,115,911,804,728,56,1
9064a76da8244fc0b42e495d8168831b,641,313,525,484,730,89,1
d6f2dbc12412416f9d982bf36c26bccc,650,311,529,488,730,89,1
f49cff27c36d47439eef8a57adda3ed6,1147,571,674,481,730,90,1
4d9832d64c20483a9b34f85add0bb031,621,312,579,504,738,36,1
1f769a90be3a45b79bd5184ef61b2cb8,508,37,985,688,738,43,1
bdd81c612d79477693a3401a32d5b10d,0,510,758,434,738,90,1
a483211857ce4ce8928ee6dc66cff7db,397,257,775,758,773,72,1
1b9a25802fd54a5abea7661e389f638f,314,223,617,484,776,86,1
4768575170fb4ac49f5550dbec93f9ee,282,372,588,376,776,89,1
67e0b425cd2043279dd08342282f3444,540,319,882,470,776,90,1
0945b8562f8c455893be447613e746ea,681,367,620,467,780,89,1
3a3e487903ba4c34aa9fdbe3c2d2a97c,611,476,619,403,780,90,1
d2c830c5bb1444d5a05518f5b238305d,619,478,613,400,780,90,1
1daeacf73dd74b3a9a0365aee9686739,829,4,431,443,782,28,1
48f0e2ead84b4bbcaad5ac1e8a54d457,852,0,429,452,782,28,1
66b12faffeec42e7bac0ac656ad1ba96,563,248,665,609,782,77,1
6721eeccf3ea4c0a8dc4b310a1947b4b,207,631,734,448,789,12,1
382744ecb932489ab6f32b12380b201b,1037,199,788,457,789,62,1
d97e037ace10467eb0be43bfe2bfe3f5,228,203,1181,518,789,86,1
500270bf0eb44861b275cb7357d8410c,1245,285,673,491,791,33,1
c5fe41016fc040869ffc83a01affc571,1255,290,664,485,791,33,1
8d9ee1bc30f6439a94ffa985502e7ea2,573,400,937,606,791,82,1
3f8d534b786744aeac2a90565931c4b0,727,376,903,677,799,40,1
a308eec6a7234e77b7661126696342ce,727,379,903,674,799,40,1
ebf016562f9a4c55984e1e70e3dc1c24,846,396,972,524,799,81,1
1035ffd74ee6409aa34f9e2fe515ca2c,753,619,958,461,800,19,1
7335d65dd777433485187f345ff05c3f,724,621,929,459,800,19,1
6e87bc4933454bd6bb3355cce71e8122,48,385,1148,569,800,72,1
0bd4091dd6a5403f9ff875cd59c68bc7,569,237,538,598,806,84,1
5f41f61b7879412b896770bc03baf5f4,465,36,435,416,806,84,1
d21827bf180d466284a287110892e33e,541,363,721,567,807,54,1
213a40ece16e4773b0b82772a0b54ab1,57,164,614,453,807,65,1
2fafa52289574af49e7569cd4fcdc090,81,267,564,432,807,65,1
1d499a5f71f44464bf28495831ab0a1f,657,0,796,535,823,46,1
60c1251d35d949fc9c5e54226c281197,1,524,682,556,823,5,1
7dd00ab2aba942c0b100cf4f81f32408,1083,129,511,601,823,5,1
f50b979a8dc74d17824afb635a59bb24,574,281,916,574,828,32,1
830fb85ba18b4fb3a74d09884ba6b0b5,635,61,737,644,828,56,1
888a0f4d19ae43c280df3f34ffae91ff,643,55,732,641,828,56,1
52bc812e99cb4d1082861f28d4dad927,1232,395,606,438,838,89,1
8333a35b018345efa3395b9babe99928,1232,387,608,435,838,89,1
b5fba6ea500947e7b94fbbc3ed6dcbf1,132,554,617,359,838,90,1
475371f56fef495ca7f1a6207dd3296c,700,555,611,302,839,17,1
90785b7e8d9844d5a8c4ca019de708dd,699,556,612,300,839,17,1
d8fec6ef869f44368fc4efd843630179,151,628,583,326,839,59,1
e85372df6bf64e6581307078b1b575ba,515,240,802,711,843,24,1
0d4977c0ee5a4646bd8e12816e56905e,393,82,243,367,843,51,1
869d770f13e542c797c3c1795268dac9,354,146,247,370,843,51,1
f0b6799dc0a24e0e87053418bab855df,216,374,679,443,851,89,1
2a94b5bef2354f289bf7f793385a3479,467,477,460,361,851,90,1
8d0c4fb38bfc4df1b6e1e6cd5aa7729b,466,478,461,361,851,90,1
0157836585d044338079365b8af754ba,897,372,1022,543,856,1,1
7afac3fc8d284b8eace0dbeda9adba1e,907,329,613,450,856,12,1
0d1a99f34545404e88f012a298a47185,268,379,724,541,856,51,1
0a6b0b6417754d2e9fd7fe30b19d0cf4,120,263,1128,560,857,89,1
1d75695d71c849559ea1e7c4c880b382,120,261,1130,559,857,89,1
97bb8b6525f24eccbf2cbc5dccffc9cf,197,121,1057,712,858,7,1
0319a833ee26436a8ab428497abaac60,1348,166,570,572,858,87,1
3734e83cf4124413aec2f9a7000e321e,1349,167,570,575,858,87,1
ca092d1c53684cf496addaff9d781e07,801,213,305,267,864,17,1
09f6e043bdad41de8b79a4208571409a,466,347,814,547,864,50,1
55c38ba53a5e48d9a68c9299f5a6edf2,467,345,814,549,864,50,1
3e984d26d9fb4beba80dfd475b63bd10,749,81,561,498,877,21,1
314c1df83a5440d5bde1a31b3570587b,109,239,1041,835,877,56,1
2e0483b974c24a5cac374b3e2c6864dd,664,705,670,374,877,69,1
4cd0ff94f54744a1a342f743e9493ae0,76,170,833,541,882,21,1
5c44098f3b86422fb3e901913c1f8034,73,174,841,538,882,21,1
be299e25dc3943ee998e0800972ff66b,185,515,1051,565,882,57,1
d484ac1417a645dbbf5d7a32ea78d54c,964,208,700,434,893,27,1
eabda5059800447e9b99b137914726d6,369,317,552,374,893,61,1
d1c46b0b7797491ab9f9888768697a36,78,281,763,394,893,90,1
355f48fac959433bbdafb603f460efb7,817,75,256,253,896,17,1
b7c5d7f02658408bb5037adac49d0580,706,261,411,387,896,63,1
c3c21161fde44b23a11d9ea42fc3fb0e,706,257,413,384,896,63,1
4473ec14ed19439782979cd0f7112c98,263,197,407,411,900,30,1
0bcaf16f8da94abc873cf16e3d904a2b,457,385,677,436,900,51,1
833131cc496a4cdda40a2e55ae87b37a,456,390,676,433,900,51,1
e6169bbda4884510ac25b2106a6bdfe8,355,245,499,415,902,30,1
9c573a4d794b4ffc85f5ea169672910e,0,213,570,426,902,40,1
e215401867a5468eaef2a35afc6e275a,788,420,807,457,902,81,1
23022dee3f9444d9aebba70cb1ff6933,0,408,398,337,908,89,1
77cf54539d6e4c6aaa7197781f378d5f,884,474,817,450,908,90,1
948750ed87ab4b67899e2dcd1d61cc92,491,384,818,498,908,90,1
440ea9ef4eb0429a95e2340eb6ba4dc8,754,223,271,263,909,17,1
8fd90f1229b0484695bd2efb82434b84,578,435,890,513,909,81,1
a47d40505ae54859a7350e585c8e9f38,578,437,888,511,909,81,1
124938b60cdf4f61aca1e369d1ff0737,772,351,328,308,911,17,1
646d6fa87b7b4069b4407fbbd322301e,485,311,687,472,911,50,1
8a70708e717e43419de06ae41457435a,482,312,689,472,911,50,1
c660f10e8e1d4d6faf96695e8fe091ef,694,217,509,464,919,63,1
29c4cd98bfaf430ea1f28fbdc04fca9a,1239,157,680,428,919,92,1
c1d56a1af0154676b6fb7c7e2b64f302,1571,109,348,393,919,92,1
2c0c14290a4e48778c927e0bfb5f43e4,904,367,493,346,924,89,1
df9b21c857224ad8ad424fa041b3e40f,904,367,493,349,924,89,1
88420cfc9c284ff6ad6e04f04d5cb516,377,295,774,362,927,43,1
1bc02e16fc654fea92c766b17b0ed7ab,985,481,808,304,927,90,1
a38a9ce82a554e4685764d4f39ecb5a1,985,480,811,305,927,90,1
1863109a9bf94efa89324c4f3bb22aa7,611,425,1032,605,929,0,1
1c1d2c8402344119bd4e8ecff1cafdc1,611,424,1032,606,929,0,1
20df4c2c09dd431a952313ab01c415ee,690,373,312,324,929,17,1
482eeeff627a45b482af3482f8cd1998,507,297,1409,635,931,86,1
5d56ece3870b49138abb6415c7c41299,479,207,1409,634,931,86,1
07a949b6306d4d0194b827af1f329a34,0,172,1184,694,931,89,1
21433257e7c740e49b611e5eb3a37a1e,0,404,397,345,932,89,1
a166a8b9c29a4a02a08ca2a42be4e86a,0,403,398,347,932,89,1
facf080be9e14ba0aac5c5015807435d,957,466,870,442,932,90,1
605f69da48a54e36b8e4270e0aed1e24,250,392,1064,513,934,7,1
2b1cf739d1aa43c7b0ede502b30fd2e9,1002,327,870,464,934,87,1
5c11bb2763a346d197424e3dd1138f45,1001,326,872,463,934,87,1
192eb6cdb44f4b87859a892c2c6f1898,1103,380,721,397,939,11,1
02840f078a11445693cc869922d8dc1d,524,143,531,576,939,84,1
e17c96ac83e84f0e96ead30643bc31a9,525,144,527,577,939,84,1
c3fcb445bcbe4570ac3bfbbb5b48ed1b,633,263,781,579,946,48,1
445c349413b84dfab0e764c9e809abce,724,386,629,525,946,67,1
20b607a0b859498aa07a1dbf1682ac46,14,211,1205,503,948,43,1
eb7a872157f44fc5a1b9b9bf8526821b,14,199,1207,514,948,43,1
8962a4220218407fb6fed0c81047c3bd,452,417,619,479,948,61,1
64b04e9d34434dfa8c33999e60a972e0,232,218,610,437,951,19,1
154452947cd74b0384856767d022e290,657,126,526,422,951,63,1
ebd933caa4d94092bc38250d6b725879,154,294,634,452,956,1,1
4ade5b1fba594b48957e737709fdd14b,481,94,671,596,956,45,1
90aa49a05b70497b9e8f8428b2d56aa0,480,92,674,597,956,45,1
99ca4f805525482584e975466324012c,616,355,490,454,957,36,1
246645bcebf047f2a51dfed044b78827,496,439,629,562,957,53,1
507843ed09754f6da00da29e990b24d7,374,305,508,441,957,69,1
a809c60dfe6b4d8b82522a2a938b350a,649,322,405,386,958,29,1
4cf2890f219348d1acffee54ef2386ff,791,296,561,493,958,83,1
c1df8730c7ad4a7f8e31182339aa73b9,707,305,593,515,958,83,1
f2c995e020c34a1baf25d0e7608bdc22,178,164,548,409,962,20,1
2de30b5ae63b447b9cee69ea9d7df038,750,70,397,353,962,83,1
35ea5858e88044ef974eb3fe576d3af2,731,79,418,352,962,83,1
97c466992a9b49d6be6e341b045ffa8d,755,222,481,437,963,63,1
e2ea631f345e4c21928da5569db690ad,752,218,483,437,963,63,1
7b23df4713ba49918afffc49d0efbf30,763,438,866,543,963,7,1
dc8579d65d1641dfa8e69ae778299c6f,621,361,593,617,966,13,1
58c9cacc3fbf427e9adc8b34bc7ed243,833,240,487,495,966,41,1
ae226303a6ec412e9d259af1ae21ed15,630,387,572,454,967,89,1
c7cb6efd91944b2f8cda4fc888b2a7ba,641,392,586,452,967,89,1
8f28abd7a6104e9d84068eb01ea04363,728,625,753,455,967,90,1
5148e6655e0748e5aa41847022cbe4ff,394,302,552,422,971,89,1
61afa52b57eb40aea2bb67bd87939be5,394,298,552,425,971,89,1
d91edbec54c74ff48e441b3883943d80,627,362,693,488,971,90,1
8fbce57edcf04a9a814532da633ca408,1194,207,528,362,972,44,1
1f8b53823c084e4b9e6fa203b2595011,939,168,826,574,972,85,1
ee50d369cc0247ed970c6d8e9ab499fe,751,402,791,451,973,15,1
b635753561bc4ecfafcd9c8728846c52,1284,83,634,474,973,57,1
ce279fa7df4c470eba776f47847bc2e4,1283,83,635,474,973,57,1
0b65354c890945af8a67052eae9352b3,774,375,353,309,985,42,1
efd32a0784184992b8d9b7549872158f,566,257,757,546,985,48,1
f56331c4450544efba6dd94f5ce31afc,569,268,755,531,985,48,1
5d7ef7cc058448b089c64c800cc1d442,794,321,706,445,989,43,1
f3939a0625b747f8958f74fbf2c1f10a,791,314,708,450,989,43,1
e26882e9ca6546909c1405c83fb036fa,532,583,591,365,989,90,1
fa6d2d4ba06e4a95b62d1c7856e6c6e6,487,447,741,450,996,42,1
012d99f1d50645bdab3fea0371ff3ab5,749,352,557,398,996,83,1
7952fdfd854a438fba2a0ab8fd1f6138,759,352,560,394,996,83,1
46c7b6f4b51d4a81b82584931b9bc49b,1,168,908,603,1008,43,1
3984cefbbec0485cb99dffa309a1c51c,13,424,565,473,1008,90,1
39c309e3e3af4868af6d9578ee09c928,12,435,566,463,1008,90,1
20a20396f681477287e91e5ca9ac9ba0,913,431,429,270,1009,42,1
556bf49fc8454b319ac2f8327b828be3,1029,611,816,449,1009,61,1
ed4ddda4a83347138ae387b40373bd9d,1028,610,815,449,1009,61,1
fe5fbf83b3ca4ca987eb41dee78052ee,240,348,542,501,1015,89,1
1063bb0df5794c8f8e774c6f8c5f35ac,1230,224,495,501,1015,90,1
5db50abe6e0d4b439d74312bc3a379a0,825,272,744,502,1015,90,1
9d3cc3bd80f2433b9cbfeba6d99bc483,832,338,542,554,1024,13,1
d67110040ace460e973e864ffe7f165e,836,343,542,561,1024,13,1
8ec914f50fc542f2b916a0754a2f7784,933,129,550,440,1024,68,1
e351d924eb74408db8cc77d20e9595a1,906,524,510,391,1033,29,1
e7e27855a60b4235a39020253ab27f6b,991,505,454,389,1033,29,1
08701ce802d846d2994805bce0313a7a,554,441,578,468,1033,92,1
689118cbdbd346f5b548c584675b40d0,227,256,768,473,1041,16,1
91ff4e3429a64a3da98428e018e3ac9a,444,98,883,775,1041,56,1
0a129ba8e84e4eb18cd85a8e2ff490f5,828,53,448,395,1041,63,1
770ef043d4f8485389aa9497daf48d2e,312,179,750,647,1042,45,1
d5268595eac9476abfc4515b37da422c,313,178,745,652,1042,45,1
b7948a4641354a45980df8dd20f3c837,459,255,718,492,1042,51,1
379936672c0d4a0393be6bf0cebbfae6,467,242,920,654,1044,33,1
978a94e0e210473184bfeeedb8cd5ceb,614,375,672,448,1044,33,1
17ca816c167043729a93e019ef54d0e0,787,390,1131,690,1044,86,1
f4a46ae5f8404c8c97ae0327d40a5856,908,35,525,596,1045,36,1
0d83449146d74aa48bbe20d6ee856fd4,613,285,907,788,1045,82,1
45c1ba662633438bb261282a3781682f,88,474,1078,606,1045,85,1
e3d588fd2da14c47897adbdcc5e6c307,523,539,953,427,1051,7,1
ca3585f8cdab474e87977b18421ea898,103,502,885,423,1051,87,1
de70781c5d244e7783bc042f1e42655b,662,420,603,414,1051,87,1
4daad4390f274c77b5d36255ea128a4a,581,552,904,524,1052,19,1
70579c0bbb7e4574bb378e423ec3ebc3,712,608,960,472,1052,19,1
426c70cd2c6c4d568bbffd688c351f61,1351,107,568,408,1052,6,1
6faac4ba8514415baaa0dd00e1ce1b0d,580,365,517,457,1054,89,1
de7a9204ea8b4b759265a2b45f020027,772,306,473,562,1054,90,1
f6cfccda9fc84f40a6342f3dd2fa8c13,772,304,471,563,1054,90,1
78240bdb8afe4737bd83f11303d280da,208,532,742,395,1058,87,1
0d5149fed39d4dca9c86c1a08302e486,1133,212,625,420,1063,37,1
1191a83c7d7d45e787a36fb02e9ad17f,1149,213,609,421,1063,37,1
356708dd064441f993bd443dfae8d57f,804,387,577,439,1063,83,1
2a161f2f70b84a098cc3c4615aebd2da,212,594,713,385,1070,11,1
b1ca0b4683174baaa3749b1a89aec14b,545,200,772,525,1070,58,1
bebf98094cc84744a91c661c07ba3c8a,221,159,1029,609,1071,43,1
0546b58628ad454e9218e02f1d628af5,1296,186,473,497,1071,90,1
e1aa59955b68403fa08d73db0260daf9,1296,191,480,494,1071,90,1
03983ef358df415a9de2b22ce0379309,425,304,738,502,1083,12,1
5fbf9da58b3c437797b5a54ad8800daf,439,318,742,508,1083,12,1
206c71ba91754f1494095ab616a09318,767,341,600,543,1085,15,1
f5c5cb0079ff4a02a93976a45b2a912b,520,285,760,521,1085,15,1
f6666524dcde44929f01d9417f779df1,830,484,1044,594,1085,27,1
620b5fc663d94471a90581c327780f94,226,175,937,642,1086,20,1
f9aef51e24794b528d595e390278a44a,720,303,724,501,1086,23,1
845db766fa7f438d9afe5570a74a7428,684,335,600,493,1086,63,1
3468315766784e1a89e681c27eb539ac,588,235,726,649,1091,31,1
5e4fa847e5c74a8d84f68976e19a35cc,580,164,627,606,1091,31,1
8960a243dfef464e823adb64ac371cbf,701,155,498,409,1119,14,1
95d82c8b17584f988663b3da90defa34,701,129,498,410,1119,14,1
1529b815c4d74417af1715fb8deee30f,695,0,376,374,1119,58,1
3ac7d38cc0c84ff6a82b2425f9f796f6,462,409,736,480,1122,12,1
c0befe8ade8d4577999c1c116e95d87d,457,57,405,347,1122,53,1
d37b6f95ee0748c5baf881b888668921,460,53,403,359,1122,53,1
c5d554ab7949496e9c436ba01849c1b7,41,136,677,474,1124,12,1
8af51d476e05418c8074ca94ef17ba24,694,560,713,520,1124,53,1
98ee0e0fe5b64960bedca79bfa3feeaa,177,346,643,412,1124,6,1
b2db22092d634fe58a3f656a511fe30a,616,0,344,183,1144,28,1
dbb29cc4abad4c45aeddc99974ac6a21,590,0,378,184,1144,28,1
0823b8f0347f40ebacd37cff8a90647c,661,104,615,618,1144,48,1
458f6f4d7e8c40b5b56eacbb5f7c0ede,1107,244,686,544,1147,43,1
f5f35d50a9ae4cdca53b1d0c130f9acf,154,579,805,425,1147,90,1
345437a866f3420abcef332d6c21250f,706,243,654,560,1156,1,1
765a3219d834419cbe7179e6da1288b3,774,250,572,558,1156,1,1
a520c3a3f25447e181b9ef6a49f918eb,630,279,465,495,1156,86,1
d4fd6718f7364cf9ac05edf93b3ffab3,273,344,788,555,1159,35,1
0ea98ca9d3904433b6e6026054e1e1e7,775,392,459,457,1159,51,1
cb07616c5d9f42f794529d7aa377f9f8,624,309,1103,579,1160,86,1
404dfd7a69164636823ba07fe10cad43,0,351,419,430,1160,89,1
f8dc72dbe2d0491091bfbeea70d188c0,1122,438,676,535,1160,90,1
b3a8db2dc8684a9cb3ecfe3c29db37cd,269,284,658,494,1163,68,1
33aef45ca7664a42a4e2d00f55481d33,654,0,474,432,1163,77,1
d9d8d985db2a427798aefe0a9badd02c,654,0,473,434,1163,77,1
2e7bbabc527641ac975082bd7196041c,702,379,898,493,1164,81,1
e03a5bbfb74a47d99c0c3b7160effb4a,701,375,899,499,1164,81,1
344f68d8398f4b3480498a9b2e605d7b,630,268,600,534,1164,91,1
094784068f364f91b25ef759cc1ab43c,179,254,821,542,1171,19,1
f4df92626c5f4233a288c077869f5311,180,253,820,543,1171,19,1
13e22e084cac4b8b81344e7e2bc6d3fb,456,191,932,655,1171,6,1
25fe4ed7ba5b433b9ae84795ea909729,373,524,616,555,1176,36,1
947c387d3475482b862646fc8ced7c04,245,292,969,591,1176,74,1
a7f917475761408cbd4e3bf06f221b85,246,290,974,598,1176,74,1
631c78824c02420a813a50375bf4fa48,720,47,453,550,1180,79,1
f6faa228a7db4ddab4c7f01bddd96f9c,725,30,451,569,1180,79,1
afd7987348a34ad4a3a7f97d45152fb9,643,223,559,332,1186,36,1
0316f35ddc264a54a3602f9d0584bd05,811,294,337,304,1186,42,1
0abc195159704d58a0ab41c3b0b4ddab,811,290,335,298,1186,42,1
35366cf486a74e8682e541e4ef3c87e5,1234,425,668,362,1196,89,1
70a2123772304e68943edd720ca47737,1235,427,665,383,1196,89,1
103372bcccb343f282ce73492d9cb137,112,567,663,358,1196,90,1
4f65b3005e844e168b9376850d101471,0,394,402,414,1197,43,1
aed343ac7e4f46e2bd0368950b4e7ec2,150,191,1314,693,1197,43,1
712d062389254052ba45495f3ecd37c8,744,306,1084,657,1197,80,1
4c050f14b7f648409ad2cbd431d4f6f4,740,0,471,465,1215,14,1
509e2db817974dd89c8640b7b9e67098,680,382,581,466,1215,73,1
c5767e9208aa4da8b1ceed7b0835217e,633,405,577,472,1215,73,1
016ad872fd1f496492654255895d7521,674,240,527,581,1216,70,1
a8d9928d9fe5404fab9a8314ed350897,671,228,529,601,1216,70,1
f268d7f92c994c35be8c679937381c52,508,415,663,473,1216,77,1
44385ff4dba9447983081f3cd0d5b88f,54,285,676,594,1224,89,1
0d656cc67fd34f3f9fb9e0299390f03e,304,376,704,553,1224,90,1
a857940c2a36414fb86afd6fed325256,969,349,769,506,1224,90,1
15176bdecb8d4a1e90b73a82e4bbd577,824,278,777,716,1228,45,1
2d804ac733674574ad056947c5f4647e,524,315,831,571,1228,45,1
a03ab6d09073499283b4fa10d1ae4c48,434,179,737,733,1228,56,1
578d26addc834e26a420febf946cfd0a,135,549,825,531,1232,54,1
5443865787604baebf63b8b7e48e6285,550,216,630,686,1232,65,1
275b60651ca54877ab956721ce176095,684,391,923,521,1232,94,1
1740d99083354f5685d523790291270d,983,343,473,371,1242,89,1
72a3b20f48bd4353b9b88dc3fd78eb86,49,290,693,534,1242,90,1
ccd4618ee0f44ce08f39b8d7f92a9afe,48,290,695,534,1242,90,1
165597441a1a4570a67bd71399d17a16,768,403,1042,588,1243,25,1
c2809208a9304916ab31e6f86f5feffb,648,99,430,404,1243,63,1
5abeea997a4d4c15b1a78c8ffc06c80c,526,0,865,777,1243,94,1
8f356688532949f88e5427076efa9795,1307,64,612,484,1251,23,1
29a63a51405d4384ba62046f24e3d5f9,651,438,556,525,1251,71,1
784b85da77984d3288f33380462144c6,652,438,555,524,1251,71,1
d55f8b9406be4ac6bcc0ccd5557cc6f0,641,446,858,491,1271,19,1
98e85b1b359d4fdca69782fdfb035ca2,513,262,967,630,1271,6,1
bb5099872ae742478c07a5a4265a97c8,1135,126,783,512,1271,6,1
ed1b672840d541fdbbe3d09a447408d1,265,280,583,555,1272,89,1
6d3d0fc9cb254b5da58855b56f9399c4,908,271,761,642,1272,90,1
a40ff6cf43b8401a8b2db73679d625e4,905,270,764,642,1272,90,1
5f044304346746f68ee4130b7681bafc,618,430,982,537,1285,16,1
796c1429c9024a4b9f3eb4f550174c73,618,433,982,533,1285,16,1
0749753a926345b98e18a5282f916888,749,174,801,603,1285,48,1
3277050bac1b4d5b9842c4b9a75ed44b,249,340,554,536,1292,89,1
1bff0b5aea854ca4b61fa2f33abb15c3,807,275,798,495,1292,90,1
f1c647106be14ef1ba7ffb2fb02c4aa4,800,218,808,496,1292,90,1
9bc3be73861e4ed3915f0f3e16226332,1,373,713,419,1294,7,1
feb1a25607784aa582f65f04cb2710ea,1,373,702,415,1294,7,1
1d3654b274db48518d6f75b512e55ce4,449,189,786,577,1298,69,1
43c92f8d1c6948328f06046c6b8bf0a5,450,190,789,576,1298,69,1
3a1809af6e614d99bf462065459a3e54,1092,101,728,556,1300,47,1
98a5070b9e5545eba630dd16f25c365d,1093,100,726,558,1300,47,1
560e2c7697074ced870c2d678892d94f,871,0,619,490,1300,56,1
3de07c7e2f77491c9c33b14dd21703e7,912,0,779,655,1301,85,1
e9d04825c0954174a95bddb72c1fb245,914,0,775,655,1301,85,1
d884a233c3774911a3943184e2da5926,895,589,903,472,1302,7,1
9315c18223e9497e9f680c5eab3c9a4d,953,375,318,414,1302,87,1
1d632d221bcd4376ac993f77445b9cee,671,244,665,525,1304,71,1
6f281f88fb954702a4a999de49e6748a,671,245,667,521,1304,71,1
4558b0cc682e47369a938f5d6e53793e,1073,149,739,481,1304,83,1
206d262c341240e093cb36e4dbe38a11,172,428,1167,652,1317,85,1
303e679cd0b24ec3b78144a039c7951e,1421,160,498,270,1317,92,1
5d8c66e35b944171a48b85b4d755db03,842,468,891,473,1329,15,1
c2a57d92627a44989f4d7ed785215be8,840,459,893,471,1329,15,1
f6da316fd127400cbf0f1d27f4c8ecc2,0,331,952,495,1329,86,1
5435b42467f54fe0a00df76c745d2dc6,658,3,700,806,1333,23,1
c66ecf23e726427985f02e75435553d3,448,241,905,754,1333,59,1
c842dfe7724e4bb8b99f68a7906bcf91,447,236,854,761,1333,59,1
5fa73ce98c48415bbdd0dcd58a6439be,729,228,614,510,1337,31,1
e071d9d5d14040e39f169af69fbf96d7,724,209,618,520,1337,31,1
7dacb56cfc034d72a4c06de4c1a3cf4e,799,319,1106,760,1337,86,1
6d457178d8be4061a48b43fc64e588ff,1213,305,589,478,1346,89,1
fbf4c034f074431e97cc31142ebd274e,1217,302,585,481,1346,89,1
61003b5ea3e44f0e931884dba9e89905,150,415,492,451,1346,90,1
0a41603e707f40eca4c97f63b590cf44,840,200,1079,676,1348,2,1
4bd464dbc4d64f7db0e33583e8a363d7,0,306,1076,766,1348,5,1
7728e12282b044789068e4c1d2446d77,1,241,1078,835,1348,5,1
46db4940540c423b9a6c3178a23019ed,752,377,951,461,1355,59,1
c9dc6dc141134511af306e296ed91893,725,371,936,439,1355,59,1
5f75e82c2fd24c14a9e3e666f49e73e1,792,441,1096,517,1355,80,1
836385fee78d40faba293ff1b1b6481a,642,392,678,653,1367,11,1
9a0c6386081842e4959025ce7c45016c,642,375,678,670,1367,11,1
fe23c82cbf1e4d729bcf971ce6b7b9a1,1319,40,599,489,1367,57,1
8d0fe6571e7e4621bb406461817715f9,178,294,699,362,1369,19,1
34d00b2a2e2e4527b009d8ff6265da25,563,404,812,465,1369,92,1
b456c38a80f6468191775e95eb6bb36f,599,380,770,476,1369,92,1
bbc423dd6365415abff60148d3b16438,1067,262,546,459,1370,89,1
80ee4304f59f44a9bb88bb46f373c8a1,65,377,533,497,1370,90,1
9fbeb9a75686431dae6e08c7ef90b479,65,379,533,494,1370,90,1
5c8476ad61d742dc8ce5bfd0d123e758,314,373,701,571,1374,72,1
3a2dfcdb213b4ba69e40b23a567a1bf4,707,419,672,456,1374,80,1
8bfa93496b7c40d0985c2dbeb50d9a58,176,202,1189,650,1376,43,1
95735bef4a73436db5e7b0da49cc7e29,174,212,1203,622,1376,43,1
62188e4337434aa9820c4b7b46bc0786,1160,389,702,446,1376,89,1
4a9c7e690a3b4ffba7828f52f083d224,192,360,564,497,1380,89,1
21f0504374a14b35bdcc3d00b8eca3ee,851,213,737,477,1380,90,1
3403a05ec17640259576f195c461c823,842,273,740,474,1380,90,1
207b3f59bd1a453eb47de9aca8af8083,317,378,851,372,1387,81,1
fefec3f133134cd18687e68b8312bcec,320,373,860,464,1387,81,1
c99481d5c73e4319b75f01a9e3176e31,757,126,437,432,1387,86,1
cf9d28284b754e4a8832b99aaf7ae21d,0,373,541,365,1399,25,1
1d0fde70c1754134ac7cb2b9419a366f,493,239,511,431,1399,31,1
4f49510bd6754b1b86a61caea30be836,495,232,508,427,1399,31,1
8cf2f830608e4cd292d3b2141d0f93f3,268,198,742,453,1403,43,1
fffa0596a1c143d1b98592e13cba955a,268,190,743,457,1403,43,1
4fe804c952414e2fb8cd312926357acb,650,450,730,403,1403,89,1
350a42319ad444ceb791657dbc8b6320,1221,380,647,425,1406,89,1
06d952d066794041971422d3ca369dee,0,388,389,409,1406,90,1
805542c67d7f46fcacec555905d409a0,144,454,618,411,1406,90,1
891e9a8c0af34556ad6ea51a2bcce106,829,429,663,516,1413,33,1
18ba3f29ac314a92a36628e6f5f9ae2d,922,690,853,389,1413,61,1
67d178b8f1794bbc9b226c7906aacb21,916,265,648,467,1418,15,1
e9993ad45a9549ab9124fba29f12f122,823,344,877,550,1418,51,1
fa4bc99f9cac43479cde9d152d80393f,540,0,763,901,1418,58,1
4b923259dd0e4e2b882a221e52b7ee20,129,378,951,500,1427,7,1
f5419a72fc684d87bff63f8dceef543b,2,349,877,468,1427,7,1
0ea959d77b0c4ce9bdedfbb3678469bb,935,385,757,424,1427,87,1
4d5de53a079045a08f29b6392041bf63,932,318,511,381,1433,89,1
b7b2a7a1f6fa488c9d25939a09a01c99,931,303,502,392,1433,89,1
2f8bf6c15b11426ba7ff77641e897e9a,115,352,660,447,1433,90,1
9c10343f2c4e47038daf6277eb9242b4,655,0,371,178,1436,38,1
cf750cece23146619b57db59011b9de6,790,0,234,178,1436,38,1
7dc95dd90d044f10a83245f5ca548d2d,690,0,545,473,1436,64,1
197c86e64c1749a4bcf9a9f2e8746df1,1235,335,601,476,1442,89,1
bd697f1363ba4d2f9b23ceaeba4c2bbd,1237,334,604,476,1442,89,1
b7891fc3c8c942e884d3ad8e2fca9883,158,391,511,448,1442,90,1
4551f01aaf6547d889073738e7acff2a,803,14,588,513,1448,56,1
6aed0d772bba4492a564f3276f432102,131,177,1068,644,1448,56,1
5c1df5d188c24fa38ae55a0ed1d452e9,711,487,756,591,1448,71,1
c2ead492232042a2a5c361b9f25954fb,739,268,478,439,1451,36,1
7a2ebec3d937462a83a6519d2e0897de,1018,606,900,474,1451,61,1
9cb5b672f4b549c3825be1a865bdceb0,784,279,550,471,1451,63,1
415f4e79af034625a93b37530eca4694,405,521,762,400,1455,6,1
bf08dfa4785747689117517d10c7b3e8,405,522,760,398,1455,6,1
462cf676e59044a0adb3254f29e8db42,473,572,812,390,1455,7,1
1affb42f90124e54ba9c249222af7afe,751,105,868,663,1459,68,1
9e425bd72a3a4b3fb24c6f59c44a5565,775,103,870,664,1459,68,1
20989b84dc76437fae42cafa68b02593,155,241,860,464,1466,69,1
7cc7b32451a64bf9a7ee7008e1da4fb5,364,403,799,461,1466,7,1
4c3519439f6c4f9aa67f6c785770dfc5,618,393,617,493,1466,91,1
c58ef0f6af214994bae23e489b88b224,845,137,934,649,1476,43,1
6cf37bb46ba94cbaa9494bf50b6004b0,523,274,752,618,1476,82,1
949970460ba6467aa07cbbaba09c143f,1173,251,521,374,1476,85,1
758db92e60c64bd4bb4292f38dc27e8f,1010,462,793,444,1480,15,1
4c3b1c5033d847c38be1910ae6bfb508,766,82,405,343,1480,83,1
d323be5433bf4fc0875e343a42735dd0,765,82,406,341,1480,83,1
0e44be24b48046328a321aeb332c7e93,474,407,1010,672,1487,57,1
408cb645389a46f19bbcceac59c44ef9,463,441,590,490,1487,69,1
43354fb206a54ed3b7974bbdb3c48502,460,445,591,490,1487,69,1
f25b596722ac4f72942d5db8d004ef1d,1062,83,751,504,1495,24,1
15a74b07869e440b89fdd7197381333e,313,214,398,461,1495,5,1
322bb48c1a3a491798b11b96f1534300,313,213,402,455,1495,5,1
2ea4cf3a8f694d1f813c3067e9cd193a,1291,320,628,492,1499,89,1
14da114b3a0a499bb2ece0ac010ec73e,152,488,548,423,1499,90,1
5186173b48364d628c2cd650e2b34ea8,155,487,548,426,1499,90,1
93ac53b4b1d44c11ba7a3d5195d23cda,288,435,857,575,1502,12,1
ffb83493992e49f69f5c7d6a0da9f058,1132,170,656,460,1502,12,1
1d0236815f684175966c77b197fbc469,1269,90,525,401,1507,0,1
ccb5c2feef034ed891f30f8d6560a1fa,1268,90,525,402,1507,0,1
910e799398664598860f0fd43919a7c3,356,147,932,786,1507,56,1
ac8ce4b3c27248788f90caa06391c6aa,196,437,683,416,1510,89,1
0ca22cefe0374b9080ff2e0ad579f147,205,425,647,331,1510,90,1
1f0d552021944ce8ad2ee7b955ad7c64,620,454,622,382,1510,90,1
9afc51e635ee4a75954dc71d2d099010,766,346,772,510,1516,15,1
eca08b11264e4cc39297f1cb6da91d5f,770,247,763,613,1516,15,1
77b67d35c45244bbb74e4c40f6f9eb93,421,229,494,337,1516,61,1
0876708bc8fd4134936225cde783490d,274,456,807,406,1523,17,1
d7de6631d2f74c548443d0c2fb8091f0,274,455,807,407,1523,17,1
bc658623f1ad448eb4b8df4806a6108d,104,569,558,368,1523,59,1
886c69f1735a4012a476117ef0c95f2c,384,95,1327,765,1526,89,1
13b3a16bce1d4b7ab242fd3188c8e078,75,371,566,502,1526,90,1
d174266102c1448fa6467e698140ddc8,77,367,538,507,1526,90,1
d3ac2b0f7c5f493aa0a487ec7725f081,890,566,1028,514,1528,68,1
f75f1a82201540108fef30f91bc965e6,893,561,1024,519,1528,68,1
97b0a50dcb1c4af7a9eeb08f4e57acf1,856,32,390,462,1528,77,1
0edecc145b6e4448ba3b257790090f8f,632,363,719,353,1531,43,1
7744c96114de4414b2b995256c72dbc7,617,502,719,310,1531,90,1
ba8a425eb0a54c828ae20e3392809805,168,216,708,446,1536,19,1
e6d569b65b644f9cb05a35b282f09f3f,168,216,709,445,1536,19,1
408ec3f510ab4b61bf3c5543a94f7f2a,705,0,659,690,1536,64,1
a32ba6154da64b459eb146cae42193e4,148,260,665,431,4,15,0
b0848d15aa504999aad8f3342df7a4c3,630,83,598,524,4,1,0
bf0c7ca1feff40aa9f907fc039622af5,632,82,596,524,4,1,0
f2bf07d8f391428d838f881512c11c59,148,271,666,428,4,15,0
151bb37ced3e4d86968e4cfe33fd9fae,945,388,489,336,25,89,0
8a25df47f19743c0907387b1a22d3599,9,339,734,497,25,90,0
b735ba11e377495b84382dd77fe9dcc7,13,339,768,498,25,90,0
f1bce1090d1a4fdab554e816e257a876,948,390,484,331,25,89,0
875b504d30e24500bc46d805e9ded9f5,1258,407,650,501,34,89,0
b943b878641644ffaeb49eca4203786f,1255,410,652,500,34,89,0
ec8608661f12468e9b3a880a08c8fdd3,525,386,926,512,34,81,0
52d7d8b1d28e4e86a1e2499682085f4c,1080,96,654,470,41,73,0
9b07de48cd9b4d15bd691f6bbfde2d0c,1080,97,652,469,41,73,0
9b192b4a770b4639b1a9202c285411ae,1079,96,652,473,41,73,0
b1f45fe268584c4ea1bd858f985db985,794,371,552,392,41,83,0
43f2c9b634a2423a839628ba1a60ff5f,717,232,490,429,48,63,0
7134a39bedbd44b5935c533cd2921e91,717,234,494,433,48,63,0
b7b0b0bb973b489ca49b70c2039b92d8,546,269,513,434,48,69,0
e9982140b08d4812b40b3b138eb7b347,865,481,942,543,48,27,0
160e079440d143e4a5c437670fb01315,509,281,912,614,56,94,0
2175c291ccdc4b8196a62be92771a976,70,368,556,467,56,89,0
338f55a87b0a47e788d0920a228da750,66,397,543,449,56,89,0
534538c89b6c4695aa0153521db26fef,1184,532,581,456,56,90,0
097f48b572d4421ea784e6030609d59a,465,88,1311,668,62,43,0
0afed9f8a2574c048df6c678d144fe1e,444,227,674,454,62,51,0
382249ce2e6e4b3f8959b13e1916e03f,838,1,576,471,62,1,0
6e936b41389147c88f484bc58a982b8a,487,240,674,453,62,51,0
57328608f467439999ab141540222bd5,457,435,623,425,97,62,0
57667f92cd5942a094fd2115747b65b2,1072,225,620,444,97,23,0
5ee68a391e8c4a7994375afa5e725910,456,433,622,427,97,62,0
a48c0a3da59a424db1c356c7fda1029e,795,353,534,445,97,63,0
0d5a528189664d8ea55e0cda5b54b70b,1244,465,352,376,121,1,0
6c68761d291d47edb10595723cc1e8bc,390,120,887,758,121,56,0
7010671428dc4cdda362c8233ab209fd,425,165,883,885,121,56,0
b7e300a29e5b4f35b9604f4231b83a26,645,440,963,471,121,1,0
07190cc823e54284abc6b63db547c47c,78,355,514,486,157,90,0
6fa744b320e446198720082b21bd6449,75,349,647,490,157,90,0
804db47b5e7f42669ad2710142a8e234,1162,407,699,434,157,89,0
e994052831f345dd9e9b57a571ce2709,83,301,651,490,157,90,0
74b20bbaad4c42a8accc03e0510e7569,602,453,786,376,196,90,0
9cdd2a5d78514384ae9d75ca1216a5ec,601,451,789,381,196,90,0
d187220369124c7ea326750417415292,705,334,672,379,196,43,0
d9bdba9a92df4fef8620b930c87e05fe,2,288,850,389,196,43,0
5f9197f5afe942de964af7fd5182b911,648,167,611,489,228,12,0
68be0a56d41944e6bf382aa84b38be22,648,167,612,489,228,12,0
df7545dab1f1440ab2b4568ef68dfbaa,604,362,711,401,228,51,0
fab1e6ef8acf46f29a755a0099fa66a2,648,166,612,490,228,12,0
2d155d7fe4d748bd817abf753df9e767,0,136,606,370,235,44,0
8f01c3f35cb44fe49c28bf64c71c2d38,672,258,607,486,235,91,0
ce5b425252d54bccaca2f7f1c73d8f20,400,412,858,512,235,10,0
e954144962fc4028a303258208cd9faf,669,284,607,578,235,71,0
070eb3ff0eb1438abc9c1b872417341a,83,479,561,394,268,89,0
100ed0b4a212467da8f467b163febe63,1251,510,668,369,268,43,0
4bf7ee7a5adc46cf8e3f26f72ec9c02b,1250,509,668,367,268,43,0
566d61b2b1eb4e3c8613e95b4619a349,1209,574,573,380,268,90,0
37765664aeed40759b867cebac947b9e,349,114,796,569,271,69,0
6312ab22f36841a9985cf41a67179a69,566,0,878,665,271,46,0
9de8dc4697db4ca9a60e71f5e8533a7a,566,0,878,685,271,46,0
a458fa1fafc04a8e83e978dee02e0b80,163,124,951,573,271,69,0
35c50e9bda0a40c6a281cb7a6bdb02e4,641,528,710,394,278,90,0
9f9001e1d202452984263dff5062d686,636,527,713,395,278,90,0
d050e0e59f51416bb84fc8c61036c3e7,935,343,748,455,278,43,0
34e2488d77ff4e599b3d0988608e204b,432,562,693,518,289,71,0
6fd1daa2e72141dd8ed66580187cf73f,467,437,633,521,289,71,0
d0fed0578d474f92b487c4f74348e2a6,491,375,545,524,289,89,0
d2c275147932487594e0eacd92a648c8,558,296,500,460,289,89,0
68c16be76a214e5a8ae4e56b67f1a2ea,191,93,914,698,292,82,0
c6f619c0d3574dee865c7b12faca6855,194,98,911,695,292,82,0
ce2cd21c9835403d9bd52a4ffe210105,826,261,315,379,292,42,0
24ab438a002044ceaf3ab0cfafb811e9,1014,35,713,516,330,73,0
33c775ad393847f180aa715ac2d4c970,631,201,822,626,330,48,0
3d64b88041c24290a95050c737999e4d,1016,33,708,520,330,73,0
7a413b96c3f8422599285726559802f8,631,202,822,622,330,48,0
386fc8ca75ef40e393d9705ec9345017,1173,471,724,501,340,90,0
5c51398429e14a15835fe97974140fb0,1150,353,680,379,340,89,0
cd406f31902f43d78dc02845fe4b9158,875,436,818,449,340,15,0
0d2ca0273b884d0aaf871d155def4028,578,398,657,439,353,89,0
1a7552b928804a18b1431709aa4083d5,576,397,657,439,353,89,0
55a3d722371b4b97a3e0dc146858f136,578,399,657,439,353,89,0
733e27f19db94e0085cb9eba00213027,565,349,803,458,353,90,0
1f99dbf7b3a5477e864a22d459c38370,564,125,490,497,381,53,0
1fc154089ec843079fda25a139417025,724,381,564,552,381,63,0
3fbc86b4f67b477db457c81840d7a006,712,317,582,570,381,63,0
bda4025eaea94f688cfa86a6a3b4e8b1,564,128,490,490,381,53,0
24d9b262603147e7aeec217f606fc11c,365,233,438,474,418,86,0
4b7557c6bb1e4393929a3bf34621ec21,1043,56,657,486,418,73,0
9b9004bde0074641bf7042d7c7dbd3d3,365,232,438,474,418,86,0
03117b0fe6814821b2ada2cf8dcf3751,1227,299,547,482,458,89,0
c75feb1093c449e491b450ad732fadc7,1225,298,545,479,458,89,0
dc841e175ba4409cb997f00c9c6a428d,1223,296,547,480,458,89,0
e6bc10a6c17b495baead82cd7c23cf19,843,3,415,453,458,77,0
23438a0c481945a090e935b31c91231e,1293,157,491,457,460,33,0
77762a4333984bda9258a0f8aae15a2e,545,170,1064,671,460,6,0
b16a6c5fc16c437b9923cd285ea3d019,547,177,1051,559,460,6,0
b93a6a12dcb846338125e31144c56502,548,171,1058,669,460,6,0
04203507ed1d4657b4b8c94e543a65c4,428,363,787,607,467,82,0
0c04a2fadf5349fa949f216367c64948,428,363,787,606,467,82,0
6ab267d2274642cbb9bcb29c481b6214,429,363,787,609,467,82,0
186e7f41314044328bddd776b9ceeb44,682,385,735,450,468,66,0
692a33577bab4ca3888ef05d9607f183,626,82,765,683,468,94,0
b0a58251c399441cbc77cd05cb6027a2,624,86,767,685,468,94,0
c14447dc14454e699e654d4ce50ae926,679,487,737,430,468,66,0
43bf5898a12243ca983edab1c68b07fb,736,319,715,612,484,33,0
5055d46b56264a8bb8b54293b2327aea,519,0,648,606,484,58,0
5a6a794804a04cd793490cdeca9c50e5,756,316,715,615,484,33,0
a99125be5f9844ff879d418f325665e1,450,389,407,473,484,19,0
61b241450d134d0e935327acaf7434ae,326,408,997,513,538,92,0
9ec9b82183ce4d458f2f75436be6c9af,790,527,825,552,538,86,0
bc9cceca66d84c798003c288777c0017,823,292,1077,788,538,86,0
d4f13bcbad4847399b85bd9c8eb16008,393,361,810,566,538,92,0
2a09711475d942a0b725eecfa6c1775a,562,203,707,679,578,77,0
66a77104aba7483e9d5d090b7f1ad584,423,34,496,519,578,68,0
920e7248356448668e0acacff68a4d37,562,204,707,678,578,77,0
a6d27124cb9142299b2c296f0956c0b8,533,193,687,657,578,77,0
0af218ccd0eb494daa6159a5157fbfa8,586,341,759,516,590,90,0
2921a3fdaff34be18d0018b89f2e37e9,0,287,843,513,590,43,0
f0fc5480eb8947e8963831737920a9c1,384,340,629,421,590,89,0
fc63780754d74fbcb4d3067cd202d06f,655,321,394,365,590,29,0
2e1d93be3a294c36a31500b426441dd8,364,384,835,561,606,68,0
46ad28e3b7574827aefa43be058ba43f,870,47,366,373,606,77,0
48e292baa3a6404b809f8f948f1ae239,356,386,838,559,606,68,0
fc1a361aa72c41208dcd1a8b2341063e,876,36,361,373,606,77,0
064e73a55d384abe94471a4e6e78f976,959,187,607,563,615,22,0
77d3f84d5ed741628a4d1bbaf7850b7a,959,197,604,555,615,22,0
d526474da2084e8aa170f8c450f3684c,960,195,603,560,615,22,0
f2ad4eb64ef344649d9f750114093fac,283,68,695,572,615,38,0
041100eb8d584ec19caad0decd6e9a16,866,388,780,493,641,15,0
5d149fa34f3742a2a51bb9ac82d9edb8,423,82,433,366,641,53,0
d6f61b00a5d54c15a7057ec0e9091d4b,423,82,432,357,641,53,0
e8e0a7ae86394586976479403fc5974d,423,82,430,370,641,53,0
78aaf09f86734dbca23a1f7ff73d6dc2,1009,210,847,616,649,33,0
850594ceff3d4dd092410f3eca380534,1017,201,839,620,649,33,0
c1dd48950f94437ca5785b02bcb7ab75,414,438,703,446,649,6,0
21ea4c6d1718422b864c878225333614,212,250,669,453,669,15,0
e93d55f4704a4361ae52db4e778b7f4d,165,348,790,412,669,54,0
12600dde111c4f8488dff25ffbca1b63,412,0,669,461,670,60,0
1aaa9ef342274bb7aaf54dcf652dae0c,721,298,359,334,670,17,0
6a29d25058cb438c80bc96c9d24a8629,412,0,669,460,670,60,0
73be4c1605dc4fb78ed9b9507ea90bdb,410,0,670,461,670,60,0
0033f099095846a4a614bab9d263f164,601,315,566,580,716,68,0
5a6fa180f5b2416f9910a013bdacc70d,590,315,564,580,716,68,0
afdfa63089eb495db14af90f27749d11,597,310,568,584,716,68,0
c0ce584bdc8e44c29ce8e24e23db5195,603,345,679,592,716,77,0
1a9f52a5b1fa476ab18fafb89f5ea80b,419,568,852,511,729,85,0
5364d139388d448d9d7dfda9e53744e1,407,582,856,497,729,85,0
94ba5734732e48f290cce3aa8d7e0fda,112,177,447,319,729,82,0
1109968b825c41b99b31b504d1996723,445,308,895,559,793,65,0
5bbab81d8ac4441994b9261c54b815ff,1092,567,827,513,793,65,0
eab7af03602947b6b75bd1fc2a9e0b11,1044,278,644,519,793,54,0
eec45c2222a54d8884b35f3248b23bf9,908,240,616,512,793,54,0
53f5f923158c409aaaa735bc855d06ca,1011,255,767,618,826,90,0
91d0f915bc4f457a8be40bd74f5642e0,31,332,517,413,826,89,0
a8fc0fc5ec8a48f1baf48f62593ba276,48,334,517,409,826,89,0
fee701acb5a34c80b09db77a98493cf2,27,372,519,404,826,89,0
5d9370e7362848cf846b363b5a4b9d91,1267,176,652,730,830,43,0
ae9c781126ac445d9844f2398d7daf74,20,126,637,539,830,90,0
ef9e041bfce44fd7b128114196226822,20,146,636,546,830,90,0
f0bf98fce7274a7c9ac968d2db8b3614,21,133,635,557,830,90,0
63fdba5f942645e0989cb791de612f47,1136,213,573,372,894,82,0
8eae3742430444be93b88b710a06e49e,1136,217,574,368,894,82,0
e42f15887fbb446d81416cb55f319e48,1137,217,570,367,894,82,0
f490e70744e94aae89fe108139936728,549,302,831,688,894,85,0
1bdb8e13cf634b7cad7852105c86d69d,559,269,808,600,897,48,0
26b9ac7e8f164bee89e24288701a0494,558,272,809,594,897,48,0
350d77f3519c4254a5439a549a967169,603,267,806,585,897,48,0
67442c0552704f92b536f1acd6ea3426,623,485,798,595,897,71,0
3976067e6a644b0a859b372ec4cdeb80,1285,156,633,394,910,35,0
3bf52b1ce38e44c1b6754837e29818e4,469,107,483,396,910,71,0
403c8c0c934d4e3dab586e1afefaa253,1285,156,633,392,910,35,0
68fcc740c22a416199d9b639a2e6b855,1285,155,633,391,910,35,0
6b08d570cff14d49a05823008c25ecf5,147,264,1340,661,922,75,0
76fdf310a628469bb06adb9e73a20452,150,270,1337,661,922,75,0
a62d99d7ae51444b87eb078ac3b1b298,558,501,757,347,922,15,0
e2f71b38eefa4a69a51d0980e70c8d6a,148,265,1339,662,922,75,0
24cfdb639ec346789522535efe12a4d0,923,482,873,455,974,15,0
50d4db4f0a454a81b7cedecb88d2572e,644,395,1171,585,974,90,0
7eb49d6cf5594b7e873cdceeaece40f1,645,397,1171,582,974,90,0
dd12087a4bc6466f98aa8bf2d88453b2,924,469,869,457,974,15,0
b9f8539019a74bf6b16f38b1aa8a570d,1,209,944,561,984,1,0
e9cde9245d7e42f7990c90b42e8e3fce,36,263,825,461,984,1,0
f761708de3634901b154c34a8c96452a,383,40,666,610,984,45,0
152332ff9bf14bdc82a573097f331abb,656,304,942,555,986,49,0
aeea3a385c8a4186a0bba296d4b42db9,160,644,782,436,986,36,0
f017157541f04dd28c1b677372a97c00,729,207,499,531,986,18,0
03bcc23d574740a4bfb82bd449e28b88,126,409,1176,670,999,82,0
40ae0ca3f4b142099e85da70a6672203,202,398,1088,639,999,82,0
ca0182a914ea49bda33e0d03a14714bc,200,397,1092,645,999,82,0
f600077cb9ff45038cc680533717187f,522,513,648,567,999,36,0
3d2e332c9c8441fc9a7876e85fc1288a,113,444,653,377,1020,90,0
59fdb0273ecd449ea0fa306f14fc28b3,115,384,652,373,1020,90,0
69d255edd1dd44ebba2b8bd7a7619e10,1262,404,610,451,1020,89,0
c1df5dce1fa946b68188af887a2244e0,1261,403,611,448,1020,89,0
06dc437bd74b4bafaa83a9a4681603c7,346,249,1048,751,1025,56,0
20dff6e2623949dea487bcbb55a10a78,588,354,547,505,1025,71,0
31bd9d77b2e1418288782eb2a211c17b,776,367,668,493,1025,64,0
33cb26ee69d848c5a5feae959a466dd0,208,257,1099,561,1025,43,0
0cabb685ab9541c7a8a2224a80e381d8,650,344,968,582,1026,94,0
79683a37c69a417ebe02f6adbe8801d3,548,334,749,592,1026,50,0
e42e2d1234664da6a21aa5a3fdc1aa96,549,333,748,592,1026,50,0
ffbdf132632540419924130cd3c9b655,650,344,966,582,1026,94,0
21747e618d8348d59e9cc70415ef4685,972,0,742,675,1048,22,0
481c598180e44e18ad772348e04c8597,184,0,789,641,1048,38,0
a39686ca19aa487d8c14d1fcfffbc84b,0,75,1049,676,1048,16,0
b5d548becbb3460ab5f92657f4412f75,182,0,789,639,1048,38,0
031533a8e27b479a9b0efd291b4c87d8,426,411,759,484,1084,20,0
0bf98bd755da4b87b9c2f8583d6a7e27,540,469,390,419,1084,17,0
49c40e6ea5794fd59620b5c13e56c559,428,411,758,488,1084,20,0
3303999d836d48e2b07439bdf7f6e4f5,960,235,959,606,1117,43,0
5b006984aa8349828d3573ff42995be6,1287,372,508,499,1117,89,0
971929eefaf6475f945b036af9a844c5,1285,362,509,509,1117,89,0
3c780ad3dead4ff1a7dffaef048f5c27,678,395,676,402,1118,90,0
7393b27904c54b48bd5bdfa04fd90b3a,668,411,629,407,1118,89,0
7cacb0af3b49460f91e1436a3007ede7,679,396,683,401,1118,90,0
801378899195445cac663804bf6f664e,643,343,1111,558,1137,1,0
81a3f6e40f7c45c8b6937f4ccc5c4b73,736,353,801,473,1137,51,0
d2212a501358476380de5c2a6c140b58,642,345,1108,558,1137,1,0
dcbee35ef3ae42179945cd232d50ae50,778,228,413,373,1137,12,0
2a624f0e19be4c7ca0f8f7db5e20d51d,1344,197,512,372,1141,85,0
2a9e301021a54ebc886729669d324d78,1344,199,509,369,1141,85,0
3e2a6c1b4c5b4e09b7ae5ef462666f1e,541,256,906,763,1141,82,0
90eacb98cb8c48c3a0163ad66e121efa,540,263,910,749,1141,82,0
3893aa081b9d4b41a3c351aa571e43fc,161,14,790,634,1174,6,0
d2e4e60d265b41bb95270a5b255f7ae6,639,253,764,610,1174,33,0
0b497450189b45df827d251a5f20b037,386,245,1193,679,1179,74,0
5d25ffbac1354b179aadc53c5638da12,325,288,1204,629,1179,74,0
aa063cb94a8843b78408f0100fc75c83,647,345,633,433,1179,33,0
d31621b33adb4adfb741d8564c4224f8,563,332,456,425,1179,33,0
164d26637b674c21aa92c95d66ce03e3,802,499,562,420,1189,63,0
4390feeb3ed94fdea5f0a24fa518caf4,835,368,662,342,1189,42,0
f6396fbb386645c79bc966ae31b76fa8,800,500,562,422,1189,63,0
f69e1333ba594db7a3ff49498cb998ea,806,499,560,421,1189,63,0
1061f35ae6b940028f5e239a4891e211,1191,294,387,319,1214,80,0
414c2feb46f249dcbaecf53cb605ea04,1190,283,386,323,1214,80,0
8ec6955371734cf3bf2c11b42c89d75d,532,363,536,497,1214,59,0
a5c156e835944f8aa3ec98c2c2fba089,528,533,532,505,1214,59,0
26742e01ab184ab5b581b2a0895e8347,251,172,540,468,1217,82,0
8a7b8690c47e4ec69064a5294a97416a,372,437,900,585,1217,85,0
9ed00d9589bb44b4b80c94751c33bb0c,372,436,899,581,1217,85,0
e397cc3590b14ee6916567fd4c79f98f,373,427,898,590,1217,85,0
852ed927eba44401bf58c0cdda098677,783,231,533,565,1219,92,0
89721decc95547008ef488741e62db19,783,235,531,559,1219,92,0
944271d95e0e453d9099e30736cf1cb3,678,271,423,373,1219,63,0
c5701801b31b4cc2947fcf94e1a28a14,680,271,418,371,1219,63,0
2e4b2428e081495993927b6dd3486de2,615,427,502,464,1239,90,0
43a6ad4ddba741b3afb7aabb8b3da371,616,359,462,372,1239,89,0
a68b6d1d57a349dea85b20b605006443,616,356,466,371,1239,89,0
b7129012663c4340a9471e9bca097d0d,616,429,500,463,1239,90,0
158ef8c1b78948b6b47ebf724412840a,278,192,666,482,1246,82,0
6a36c789588c4690a1eea83d49bb2e5e,279,190,666,481,1246,82,0
befdcdce3b2242199f98066654607841,590,403,898,498,1246,85,0
cdfa46bf020c4efd987a354685a37a80,591,397,897,502,1246,85,0
31e4301a233b462b863c764f9daa69c6,688,510,491,327,1315,90,0
4fa5c1fd9af54341bdf379ef9b01d62f,761,327,638,460,1315,43,0
9db244ad4a454d8bbd8d871bb3d854af,761,336,633,451,1315,43,0
da5eb4978a034622935a097f5f886909,687,512,490,327,1315,90,0
7277425f6c8741a6b067b6749cc87756,806,0,385,449,1318,77,0
73bebdf31567411aa8b2ad5a9ac2ec1e,940,157,398,368,1318,51,0
bf26db5795684094b6320a39ee8fa283,953,160,397,368,1318,51,0
ea0ad821f06e492984e6b2a090afb052,174,109,801,543,1318,68,0
039cbf619f5e48d2a42aee27984db52e,811,103,585,660,1375,29,0
26ab9040966048eb8cd968683c2bd5e9,820,101,670,647,1375,29,0
38a281c135bc4c649cd79a49a946aff8,898,533,660,547,1375,17,0
8b330ec00ba74aaeb69f6fbf54c3d483,880,535,678,545,1375,17,0
7ff4bd5efc584ec199f3e7200681bed3,1042,520,755,397,1379,51,0
ac1b0917499b44768b871fe1e0c42dc7,538,318,661,577,1379,12,0
d7a1ae2301e7494697f8ee743634088b,538,318,661,576,1379,12,0
eb9598e6d5894b95b221b24685544769,1041,520,752,400,1379,51,0
45937585e83e43dfa95c88850436f3b4,862,241,760,486,1469,90,0
700773298d094534a097ef1652fbed6c,297,360,581,530,1469,89,0
9958966ed6f44d86892ddf98f6825f55,263,427,635,530,1469,89,0
1b5b953a8e494401b8c688e184d9a47a,1180,397,643,415,1474,89,0
4df7af5c992642e2ac6542a4833606cf,1076,364,750,446,1474,89,0
6e019566dded4098ad6ddac0495ea9a3,140,383,729,427,1474,90,0
acd2e7444f914fd09489c619a5dd5c4f,1177,423,651,388,1474,89,0
0cc413d3f52c4f94ac49d690a4c79289,495,316,901,561,1529,33,0
75140d772b3e42b98779f74bb9bf4531,452,183,1146,734,1529,6,0
c4555074dbeb45d899fc59f0137194f9,1027,235,703,458,1529,23,0
f7e1008b1d2a4802ae0170ab262b8c78,200,212,833,533,1529,69,0
