image_id,x,y,w,h,vehicle_id,camera_id
c92c7a34e6654bea92bb5f3c99a323a6,300,169,705,710,5,89
8f1c6587d9c14f78b40fd94d50606c65,827,6,849,752,5,90
477c4bdddea74c61896e2091ad3a1d1c,664,485,619,594,6,13
88825d66a4604b668da1122c7afa7297,522,325,568,625,6,70
a0ffb2e9dc384031aa3fd4e42f4df327,479,182,581,756,6,73
e42b7ecdff884e2087acc3389554d8a3,676,203,442,331,6,9
697c1cc2f1eb4885aafb19378901c6c5,349,410,979,670,15,35
9dbbb8c8cc6742d9ad17a7edb766af15,576,296,680,587,15,55
a1da098c7024457eaf4ef7d690346fd0,1,108,677,469,15,86
9b324f12425f415687d8c3bc7cdc4f9d,387,211,729,555,17,20
85d07f9831424b539bd05bbe26f38b09,374,375,943,579,17,82
bd70ab8b56184b029b0e147dd3f6f293,271,409,958,670,17,85
d980ebfea3b54048a7ddc04d9b4c8e63,1,0,1051,689,19,67
4f4e24d916e84a29a13164a2d0f917c0,449,0,954,956,19,68
4fefc99c38cc4c0ebac23a81e383d351,439,515,539,407,31,19
9673bfccd3bd40a3b3f5537537cdd8cb,495,258,612,476,31,63
d787c808f29342d1bdb91169589c5d1f,913,220,616,597,35,36
bb15341678a7422696f7f8c81ab6bf48,830,29,361,349,35,70
82baecc3bee74283a7806634ef220b1a,201,257,725,452,37,16
13bb0a4a4ae7430c8bfa0f6ce6b0c7ad,176,333,810,478,37,59
f7a3dc7d41dd49d184651ed7ea38a449,471,393,945,508,37,81
16fe2bc3a0c347938cb324ef07479c6c,604,320,612,758,38,84
813e4d16cfbc4c689b1a68d58b358307,1005,506,913,541,38,91
5ca7e3ac9d3c4bea9efcce81941faa81,445,295,954,595,53,37
1c2d875b757842d4ba991830f351785f,153,238,1140,458,53,86
5d8fa3d8796943ce81575da88972f1d8,2,209,750,456,57,27
3d6a536c027545eb8e31817b11e7da97,721,421,708,500,57,61
490d899969a542f993ea13c798fb7bdd,137,55,816,758,59,68
7ea7ce40fa6c433fa9eeaee4aeac91ca,630,0,598,464,59,77
c45ecc79fd764b53b33c04f44e3932da,1120,397,702,372,65,11
80fadf2f32de48c48cda24337a8b539f,694,272,540,560,65,79
9c528845a7b544869f5e5d97dc1e2a1f,731,0,556,523,66,1
518e0c0fac00479e8c6f02d625f217a2,217,466,818,567,66,91
8c96523f85eb44f2ae36229551e6845c,378,360,584,503,76,20
118df9b83a684c3ca79616dd4f02d1ba,654,376,812,480,76,82
cfcbf7df946d44069d1c1ef6ec4f0d6b,1386,365,533,461,78,43
752bd92f408e4a5d9a07429dfb267c59,0,547,658,381,78,90
b92447fad1564f9e949367e5f81b9ce2,89,228,584,425,80,1
a0783657f1bc4f8a9c3ebd554d5680ad,873,419,724,379,80,11
6266d50673f24afbaa457a6af5a43cdf,869,43,232,223,80,17
f12103e1448741c5afd9e12fa4188d45,939,396,784,507,90,15
ed88cfe485674b71bf354ed29c93c8e6,1097,277,429,382,90,83
7ac7d8294e01478c9df97058efb3156c,702,410,494,451,91,89
754915af6eef4418a310473d90d9ae6f,726,427,451,424,91,90
892c6221e652466b881ed76817a09c05,698,318,614,580,92,1
2a8fe3fadb4c43ed94c5a8ded147d75b,667,394,693,556,92,21
f01bfbce01944e588cfc4ad52aba3ff3,803,395,542,383,102,42
366fb77451fd4304bc110fb19018e7d8,111,237,471,483,102,90
7066c4f0bb67482cbe6d6dc053d6c821,685,1,431,385,104,36
c67f31886c5e443a83004bd2bbe112b0,760,88,328,305,104,70
9ac20822390244c19b4f44fae8fbd85c,932,89,243,210,106,42
e9ca3d5ba5b24e519ebd363210422acc,535,414,720,394,106,46
fd8b7c00b7364d6eab1d098263d96711,55,296,745,306,107,43
49bba56f920147debeafbee5e60325df,1255,375,508,426,107,89
ea590442a5bd4f959b26d08ee9e17cd8,731,275,444,361,108,36
b29b574076e14ea391d752d7c35f8459,108,272,1172,734,108,57
8c8c932f2a034948a1a6931f9aaf6377,598,388,759,510,108,85
61056aba884a4530b074d39d46b46dec,1175,91,744,547,122,23
3ec359b328074deeb3a08f05fc45753b,129,310,619,397,122,59
0500e22703804ffe85f3061433901b05,638,428,399,360,125,17
fd85ba69b90841e7bee57bc3ae67e2f7,963,280,516,354,125,20
50dd84cf99e44844bf0b2045c1a3190f,564,446,649,594,125,71
0e6be1d2346e4fd2bc49477d12b6d290,963,261,679,637,132,89
dcc29f047aac449f85cbf8dff7111c08,194,189,755,603,132,90
aa442d593f20489f9e53b680ae7b2e89,318,368,774,585,136,19
92c9579956da4be89732b7fab2541619,1068,169,693,585,136,33
c7a763f526454b8c8cc1f2c487fa2301,615,136,932,636,136,6
c4571ddea7114621b58789fd2320b00c,1195,191,605,378,138,37
4a3ce0b48d4b46108c13736ff1d0a3f5,211,250,983,482,138,86
ee47e75fe5d4456aaf8030133b638524,251,599,728,480,143,12
a954ca18ce4c4be19126a73a536c9d02,685,41,655,582,143,21
db0928cae14646e093c03b596bd12110,833,142,472,386,148,21
d95c43304bbf44809e55907c2de67687,459,295,916,645,148,24
1969efc012234586bd05beb6d6aeb1a1,1035,354,694,423,150,43
ff3fae0b07f3419189741d9b799065cb,620,394,495,404,150,89
698fa2c99b934ad7ae226e036cb564bd,761,389,453,492,150,90
727e8b7901df4c84b4f72b787b0b163f,666,290,1253,732,154,21
2dd0e1c8ee834b3ebed18c78bdcd9e4a,380,274,1089,565,154,44
b75ccb370e6d4217b9f773b4a9d6776e,1265,366,635,413,163,59
60ef7df5a0c7408f97816100eb3f711f,1533,126,386,373,163,92
93f7588097634317a76f39c5f34ef2a7,662,343,741,506,169,33
11e1bc04994b44da9f4109937c588aac,111,127,552,387,169,39
b805494f5464419a919efe1ff113cdc0,445,261,986,518,170,1
93fd5f78614a47c89cffcb8f556be87b,745,148,985,654,170,35
340f87466c8f4f25a6b59952ac29bc3a,301,181,354,374,173,30
a57f21f102e14c189eb0d388f651acad,771,314,534,538,173,63
5ed8243938684955b4defcefa827a891,882,556,879,491,173,81
78efb7a78ad74411bc3aaba5c02ccae4,436,455,867,490,178,43
6db4a59fb71d40dc9e801f382817dc28,972,241,573,522,178,89
6c3241a9206b4bbeac3f7a5341575f03,177,768,1743,312,178,90
a7922aa63c67409286370a2c80231b95,478,576,660,504,181,36
c06b9f5d7fe841f692e37104463a2eb0,688,485,608,439,181,90
64c63c973e6047ba85ff167f3c70cab0,624,333,849,639,182,82
00cad838118d436f9150cf344afabd22,1310,234,446,340,182,85
57386a6e214642dd8e743677e09bdc6b,495,0,1031,699,186,2
314b032e1a204bbeba335d139ca00a46,256,209,1152,708,186,37
089ca37f55454215949ea9d9791d214b,811,94,846,949,186,5
6f75676653044a78bce884447cac26c2,454,236,528,478,186,69
c05ffff05eb24c329bb32c60c63a581a,707,340,716,465,188,89
21bb5922a5f2425e9189b8b578d0fa5f,707,380,429,437,188,90
aeff095e544d4570a138cb5ca8084a13,505,335,645,485,192,40
0c1c735544514e729ceb76e006a2214a,576,322,557,514,192,53
a72ebf6c7f5e4ffaa93ed37cb58162cd,1,111,1046,601,192,83
4638c400df124a30976c0423094e06c1,1368,375,520,453,194,89
5fa6e283d639453aac3c100725918b76,84,195,699,580,194,90
cad76c30ad0c47e0afbfeb30575817bb,608,290,754,548,202,89
bf90a4f1cd354194a8c508dc29515962,581,356,906,434,202,90
e851d631dda8468480c16c3749b3a84e,875,410,813,385,213,43
3c9162d4b6644be4a5ef1f6ab947ada6,198,425,498,427,213,89
b4756524339c44b199f3b4df055d2679,950,262,721,435,213,90
3d66e0345e2b4984bd36b1c1e0a17237,464,296,748,525,216,35
b10cb0a81ece4af2a9a13b2bfd6a0662,552,4,618,490,216,92
23faae06a3bb454cb706cececcf59f81,619,305,862,529,218,61
7e0d6746ec2c41d0b02585b2356cfd1d,539,328,600,540,218,83
72ab867b1ff8458fa2df395443e14163,559,321,1273,569,219,43
b49344268e0b47c48054a0cc805c0439,663,364,644,429,219,89
202bd0a71e33436ea770f2daad51cf50,509,362,658,422,220,51
9927dc56cdff40fe82e0848a02676054,627,516,734,410,220,62
9bde89a5ca5442a1b43beb59d3cce83a,673,120,302,234,220,63
dfde0ea252164011b4adf0a49b9842a3,1156,113,562,420,223,33
77b5646fa88d4735beee83280952cd1d,715,256,1038,703,223,6
72b4e8f5905a47ff984409d788324ea1,538,359,786,442,227,27
79a20339878e490ab864be9d2d71c9d4,1245,317,502,412,227,90
378f8d121a5d4c27b12611c1d03a4df5,643,395,671,685,230,0
9d0aeb588e2b4be3a9814170205f9304,804,479,1113,578,230,69
7fb593151b0f481b8f07dda13b3127d1,595,190,530,647,230,84
3f6c6d6bb17b4d5e96947eb61c9f76a0,0,420,388,333,233,89
a0ab59619ada46489cf96e8ea947d758,897,415,957,517,233,90
c3548c6418174ab08ead4cda2aa803b2,690,0,427,425,237,14
0f18f0d2ecfa4a79ae5e158e4e777b1d,373,209,782,487,237,51
b2c8a3d6ea7f4338ab2f883cd43e6e22,940,383,979,507,246,1
a59017885ea641a59b0bcd4b89982096,913,373,843,528,246,15
32bcc17109504afdba2cb8be0ed47cde,537,380,752,526,246,40
96b5a4304bed420899520998d66828df,189,287,782,705,246,45
4861983433e045a699d2da9c399b13bb,488,272,555,402,247,89
b07f74e2cd044bbe80389aa903dfb9cd,723,418,624,486,247,90
8745a39be4b146ec94ef846c45f9b096,1023,72,732,536,252,33
72205a36100548dda3f4521efec9002b,555,194,1094,792,252,6
38f74bc8d69941e191a0264fd607d886,395,303,606,401,264,89
72758f97eb0f4a24a293f95527867d5c,557,297,752,589,264,90
64d55dcb3c7449119e74642f176292b8,43,449,542,466,274,89
7d1d88b9a1634586aa323be47d410722,1279,346,492,427,274,90
99854cf4f9ab44e8996cc50dedcb670f,551,228,906,469,295,43
973c4cf7fd574598a4b23d57d7b4d38e,661,93,333,303,295,63
2a069c39f57b439bb8155b6c1ac998ea,646,209,626,621,295,89
4d47b5ec7f0447dba56ef407f2e780da,699,398,1094,608,295,94
6aef8655a75144bc90b08a107e4fe6a6,931,212,793,554,306,23
cd51d82eb37a4925b3dc490d09107b8d,744,419,533,471,306,63
db0d47cd32604f8499f786e380df414c,682,125,454,500,312,86
309852facbec4025ba6b633a9a3c1d15,670,417,664,369,312,89
6a17006e182a481f82e2e605a72c8558,629,318,759,455,312,90
4765aa01438240308dbf40add42ae5d5,672,417,836,413,323,46
62440ea278c44701a2648b1e5dce18e9,307,359,926,634,323,80
53df0af88e76456e925ffdd274d8c6d8,378,508,802,362,329,17
3852e11fe7e641f09647581463f0366d,486,181,647,571,329,37
41c1b16297d6440296b8b87ea81159f5,813,93,398,406,329,86
0a67953be45f460c93657dea903b7ef5,670,241,642,835,331,14
4ebd4923eae948808abe3be58a47f5ea,710,0,392,175,331,22
6fe1ea9db9234167bfd3ee48f6ec9402,499,348,828,479,331,31
52756c61999f454d8195887155c36c70,740,0,322,194,331,38
fb471eaf5c9841e5b9eac01af7af8e0b,81,59,568,419,337,39
38d4dce3c51b4423be38472cf50c2047,515,426,706,538,337,50
7cc5663d1e7b47d7aa018899423146cd,500,330,515,523,337,73
67aab4d0862745cc85693990ea4c860d,760,164,405,491,337,9
ee5157bc470a4758a35e7e94ae2baedb,1432,102,487,361,338,53
9cb463062bcf4c9593e9648d49415887,736,368,578,439,338,83
42b9c9c0fa03407da5aee0a3eb2a8e13,253,336,595,567,341,89
17b20471502f4961a62c9c6adbe28b4a,899,220,767,522,341,90
0519040a63384f9a97d0e801065e5135,633,412,784,459,342,19
1d20073232454b9f9ae073de1ce3ed68,1075,83,637,551,342,6
a59e73ee03cb490c9b19b559d4dda98e,565,301,924,614,348,35
a1bd35391fae4bb5adc935f0b18349f9,737,481,577,473,348,63
2d49ba6768b34876be6d4f7994c641be,576,239,478,484,348,79
e29b88f39fac4ebf9ff6f36ecf793a10,797,360,679,463,348,85
e136cc43e7294366a1abec096a6db771,145,400,727,335,349,54
b2a840a61b764b50b2c4fcb73c15cbfc,717,305,560,413,349,91
aa1b25023e484d2f9aaf750761310869,575,289,648,658,355,68
91e75a78167b46b68819f02e2a159f03,632,327,735,652,355,77
6362a50d1987496ab65626c6b14e8ca9,653,398,658,476,356,89
b8096425e77c41438e4141c0d492d4d5,596,474,595,439,356,90
93916319683e40e1a7af4c01073e7a03,738,387,478,489,357,13
a30724c425dd4a79a72a9cdfed9a4865,180,349,922,576,357,27
ae2246638c8c4b2da757fbc4f8b87fe9,191,175,478,353,357,50
430848fd42b84310ae8cb52152a2acd2,689,234,534,417,357,73
9c253c87b0864e5d9a2911eb6cc936a8,594,376,423,426,357,78
d15d2f59afe14fad896771edb11c5e37,621,50,404,372,357,79
9fad83f7a70040da85f7a09cb5423105,705,298,841,541,365,49
64e28ff7ff37463eaee2699b99577d64,210,127,637,560,365,92
5a0ff772bd9343969287ef9ac5335326,941,0,234,179,366,42
68f5db399bf74051818f43cc6f67a726,966,406,832,433,366,90
80f4289a890f4901afe2e4a213fdc233,386,223,957,687,367,33
bc09bcd1e9994b49afa6edd36f2c0fee,653,110,1159,837,367,6
6fc028b7047f498dabe537215ad96820,658,467,613,544,369,22
b99cc167c5994804a0d05d12e5f26803,1014,265,761,524,369,31
ce3b3514b838466f911190e40ef9feec,852,366,651,485,370,22
d1918a15d9294ec4a1da0b0eff42ee01,502,214,727,513,370,38
b836538ee35541909916fd030277decb,415,171,1024,882,371,0
d1283efadc624004a9e284d31629e4f8,486,0,735,394,371,1
979c92e6465b49c598f129653b112d18,489,333,833,584,371,45
e5f356d1d85f496f915de643f99aa43f,201,153,1078,903,371,85
8e390862eb9b4092940b3ac02a8a2df5,946,255,853,497,372,43
8fa54d189c314040992dbe708ab76bae,1025,168,756,697,372,90
f446cd8fdf7746cca4e63b6de2b9534d,184,325,468,328,399,3
eb441cd0b3b84809a8938c01f525c2fb,488,542,1019,445,399,7
fe6be12a73e84ad8bdd61672b515fce6,473,342,653,618,399,86
7130c7a62bd34fd2a46dd0ac833dd9bf,1308,369,611,387,399,89
bf857747b6a5420caabb16c4b283a700,697,487,623,513,400,31
8444abe111414ca79823a1f2e1f67a73,213,288,936,511,400,74
58faa2f6fa6a4bda955483b33c60a538,184,131,608,388,405,0
2a45ce23767945aba36f9ebcc5656a29,244,303,799,454,405,59
7a588b987ad04c35a3b5ce4315bcdbf2,1093,139,563,442,413,33
aa3f635c46b94eb1abe9b4c31f775ed0,1323,68,596,521,413,6
8fbf46eb6bd64ea68c9477d86c448338,590,388,682,603,413,71
1c5bb637e44c4f849899bf2f79d17fef,1378,207,481,312,413,78
74f6d5a615f94ade9f018adb01876097,531,354,851,726,414,22
9282446619c647c49db55c8a39fa3fec,1137,81,602,500,414,33
c60b19798e944b28ab4414dffc18192e,566,160,1064,775,414,6
f803a2fb530f48aab47e0305cceccace,940,259,549,553,424,36
25688cd022da42d080ec67693ec76746,399,209,385,341,424,40
7a472479fb2d44149518c47494068441,658,488,536,515,424,84
417f99419c4745ae868a47dc7ec1bafb,604,239,529,570,433,89
39f634de87184e62846911f78190d42f,998,284,777,679,433,90
f671f7f649c04b7986e5a876c6581564,761,78,629,625,445,12
50a3cd3c65a94edab938c058178fb839,408,199,728,505,445,51
802c6dc0bfa54e60a366b1f6be65b39f,510,214,668,665,447,46
1b9c1f70daf84393b1666eb4d940156e,504,4,649,606,447,94
6bbf848749de4970ba70cdca8927ec48,304,352,1005,536,457,43
c6cd904d7f83424bad69cb207bc08de7,1130,342,662,424,457,89
b36704d8b5004d37a89c0e6ca01dc91d,317,41,691,569,462,32
6df089c9c452457d97b3ecbd8b380d16,836,240,403,359,462,36
bfe4b2e39c034fd58c535592a43a1b49,539,380,632,604,462,54
56b9ca84ab514216b8a29d20d465d525,584,304,679,600,464,89
c8cee8cb8fbd46b39d9a19e6efa4b656,1086,339,428,451,464,90
5dc65306ea0c47a6ac9143e38178c7a2,1164,356,650,457,465,89
63ead8a404c94b139d0a8f32c516e6c8,122,369,781,431,465,90
34122c9ca00245a3b664e9ce90305f58,36,396,1248,467,477,43
754af73edd794a55af619e4961174abb,0,345,478,362,477,89
3e847436bf674f5dae09f59658b6d472,1058,539,729,487,477,90
d93eb557196c4d4ca9bf609d197b5787,694,483,579,477,478,63
b0c7aa9fc76c4dec840d3c207be23517,36,153,814,500,478,67
d6cf2ea72c88441e813b1410c4e74f92,663,320,623,551,478,71
42b1c4d5f6d547c9b1196fc91c11272d,830,291,892,603,480,33
47de62a83ad247c086d1ed5027edb745,152,470,599,340,480,6
a01c83af23284ed08a504f9bbf776d6a,865,320,824,381,485,43
f51eb8efd12f49c1a9e3137970dd4ddf,627,256,518,394,485,53
30175fa502104ab88e7c98baf331e795,412,125,679,624,487,68
c896c8cd07ab403dbbff451df2ff55b7,366,19,638,601,487,77
41448cd6b7be46bda6ee8f7dbf2c77a7,16,124,854,498,497,27
e21281547fea45478d7f7d17421e34e0,1311,146,607,400,497,37
be779019f7e74fca9ba8b7ce56fda804,240,202,1124,622,497,74
8ae1d3af577a4dd3a382097481128fe5,608,373,967,519,497,81
684c3bdf95924e07b39843716582c033,697,272,656,504,497,83
f3cf59fe5eb941698bb8ca9d41286c2d,747,0,423,422,497,86
e3e2b36b909546129fc1d53f6bfacddf,636,259,1163,662,504,1
ccb76e20e4054abba08b56f013bb5b3c,240,109,454,441,504,30
3a6faf9dcf5a430ab99fbefcfcd83373,2,0,628,456,504,39
3a9c449e5b6246e1bbf709ca8b9e0077,508,287,625,557,504,40
671cddc19dc546648ce8b12634ba6d52,84,333,1055,689,508,33
043cc6abbbff4431b49f6a34c412516f,70,0,764,601,508,6
a06c6470e670489ea2ce87d8337e4b77,729,232,1000,556,511,12
92d665883d8a4cb4a061687c8b8ba685,728,479,943,448,511,94
8f37a37d16244cbe8a853675d9eac7b1,339,241,957,657,513,27
94216f42c7cb401e8ded144b654d70a5,679,487,151,331,513,51
613527a36656490e9cd8b5402a7526cd,442,395,447,340,517,33
29226864e56044c8ace4747094a3e28c,331,287,1042,586,517,74
04ac6680e04949359d00381ca6a9e35e,1087,278,476,370,521,83
5eb9cce498104e90890e62561d300e91,364,108,437,343,521,92
02c99764d80e456790def309d0f4d8c0,522,451,594,449,524,73
a420e11949794aee95e338eec8b4cfea,845,347,650,439,524,92
d6f0c90ca1be45889776f7d14b207f79,694,525,381,328,530,17
a795ec7662ce4e968d2157b4f0bc5e77,256,472,615,376,530,89
3aaa60bfcf594ab79c61084325b76c51,1049,724,870,356,530,90
af8ce567b58b4d2481da9033f275e932,550,361,381,339,531,89
6373073c60f04a9c85cc3892c3be2fb5,580,385,769,519,531,90
1ad79d25f835438f9cdd5ab5de82f64d,329,380,569,353,533,89
4615c3426f694ade8c1321e66d01b306,514,282,787,502,533,90
b39d85bddf604c12b268782156ce5bd4,652,391,793,619,542,20
fd06a451dcb54909ad765293d6022702,566,238,882,556,542,6
6a6b0f2e43814e918a0dc95d8a68fda4,1167,230,530,367,542,82
ae5aae2d00b34338b5c05f2204a3f6ec,140,282,628,577,553,89
718b4c80e67c40c0bf37d54053636f0e,952,241,872,620,553,90
4d236650c6424409877ef4888481da61,678,295,627,556,555,89
502870478e7b4ecdb8e068d07e1156dd,610,463,623,495,555,90
8e1402ce0c2c4304a782898152db4b3a,555,342,596,598,556,68
3e1796323f3d41e6b63b601d4012e58d,585,343,745,604,556,77
bf57744a4f854360bae25ae492192177,952,335,762,380,560,10
bf97b0602645493881633fccb85f8578,840,384,862,542,560,15
0ff7bebf1942434f9573b360fd0374e4,296,334,775,580,562,19
8285bddb2b94484b8be2f3645996cc3a,623,107,919,680,562,6
075bbc3982a5427f973b4883d1764cef,1,537,678,543,562,92
3eee139968ee4d31bedaffa2725169c0,276,121,1351,686,563,43
dd924b99465e466b80e196489c5ac434,723,469,603,398,563,80
0ecfaec81a1244ef8c8a12d3e21ffae6,1198,313,621,478,564,89
a84559484c434824baca5f47faa3ea7b,147,285,561,596,564,90
48aeafbb9555421e9f75d73ce0106d11,1,378,437,352,565,89
5b0e312f77e44703b6f0dac806c7d11d,1130,496,712,460,565,90
48cbad5819f9448496c6c3fa1ebf2b47,415,298,793,723,576,72
1ad2534e87234e6781ee9a4e79e41a9d,845,213,625,540,576,92
e1cb7daa87a44fcf8d4476c6821e6895,868,282,868,427,587,43
1ce63df1f04e45e5be3d086ac88753c9,666,634,437,366,587,90
80852bdcc7e14e639292a303e6db8a27,926,381,505,466,595,89
a3782d37a4bf4024aa49f52abe7feb70,227,280,775,438,595,90
1c4fec4204ec47348962550b4cc8f536,1146,345,717,486,596,89
5bdfcb0aa36e41f0ae889fabe02a0b5a,969,102,613,626,596,92
410056de626e42b884a63b3779cc8b32,514,250,709,605,601,31
019748d0729a455bacdd384e2c26637e,548,144,1274,669,601,43
dcfed512b2d14a7ba7c04dd862e67e28,8,284,576,524,601,89
4fa85c39e7f84d029e20d62e20c06f52,1312,329,510,483,601,90
3772fb73ddca40e694549440a21710e8,469,251,481,427,616,89
fb47ea3bd900409d85d61a00e136f54c,1253,219,539,505,616,90
8cce315a9799468d9593586cfda00bb3,698,191,567,601,623,64
7d120d655d3146c2859cbceaa99ccc40,626,225,504,436,623,86
6deade69c5044029bda22a19e6ebac7f,214,289,880,673,636,20
f84fbd7d2a48471aa59dc1c7c6403696,151,384,852,435,636,25
1473ac5723014f0bbdbc7388c8b34efd,598,475,560,416,636,33
bbb5673aaf8942f0aa704b303e6f2ccc,893,0,437,411,636,36
7d7a5255bd194231827ad23ab50813e5,1471,132,448,359,636,37
a00d7200d50f45d7a12e6e78943aa35b,669,65,327,286,636,63
58e15a99e24c45789358cab30308e03c,1,139,1139,651,636,74
dd0a90fd39914e769569bca5f8153acc,415,171,574,444,636,83
fd73b022b6094266a6e1bd5295e40768,643,420,673,434,645,90
b4ca4b57bc6a4e68ae105d472b1b8589,1363,148,513,353,645,92
b9bcfa0ac3cc4f15a2b1fe3e0842fb8a,396,371,506,374,650,89
711d8e0994664c9ab915a122e381f791,608,445,688,447,650,90
8208878d8afe49b0b123baf92c511e01,190,174,1030,633,657,20
94341f0573ba4727ac54d60f87526120,232,236,687,606,657,86
13701b6e3cd24c3980bcaa2f4c34e7ff,754,63,398,508,661,28
6ea74416114547ff9a7a6dbff54ffe87,1127,261,526,407,661,89
fb79e4ff7df44017a6fb594c4f350897,130,372,488,476,661,90
cbc764fbb520426c9088b500289063b3,832,264,1086,588,663,43
2603da7d54c5494782a0daee37d84748,1185,365,690,450,663,89
27e06d7eab874314b4c55e22418e7ac1,1121,576,607,461,663,90
612e78f3417441f099740ff93ea29f72,1275,466,544,371,679,89
1f8c7710b60c42b0b92079b376f27c82,163,470,575,348,679,90
e06d57f9753e4342b304e4594bff3845,813,227,567,442,684,42
3a717ef240b14631821f8cee194b9d77,180,364,815,435,684,59
a980118f0ccc48fb9d6872d84841a2d3,771,196,571,479,690,12
722dc9e5cb0c43ae90766e0496948bb8,928,487,764,433,690,51
ca542a2ec0c546bc99ad7ee5b2d2fbb1,415,488,595,434,690,61
a4f006f0c71549e1b60cc090d3dd6de9,278,436,820,413,691,25
a0f9aea16d7c4f9bbe367d25e39faf72,578,548,807,413,691,6
1db1987876554f80bd7b2109e4e0d8b3,547,279,665,497,702,51
312ad9a3588f4e26a775607d52bc6c70,688,331,713,444,702,61
82c318fe73d64ea7bad3c4034ec84491,112,256,752,476,708,59
3dde649fee4640f1b1b2c1369cc174c8,225,328,951,531,708,92
476f60f067e9441aba12c5abb7d3ce7a,418,173,926,678,710,37
8ccf2697f50245e9b182fb9d085f196e,651,171,573,547,710,60
5687f98fb85d48499e16db784fb3ec60,725,179,438,411,710,86
63a0eb8f0c8e464a8aae0f288bc4670b,290,511,864,387,712,7
891ecbcae4654909962d84079d763639,507,435,731,398,712,87
9e4e7316318b48c48e0c6e736aa6f055,336,275,861,621,719,19
b1ce622fbcf94a25a3e4648ac357dc85,762,112,905,639,719,6
6f75b22f32c54f0abb778eb55c253717,130,337,808,450,728,16
92ede805e33b40baafb5056e19eedf07,602,368,819,623,728,32
e71142c2261544ff9ef04ba5da387f40,327,115,922,796,728,56
8685766c81be4bd9a0a7578fb3ce3fd2,660,405,611,469,728,89
21fe32b60923430f84f01f3a79d59074,648,312,531,487,730,89
b5ad332311be46539ee856914dafc1e7,1146,572,675,481,730,90
d8caa920d1d042fca921897d69f0a726,621,309,578,506,738,36
aa09168ea6814689ae3efa70689a6587,1345,300,574,504,738,43
391332c620834e4da0b969ed3869c1d8,0,508,760,428,738,90
bdef5e989b8d4b868ce06b51ce8ac81b,193,142,1087,783,773,37
b0d43e2fd63148929cf050bde5db6470,699,359,787,500,773,61
75800c15a29a4964a7ec2cbce20135eb,0,360,626,409,773,7
93cafa7a655748d9af153f04f3660a98,400,275,769,738,773,72
d1266a8a69004463a9c56c09a4b55349,719,413,798,664,773,86
90fced07ed524bc9ab6a8ef8b38371d4,145,331,727,526,773,89
804fe0590cc34e68a0ea44f33c1f976e,782,179,837,587,773,90
1ff63f8b1d684d24893695cd646a9423,325,218,613,477,776,86
aa950076d038499596cb73add452d8f6,282,371,588,377,776,89
8f5f7f037b824441b1b29e7906ef2e12,539,318,882,467,776,90
a919d4f8d85d48bfb9cace7099dcae45,678,357,623,476,780,89
6885af571a9842b19f1a6b4e9432a4ee,611,473,616,424,780,90
4ef6085e2c094ba0bb9e2405b512397f,853,0,391,443,782,28
e44e44b734d04be584d20bfd283b349d,563,249,665,608,782,77
6df765d248434f819e20419a8b6ccb71,654,231,628,649,789,1
0db01932a5c7450aa526b24df4b4e341,209,628,734,451,789,12
e70b6aa5d19443b49a6ab10459524046,1039,198,785,459,789,62
f6ac71dd0ec94465bd0c0859588b57c6,229,202,1206,521,789,86
0b741dcbeb564891a80ce18d0144a3e4,1248,286,670,487,791,33
dfec793ed659498f9d3953463099f21a,572,402,938,605,791,82
8773f485149b498390b156b2fe875dec,727,374,903,679,799,40
0d295e4357674c03850fe8c03fbef2e8,516,442,1055,542,799,81
496a7fa5601f4d2f82ea2704e7c1c96d,752,619,959,461,800,19
5f6646924692441f89e4ffbf6b313311,672,350,515,414,800,36
5d0cf7ad0e7041b29a73ec7fba672608,434,392,719,571,800,72
a9d4cf41d0d04118b29824cd994c710a,866,225,678,480,800,92
f72039b639174990939ea916a6b54223,513,437,941,479,806,81
984e694bc47045ae816a9b9641295df5,570,229,538,598,806,84
1d2bf968aa9948898c2a64a3c4925c87,0,139,804,560,806,92
837518d296dc48efacf0888dcca15617,567,354,725,567,807,54
65f6968c6d9444d4a268f44ae94675fb,4,108,650,453,807,65
849d281dc9aa4143a6d33f7153ada812,509,61,1011,572,823,2
f07367be069448d8b35192989f862b38,657,0,795,536,823,46
9bac4f1ad8804fd293c81e83418de86e,0,598,678,482,823,5
2d807a07106d4da8a7748653d8c03eeb,606,301,936,584,828,32
32b6040583834a2a85098dc0182820ba,644,53,731,642,828,56
7b635b4f1b4b4e769d87d89d25089b39,1233,392,606,438,838,89
f11cdae6a9ca45e7a58b17f421d52b82,164,754,743,324,838,90
7816ae395fee49c58fff00b39784dddf,701,554,610,303,839,17
3cc3916862294af091a252c7ca31d8e8,153,628,581,327,839,59
0b654d1eba14459885ad2ef24a95097d,523,394,733,509,843,12
08af06ca4d244c2b8692ee1d60edbf46,513,243,804,710,843,24
b608e839eea14e46b53b589e9d5348c4,375,79,244,369,843,51
ce0fe4de23a74f41b8f95baed34539be,0,325,632,414,851,89
0f44cb1859a340f6bde375bad77e9889,467,477,459,362,851,90
08e31e5e00cf45b18f8e65f00e672428,849,353,1070,541,856,1
7021aaac4a5742aa90f6188c48f33650,934,12,984,689,856,12
addf7c807f304f2295bb74c406666912,1221,83,698,437,856,51
c38c59c0aabb4738abd6c13c5641a9db,77,312,715,303,857,43
f10668126b31410f8d554e50e2daf778,117,256,1127,565,857,89
a4a677a287e9458aa665bfe81c6b983a,877,326,1039,754,858,7
c6973c93517b4e75b251c50319dcf284,1348,167,570,571,858,87
64f7aee2fc3e49f5a1259847e2379a36,801,202,311,265,864,17
d171711a660c4f6c9a914aa5b8a38486,467,343,814,553,864,50
f81246c10f8748c2a9657c21d883ddd0,69,265,827,459,877,1
3243224b39be4e33a273426b06602fbf,726,81,585,503,877,21
4a5b141c1f414f68bd5aa7b43c74ef10,883,26,752,575,877,24
fcb6057450fc4b069638328f7ebd5fe7,772,12,568,532,877,56
edeac5260019462680d91fab862adfa9,683,724,698,356,877,69
ee0481b893844e6faa8ef8f53e6c9a72,73,160,836,540,882,21
38d67c73351d4f14a096ced5ba7c8062,184,514,1053,566,882,57
ca99989573e3494d91d6f1d0dd8b923a,964,207,699,436,893,27
cddba3f4222d45a1b766d918daf9a628,333,393,965,540,893,51
c109d9b83f994e9689bae907ac0a7f50,369,311,550,374,893,61
70034bb28f314dfd8bceee548e535325,796,378,521,330,893,89
acc230d1809f4beda8e18eeca56e99a1,78,299,765,388,893,90
a13a9a740fe24d8fbc43dccbcc9aa6fd,822,75,256,250,896,17
29d17bf7e2d047239e25564afb46ae01,767,239,503,357,896,63
52096473cbdc48d08a98f6e7d4cd75bc,260,193,409,414,900,30
8958f83bfa8b4441a0577af484954080,443,404,676,417,900,51
395c22db326348d591aa1eadc960a91c,1,230,1060,542,900,83
f2a3285ca9a24828925b0feee504203a,529,399,1106,551,902,1
84b84116c5f844e28f34a075fc4780af,256,210,443,400,902,30
18960c4f43a943db850051e4abd3395b,0,204,569,436,902,40
2fb7341abe5946bb831f22efeb02b691,794,408,805,466,902,81
0cdc1905baae4d1d89a6ba71a9e8857f,0,406,375,337,908,89
e1a5239979e24a2ab07c733e8cf681c6,887,537,586,450,908,90
e6b93485deba49f1ac26d06b0868328f,752,206,273,266,909,17
a7f1bafa0b294df99f8d981a119d984c,588,460,891,512,909,81
b302d6b3505e4297b6964e269c5b2fa2,779,319,308,287,911,17
3332c442ac2d479fbbc7883bf7230bfd,482,311,689,473,911,50
41d63f7e853a428cbc2b0692a4b5257f,720,217,485,398,919,63
7ad382d12fae4354b3e3dc34717bcc2a,1239,160,680,425,919,92
4430aeada3244c88b04d9d69226d2565,902,368,493,348,924,89
4a76c822118443c2808ef7b6da40125b,141,158,738,453,924,90
e13b8f6833b64a2396a6cb157be038be,1,313,624,311,927,43
c77f5263ef81462290a5305d030a298d,1279,409,637,286,927,90
bb4b75e8180847979f64f6706b20cfe2,613,424,1032,605,929,0
dbdce53e3585409bbb0115362d235add,685,374,313,316,929,17
5f235239ae7b4af6801b068c5e3fa383,485,298,1415,637,931,86
f4e145e0fb3443e9be9eb71a4b2bf89b,635,256,1212,799,931,89
bf6461076aea41bdaa1306e14ed7a8dd,0,404,416,344,932,89
5c6e6a339bb04c5ea939a670a60fd6d7,436,324,815,474,932,90
166fc84e6a0b4378bc08107cc9df4d7c,245,379,1052,551,934,7
e8cbd55a363c400ab8d46fc326dd05e0,1002,324,870,468,934,87
a8e28aca4ec940b18640f10f1285fa7e,1100,379,723,398,939,11
2c9fc31411054bcb87faa12027a0f0f5,657,465,480,288,939,76
38468e11252c441f9caaab5815447b98,525,143,528,577,939,84
de53af4ab7da4939ab51b90ff10fe83d,714,246,753,575,946,48
87bfbf015abf4285a2ed188233566d73,730,387,623,520,946,67
f08ab7092bce4f1999312cce2ca79d46,406,603,652,477,946,71
0a8d53500d9d402490537f41b84dd259,14,209,1205,506,948,43
552367f585154bb48b5832ba893c1b1a,452,454,617,441,948,61
27572086c59b4a88ac0c2b001854afcc,447,278,713,487,951,19
8879b2e4aac44614b09353690cbce5e2,831,93,892,658,951,6
0ef9a67d828b4715bfdf02730bea7465,604,0,547,508,951,63
79ac7c82230e4762a4b000bfa6c8b6e1,1139,316,779,475,951,89
00dd09939f9d44de901760c49e0b5094,141,305,718,452,956,1
fae955ca180144c487a8a9d3cfc6b777,325,83,854,603,956,45
59bcdb016b244569bace9969a1a6f2d4,570,576,622,504,957,36
da904bedd92d433db6d19f2010c56e82,495,440,629,561,957,53
13a9ef98532b4b5088e9e408c9eedd35,374,315,506,437,957,69
e7f1118f839e4a9a8af3b4e02c89eabf,661,323,405,385,958,29
35c062b9817d45458aeb43461966a2a0,647,310,588,499,958,83
d74937a445e54142a4acf7a1bc8a46f7,180,214,546,409,962,20
dfa874a1ad64453484dc21aa435a2aa3,731,76,415,358,962,83
ac2cf5e002bb43a387e3ac8a33b259f7,671,207,872,620,962,85
04dae0c980514eb495477c32da9af84e,760,223,477,437,963,63
a20a711ed40248f896bf57180dd9ab46,763,442,866,553,963,7
7d4a9dfc10b94868a3c17247a75e2027,622,357,594,621,966,13
80ae4d7f56a142d88c95fda7cb9b9d5b,803,248,522,476,966,41
1571cb26f7f645aabdad9656fed4135f,292,587,965,493,966,68
3b6b65464aad4c869825b9ca0c06bf49,733,66,433,450,966,9
5d7504e919c04f29843ea03bc6a4021d,630,386,573,454,967,89
4a0c76c444774527adc1d21491aacc98,691,490,607,387,967,90
3157f3c357aa48edb539cd421feb37f0,394,300,551,424,971,89
eaf30b9393a74874a28541985c219889,628,362,689,487,971,90
01916acb1cc04b4d8565f9bd851ec62d,1194,197,527,367,972,44
1007ad54ada347db8c62d5a416b20ada,513,312,926,661,972,82
f1b11345027e4bc68eb98561f0ec53cc,1134,146,785,519,972,85
b1f85e8dc14f4723bee90dec2337cef1,750,404,792,447,973,15
cdb883cd821c441e8a2479efc26c3df2,1282,83,636,473,973,57
1970130fabdf46b89f86269fb3c89ba1,664,422,444,327,985,42
33779f65d40a4c66886b7684cf6e4196,568,261,755,538,985,48
45b2714019c447bcbd9abb9904091224,792,313,709,450,989,43
6e9b261d174a43f6b13121eaa4bbf344,528,583,592,366,989,90
8a5c0fc1981c4cc6a3597e6d7ddeb2fa,641,451,585,442,996,42
ed3e2a1728564602bed75eb828f42984,763,354,560,393,996,83
ddd8a1bfa41c4645bd422c45f97b210d,221,269,1068,564,1008,43
601b528edd0c4117997c5c5ef55ea885,12,436,566,464,1008,90
4e9f7065e90645ddb17e2b7ab196ca1e,436,393,635,415,1009,15
ab0b9fb18f0c4c958af627794bd0bb88,913,430,426,270,1009,42
ad4e2110946a46b3ba89fbbbdd7dff69,1293,322,418,343,1009,53
a03baa49a3b84df0a3302f4278085e41,1018,608,812,450,1009,61
9bed6ea3b45a4dec96238ab04b073888,242,346,542,501,1015,89
bfc4d31c510b4348807ddc4c96f96593,868,266,715,454,1015,90
5bfd527b44554f6a8aeccbe2a2e02ee1,836,345,541,558,1024,13
b44af9ab60b541eab4ff7a466dcad663,941,124,547,438,1024,68
e6a15aa3968440df9c19ffde2fef0dee,902,525,514,391,1033,29
77a0644cb1a14132965444945b4e62bd,451,516,507,378,1033,7
c3f4d44b80fd44dcaa821c0152e3cc37,556,444,578,459,1033,92
2dde57f6aa754d5c9e494a69ef4c0c77,230,261,770,474,1041,16
e8ebcef8c96441cb806edf714f270219,513,76,791,705,1041,56
617b66c3624e49f58fe07187d4cfe601,729,217,557,497,1041,63
84e0c48be5574d758200eec39036b6a4,755,1,558,502,1041,71
f7839ffba6d74a3aaf985d992f78b0ce,312,179,758,638,1042,45
80d81f8c1b2149809251e3995b51d8bb,511,257,718,490,1042,51
f0172286a95f4254b3e45aceacfa9340,614,374,666,449,1044,33
c49df913cb1c4b24b6a7c3d90ebfd915,855,146,749,575,1044,37
905a2521dd53412588b3cea25ffa7a9a,170,17,934,684,1044,6
6a35037133914287968b107fca93a80b,801,257,556,609,1044,83
dc9dda3b6c41409eab99f3e41dd8cde8,522,264,616,668,1044,86
045401251b0646e3804c052be156f771,621,577,430,432,1045,17
5951ab69439f4fc1b589d75ab57fde3a,934,115,575,703,1045,36
050d2b969c174785bd00d5dc4cd05b3b,612,285,908,788,1045,82
2feb0b6205a34bb08cb1e4dc715851da,88,478,1076,602,1045,85
2bf7f7c39e3f4f42a305ba159fb1ecf9,524,541,952,426,1051,7
1bfe5637094e466ea3b949354d8eddf6,663,426,603,408,1051,87
ae7d38f8de6f4d36a3115f61f2f50302,711,611,959,469,1052,19
816cb3016f5c4855b45af4cdb9ec2647,1174,154,712,437,1052,6
8de5377423e8416092c5c02f5bc5fe27,563,376,532,447,1054,89
82cb4567843a47e1992a0c1b32f91252,772,304,475,563,1054,90
c7b6d66e61d040a187c45c1b27cf7a36,969,216,889,498,1058,23
a49d60ec8075408991ad1d6d6206256a,98,132,603,400,1058,39
d3a0466e4693418d97695f1b54dee60b,769,428,658,460,1058,64
c9b8f402c56b473aa667cc69be7cbcfa,779,22,344,330,1058,84
baa63d82c89b4867a8659ec3eb0d3aa5,236,524,993,555,1058,85
56ef648037c1415a8838111aa4f2ebcc,235,445,866,372,1058,87
3a7453cf9e7649aba4de6c139542f9df,1134,213,625,419,1063,37
4608452a1b3a4bbab8e3bca11f835e97,802,383,590,429,1063,83
b8580436aaa34a498c25b638d76af696,213,596,712,382,1070,11
43d54ac3dd7f4b548b1096096d82a7e8,165,96,952,476,1070,58
cff51715cc2d4b6bb1d291c6f3efdee0,0,174,549,555,1071,43
c124ac18c3a44356b03be78df52fe973,1297,186,473,498,1071,90
46a6007949dd4b0aa168216163a2d697,437,326,744,507,1083,12
8550c35a89f941e6b128b44eca26efcf,803,418,600,407,1083,51
aecb6652edbf4e6993334fa9569f4f9f,520,286,761,520,1085,15
0bd44926440e44c987a41d563f27f410,829,487,1044,591,1085,27
d4cdc40a4e0d45c5bef57ad1440ea288,225,175,940,645,1086,20
e37b3810858d48a1af797f7d37a1561e,720,304,724,501,1086,23
c8ca488bc0b54d099c2e06cc47505a19,687,314,596,494,1086,63
5835acc3505745ef9d594ea72fe7da1f,779,201,340,384,1091,17
f31d1ab00b2e46e6b489104ded5059fe,589,236,742,649,1091,31
ddbddcc3204e461d861f6030a9ce45ba,666,146,527,350,1119,14
dafb0e1dbb86403c82c3a48bc86357d2,698,0,378,377,1119,58
a1d81a64d7f0418b88bdeb0760daae0c,461,408,736,480,1122,12
060d1dd7dba6403088f67fadb8c4cf44,458,58,404,352,1122,53
89dfb17d7aeb4b549835a75fa7ad0747,748,458,869,487,1122,94
87b7acd9363443dd982ff436ef911ac1,39,141,677,474,1124,12
c70e8e7af9364de6b64710b019766580,708,168,918,753,1124,33
48aba143886d42deb85f9c7e9f49d0bc,380,325,569,571,1124,53
e47d1cd5cf8c4c4795488c6dc415940e,176,343,646,363,1124,6
32f13965f60b4d03a69a081f865c1d7c,625,0,336,174,1144,28
a1c52547fa3a4a9d988533bc8430b141,484,374,701,597,1144,48
21fa6fcf1ffd454894d65c2afc9997d6,1109,242,687,546,1147,43
cd5ead4f82e646c9b4dcad5123ea9a4d,694,537,794,407,1147,90
aa8e141b394e480986b8ca9421dc43f3,773,245,569,559,1156,1
819fe9b785304f53a742cde7ef7dbd0e,630,281,469,500,1156,86
9a5816cea4724f0a9aedbf9bc1dcb4ec,612,277,807,546,1159,24
4775864e0a8c4b6e90583414cec98ba1,273,345,792,554,1159,35
13b997d5bc9744d180006e5dbbacae9e,776,386,460,459,1159,51
6f530f31e9b84ea3b1e64bc08dcfa8ff,806,479,666,479,1159,61
a94bed3139cb4057b886b07b3ec542ad,775,503,830,472,1159,81
7e8261afd3914855924d1ca0f2347e75,624,313,1107,512,1160,86
bcdc7cc6af994b84880e8aded4db83f2,0,349,422,424,1160,89
16c6e0daf6a24b7d8ef9c4e0dee5bf60,1121,438,677,535,1160,90
11619088c799432984f1fd6edc03df29,258,283,657,496,1163,68
5bec85e21d0c49fa9ad3e79f7c9244ed,653,0,474,433,1163,77
f8a63bf46d17461eb376497e4b994a07,703,369,896,504,1164,81
48332884b1a64bb3a5237ae525320ce0,633,289,597,526,1164,91
453895e1373442ee98e1649ed33dc36b,181,252,820,542,1171,19
77f177d0eeed478abca2cd119becc465,414,223,847,695,1171,6
7bdfb12e24cf4df6ad18d50695be489f,536,521,582,557,1176,36
17c41f0277cf40a2946e68246b8b8512,247,288,972,594,1176,74
a7eb8561f50f47988555c368c4d92d69,0,138,636,450,1180,6
02ecc2a70daa4770a6d450612de3de37,724,16,448,582,1180,79
1aeedb0230cc41d99085967677aea77d,744,310,423,319,1186,36
9d3119adb21641028999061d6319d94f,811,293,338,303,1186,42
5492d1e32c1d41f3a4e8cdc19ff8aa2a,1208,442,665,386,1196,89
537fb99fc0424168a944407f5260fb25,116,512,663,354,1196,90
5cf195edc13d41ffac3cf7099f9e9d0e,0,400,399,411,1197,43
e7e27cc64c314b6db99dd9047e7243e4,743,304,1085,658,1197,80
7dbf6f254ac14dbfbf5705b70b1e2123,739,0,471,471,1215,14
99617ff7998349c3b92a5f5290313bf5,633,405,577,471,1215,73
92449bccd7564698a10489aca6b22c14,687,242,499,590,1216,70
f97c620a067a4866bef12f7a928f7975,507,415,664,484,1216,77
f6fa18ca9f31454a9caa61dd1167fa90,57,467,513,422,1224,89
eca2096a47bd4f0daca6e4861396b1ee,1302,412,451,453,1224,90
0f872fa7f0d04bea89c44c7a3626972c,525,303,830,572,1228,45
6833b87ac592429f9b019bc03e5cbaaa,380,243,886,813,1228,56
7180d0a8b5b443dfb7a40722fd9bb594,659,269,487,407,1232,12
160a94590a1c4edb8849ef31c0904ab6,134,566,585,512,1232,54
e1463a645bb94c088f67d356409a234b,569,207,584,693,1232,65
202175512edf45fd80b6ae4d188ea90f,1,242,664,393,1232,94
ac793982fd9c470eab6071f5d2d1c505,984,344,471,371,1242,89
00b4a783941b43c1884e9a855f89b97f,48,289,693,535,1242,90
34877fd04260495eab3744ead8bc5556,774,411,1035,586,1243,25
681bacd33fb8473dbc4facd194bdc80d,546,89,549,414,1243,63
4667db46865b481b8f7056f4eb1a5e17,525,0,866,778,1243,94
49654fab1f0b43239bc17239216e52fb,1309,65,609,483,1251,23
aa76ea18dc554ffa922145de42a9c458,652,438,590,525,1251,71
2ecfe75d9e1940dfa83d9d0315855d4c,247,269,630,370,1271,19
c1e6f58d80ae499aabebc74156ab67d6,510,257,969,633,1271,6
532b13f1006d431482e698abad6f4ee5,266,278,582,557,1272,89
b0536545e2b5468c82a1613fbf11c28a,909,244,761,671,1272,90
7158be6b13f24d70bd964fa9b8c7b3a9,621,431,979,537,1285,16
d83bdaa3e08344228874f9e269aab20d,937,186,569,653,1285,36
ed98918830e949c5b1a3aea17ea10094,747,174,803,606,1285,48
e1af8d2c3cb64c6cbb8cbe571b17cc1d,0,474,1055,606,1285,56
8506ccc531884c88afd3221f7b2b5282,0,22,393,394,1285,67
d7ef4213dd7a4eaf9aab4574b764d9ff,245,347,555,530,1292,89
f8c65ec4956b4152bdc7174a0d30a5e3,817,276,793,496,1292,90
b64f22beda0c4785ab30d227b3790794,1,362,655,414,1294,7
11eddc1c3c3741688332c6c9a65bb4e1,150,371,801,528,1294,87
cb2dad8ec7df4f0c91d3a97aefd92b70,158,306,685,365,1298,10
c8449e5feabc4e159966bd48ac240e1c,448,188,787,580,1298,69
0c09adfe227f4a7493ca79c0ff7a4257,1095,103,725,556,1300,47
bc07896a5c4b4c168ae8267bcb6f7891,285,257,963,823,1300,56
c42c3e2bd5234165b1a3096189c13111,305,336,702,555,1301,11
a14a30610ad2448b939def55e97cae28,911,0,777,655,1301,85
26bbe31f1580443dbe4c6d2e52b78ab8,897,589,904,474,1302,7
1271c49b09c24e51b65222e3b4644a3a,952,375,317,415,1302,87
721c33c34eaf415ca3b4813ac884e09b,670,243,666,527,1304,71
022769aa0c4b42b0b6f662073480db17,1077,151,741,477,1304,83
3775c5870cbf400680f496a8bed08066,1139,247,662,408,1317,23
f2089248dba44a5d92db3920761a5ab7,740,465,819,539,1317,33
af9c329528224fcba61d9856282a1b88,1000,0,919,670,1317,6
7548316dfd3c4b178e4a99d25eb1d4cc,222,284,943,595,1317,82
e4cb2ad94e6c4ef89a436f8f86f322c0,172,442,1167,638,1317,85
e965a6af9bb64cbdabb2ff0fa9e2c022,1156,194,714,354,1317,92
92bd2e6910c44c9ba352dfd51207897d,842,471,892,472,1329,15
fe60567b0bcc414bab66152c304ed5a8,406,392,909,577,1329,86
4cd17c87e0024aa680b0be35e8bbe8c3,546,2,814,806,1333,23
7474b93a4ecc4d6ca11bfcc337a31a2e,447,247,861,751,1333,59
a2e79eb08fcf4ca4bbd812a48d0159a8,723,219,620,519,1337,31
3352071b6e224a80abfaa375deeb33bf,798,319,1107,760,1337,86
b2d1413561374dbf9dee7b7668c6eac2,1217,298,585,485,1346,89
7712dec1a21e4b6a850859de5b6326e7,148,418,490,448,1346,90
410cb579e31547bdacb2609857252196,840,200,1080,675,1348,2
776100bf31f14b55a13c918b391407e6,1,305,1080,773,1348,5
aa5fc1a62c30420bb7d829437fdd13b7,765,366,950,460,1355,59
64395ea6cd34429c9c86a1409789eb0e,786,446,1100,516,1355,80
76889c750d4b403296019574160db297,642,388,678,655,1367,11
30573eedee014057b7fc486d638fe0ed,1319,38,599,488,1367,57
a4579664047542c18f7caf4dbb42f44e,197,274,627,366,1369,19
cfc31ab345214e36a6aebb3834e94f54,598,365,769,492,1369,92
b0619920a1bb4ca5a43eaa3fd6bd8e3f,1068,259,549,448,1370,89
63c8544837604f818356f26d1f994945,66,369,534,500,1370,90
61f0b76480684f7aa9d5709a097d07a2,322,380,701,535,1374,72
aa205451f6874974ad7659b16e9e3e2a,494,415,883,401,1374,80
e8b8a8ceb92d43acadd62f6df7c6880e,0,279,594,489,1376,43
803e18d0c9c8448bb73072f0351ea57e,1122,379,680,446,1376,89
4f477aa4ed8746f5bbf7e1e0aee1e7ce,192,348,565,509,1380,89
f60b712682b340bb94d3c5a91b314cb3,850,216,736,473,1380,90
2136a1cf250949ccb442fe5f3d494321,321,373,862,466,1387,81
c94b88fc06ce4f6a9f9f99727b80eb7d,757,126,436,433,1387,86
43aff8abe6d74d2ab572288d6dcb7a66,97,416,741,385,1399,25
dadd69d813e54c2397cf6780ec170fd2,499,233,505,432,1399,31
1feee1749aee4b859f17d0cf9d3ffeac,267,196,743,444,1403,43
d7a896e3afa84a82b86b447e59f81669,626,448,734,336,1403,89
26fe4ca819a64ec28ef78901d29009b9,1220,378,648,438,1406,89
cd34175243834104bde29e20f6b24a0b,142,453,620,413,1406,90
59d608d88b634a03ad5380986e29c0cf,830,430,786,511,1413,33
9cab3907fa114467a7ab0dae706af5b9,921,689,854,390,1413,61
cc7d64f9b2e04c669dd1fc259a8f929d,565,235,735,693,1418,1
60045b3170b7455abaff4b9767309af9,920,271,646,457,1418,15
36d3f69585524658ae4761b7c924780e,792,354,876,547,1418,51
834572e442a04f7594289dd90228aa51,541,0,761,903,1418,58
4bc627a9f7f04cfb8d0f0617bf0f7c75,368,192,1096,717,1418,94
9c93f372ed624303a230a85be3b7c278,12,303,1066,538,1427,7
cc82e5696cd24c1aa72b85cc7322856d,928,386,812,425,1427,87
2b13209604e34246a66d16a9b2efce9a,932,323,496,374,1433,89
881bf46c584b4b6db875905901c99790,117,352,657,438,1433,90
320e864a4acb46e593a23c1022a89439,787,0,237,176,1436,38
1cc27d775f0641a7a54e958374424227,689,0,541,469,1436,64
1eaa7d49bf1b421c89b1c172f60be334,1236,335,599,476,1442,89
86738dc455eb4ec089d75e848a310546,160,390,510,449,1442,90
6c1eb93db0ce4b998972df1971f0ff28,803,14,589,512,1448,56
77d3710c9b074a1aa3f2d126859ccceb,736,492,730,587,1448,71
a8a27fac6ed747eb8d4825f8d52a945c,741,267,475,438,1451,36
f54f200c1998432ab342ee98cd7f4cfb,1018,607,901,473,1451,61
53272e5d17fb43cbb9168d868cb1cf8b,786,279,548,473,1451,63
442a42a06b6242878a81d130aafcf6f1,405,522,761,399,1455,6
ed59011fffa8491087c0b2fb8b4173c9,480,573,805,388,1455,7
1f0271213a5b471489dd13fb14da5b42,408,280,660,730,1459,36
56ee2e2cc0c24784a771996fc747cf2d,775,104,872,663,1459,68
38eef0976a5e42279cd8942c47d58744,396,217,684,564,1466,45
0a7d73c39a4c4174b2894057dd3f74ab,151,239,723,464,1466,69
39a30a5e5dc04f87beafc7b4c51f86c1,364,402,799,461,1466,7
d7095ed81e044147b22deb5e24abc374,618,394,614,494,1466,91
27a1d4564d2542048436a3c1cefecaf4,846,164,1072,649,1476,43
fc048ba1cdc64405b9436ffef5df7ee5,523,270,752,620,1476,82
e3e506eeb18e46599346bad5e0361a83,1173,251,520,371,1476,85
9d21f31104c84504a2507fa364d24ab0,890,471,934,453,1480,15
6d4062510aee442c92889038f66bb47b,766,82,412,353,1480,83
807abdbf53ba4656a952ec7a3ed689cb,473,411,1012,668,1487,57
ea76e8e4ab1941f6892a878ba7db0f76,457,462,594,485,1487,69
278d619cae2842e09a862df8d9327ffc,1062,83,751,504,1495,24
6eb2317535214f15b8b6a6b76db681d7,306,211,403,466,1495,5
e6ac68c375a745dc8fe6e92837cde6ac,1290,318,629,490,1499,89
23971ab5fb574c0e965659448c74c5dc,152,490,548,420,1499,90
5dacf6a02e674434bc8014c466b8601d,288,436,858,570,1502,12
fb00f38eb97347ea8806cbb189c41f2b,655,494,1263,586,1502,25
3c50b164088e412c954eb46b8e0a4ae5,1271,90,522,401,1507,0
ae6f61149f3b4b9d98f6e0eb2128c3fb,356,148,929,781,1507,56
e06f06ef3f9743ccbfaf2008428b5af6,195,442,684,409,1510,89
a69d9e43fdf74be4a264cb9cf06a0b8b,275,426,575,363,1510,90
9ec994928ff64fe987275615f565944f,768,258,769,599,1516,15
01f0a4a01b594c75a5177e34a0c39494,422,232,491,334,1516,61
93ffa1c4dca940be9b4d5494ef756f19,275,456,805,405,1523,17
4b500d073d75412795188a561bc7eff0,276,672,648,408,1523,59
44f22e8633f54702a2f286dbd8fb07b2,379,96,1336,763,1526,89
ecb07c350a5441838cacc6b11ce523a2,73,369,568,506,1526,90
b13f7e1d18e14d2f9769172336bb9d09,679,569,1239,511,1528,68
0cc26ba430c74af2aac7d3b90cd2e959,837,74,447,510,1528,77
022091d38f184e02882b7f350376bc70,687,262,855,708,1528,79
1a0365d2cebf435b89f0da47e1a249fb,747,341,272,271,1531,17
59af67f063764c159d86f3464d5767b1,630,362,723,353,1531,43
0df22d63a5fa4086a47db6b393f45b11,922,508,414,273,1531,90
822dd4c723054639a649284e16e6a31d,172,215,704,445,1536,19
b01eadf8a5264fc684b87ac714870423,727,0,631,684,1536,64
