rep,auc_absolute_minus_gap,f1_absolute_minus_gap_fixed_tnr07_cuts
0,0.015282402006250195,0.0031302224063658457
1,-0.008919704557458497,-0.0032077372556921224
2,0.037957645461391576,0.04286109586856712
3,0.02088703723680685,0.01902858632374671
4,0.003397090243815737,0.021504900746611932
5,-0.005130507768450032,0.029925339147812702
6,0.03266871418116468,0.045877917221755604
7,0.010144426087179137,0.04732970104753609
8,0.004566937002641103,0.01617816045446452
9,0.026927951273877926,0.05313771237138076
10,0.008443591234838621,0.06292059117247994
11,0.012670949906207651,0.00837601875009586
12,0.01811338030167331,0.02603681656548984
13,0.033716121778972985,0.0858407617280269
14,0.01757268198108186,0.023864000297170507
15,0.006473260102420775,-0.023941196387448738
16,0.012849450528248263,0.0062757955713211855
17,-0.0007314642420221951,0.03218085397867221
18,0.01617381927438888,0.022405418834098967
19,0.0035916002032014838,0.01375263887095346
20,0.0018677369579940262,0.0038440343810435262
21,-0.003544605566924819,0.03748284665829538
22,-0.013051837225017238,0.005836014955079016
23,0.03065844947629981,0.038494858601959336
24,0.018803085527002605,0.049622890740972925
25,0.009148878682356254,0.0025601638504865187
26,0.01237831820951818,0.05210489993098688
27,0.01877776272201981,0.02681808626712978
28,0.0134401314981214,0.04450035860373103
29,0.010841601384757538,0.015139193238172588
30,0.022748615260683502,0.06546323857932812
31,0.044786330775865135,0.06791865164043409
32,-0.001782927860908834,-0.013115537538085809
33,-0.019213189677441234,-0.03383559571520156
34,0.029666525530418708,0.03204645441936338
35,0.03363254578233443,0.01924591519705421
36,0.04335943464461667,0.038372784816299466
37,0.00811305427477138,0.033042928544617656
38,0.003376921228948726,0.01739567773741646
39,-0.0016886263851422223,0.0003064155881623565
40,0.04303364223816175,0.06804947274034223
41,0.006484021468458834,0.020924992714633994
42,0.011604137942474058,0.03028723219383822
43,0.019229521392260085,0.04491662070736624
44,0.014322617436634433,0.021005561640630832
45,0.00983428055904112,0.027014993227504336
46,0.00913424969418275,0.032498320017919746
47,0.006563486144878228,-0.010573939607190885
48,0.011336035203149075,0.055608838740009325
49,0.029693671406384015,0.0458294425842648
50,0.010102767704120441,0.01593867026827922
51,0.005336380373553329,0.02913879741060177
52,0.01129876850480982,0.02615064032465797
53,-0.0024857264303641546,0.011673978933765428
54,0.026944202830996078,0.06165797498962411
55,0.009392158843420817,0.027161452836019895
56,0.038674360010855224,0.05907835937722372
57,0.014708916530324578,0.026056850938112275
58,0.028639118761244364,0.06315789473684219
59,0.005480225600280053,0.010568074043533882
60,-0.022808003525094156,0.01036152206006069
61,0.022317132233964365,0.05142020569929595
62,-0.011637284207540843,0.03198671831765365
63,-0.008333729794771094,0.024758694536371473
64,0.02251997938466266,0.058967863128551845
65,0.02874568118953913,0.022589208336488475
66,-0.006390857044476506,-0.02649866857179961
67,0.015612492272738199,0.04351728218371964
68,0.028909889179949855,0.01852964426877468
69,0.03917580354683137,0.027885779252282417
70,0.02640702385960292,0.060623620731931616
71,0.03572014613895469,0.060379230905546755
72,0.0027324049168097053,0.005346938447297056
73,0.03188488131217215,0.04481884802410796
74,0.015029593610307979,0.05819758276405673
75,0.025997001436032008,0.035747691507348134
76,0.02573604078293068,0.026386456060436436
77,-0.006188940470882698,0.01652647204354274
78,0.012746392985521493,0.026241415325849005
79,-0.00862508711754384,0.030158730158730163
80,0.028886966575238482,0.028228892546733664
81,0.021359856827514845,0.04414093636864824
82,-0.02025032293443696,-0.020879053986947782
83,-0.0026125165451788,0.011841151101103065
84,0.010486590407921548,0.044151296986573385
85,0.018708364421608836,0.006170432744998844
86,0.038581393361212246,0.009139390192062447
87,0.012438595456662926,0.024300789581289672
88,-0.008354295486531549,0.0007695593260279576
89,0.0052646805362328575,0.04282385200278527
90,0.03062829669107381,0.04359935257148684
91,0.027481953953887972,0.04597631339204378
92,-0.03075397048937123,-0.004906472962335151
93,0.02914430750349939,0.03591842119283262
94,0.015248917662342931,0.05011872455902311
95,0.02259385943643699,0.042318634423897605
96,0.00696094688086879,0.025167003412573274
97,-0.002942679977685936,0.0007516034517808245
98,0.03663311980222439,0.02621363812549038
99,0.01759837949675047,0.024382261495663582
100,0.006756957292244903,0.01825510751518844
101,0.018445872239644667,0.05075067002289069
102,0.0003751198247911036,-0.004231416519135389
103,0.01775985932482882,0.02977181179323707
104,0.01969496209984023,0.06923325147227943
105,0.011413987404106263,0.024589034530684617
106,0.006604532287429299,-0.00926858754785409
107,0.033693002719118126,0.054694132892443736
108,0.00812891380568892,0.03626946633071226
109,0.0023347606323562697,0.04196864602091255
110,0.031460379412327044,0.06965509996208885
111,-0.029190551061998193,-0.02024193401836205
112,0.0027702159776294977,0.030374429223744226
113,0.03256156657857323,0.052057591591959995
114,0.014474429985758985,0.0406307188385181
115,0.018160752701496086,0.05815981010878246
116,0.011580966392504166,0.006386803104794336
117,0.024360966904029335,0.028508542081542854
118,0.011512432130848183,0.02443786568952455
119,0.012800553503946155,0.03787661724693203
120,0.023529159129121235,0.0683093429765621
121,0.0092163080147466,0.08346631972100726
122,0.024765775034050863,0.030099735811633388
123,0.003068183673027969,0.018402756594254943
124,0.0033422072833977357,0.049617493515448086
125,0.013736016956135688,-0.0018697117263671847
126,0.01700584509337344,0.059213356857696575
127,-0.021778932786639782,-0.010680148355735941
128,0.03117835653800416,0.06602714562710477
129,0.028036641200630652,0.0775781012297938
130,0.030010513035639064,0.030769976934176158
131,0.022652957697834486,0.025774787010741984
132,0.023869803392488675,0.06588629958230796
133,0.014949940224901925,0.033407745396264676
134,-0.0053400209875899,0.009803707049520716
135,0.0038236744329688266,0.00042674629881611637
136,0.018341439527708614,0.021613103171677306
137,0.023781441448783913,0.04845147328246502
138,-0.0008971391247507565,0.012290794979079478
139,0.018280486046607147,0.06025605419775759
140,0.009275120404642845,0.021321001413452945
141,0.024487942562861353,0.018864134386053943
142,0.00392907495555872,0.026404449445152522
143,0.00045261956119457825,0.0019028206460879327
144,0.008482384934910825,0.0006371590989229237
145,-0.0040036484924249605,0.005460008358435964
146,0.018106771872790528,0.07291693540758326
147,-0.011784977153914578,0.008271806874696863
148,0.01486134170489306,0.0449663631825421
149,0.005337131157449382,0.04587421808072556
150,-0.024443697871154524,-0.001074294059163372
151,-0.010633546937929617,0.021103109515419827
152,0.004836873474928227,0.005475802871096613
153,0.010303364046230223,0.05653558844256523
154,0.0032148958664038885,0.009366084795591978
155,0.004476726303481726,0.008789788798116316
156,0.03330160070702026,0.08150280964101608
157,0.02376272980744054,0.03532845863950995
158,0.03989525944387151,0.04128265901386585
159,-0.005483530570760231,0.010866462592399428
160,0.00536560384875584,0.03628331052730882
161,-0.012599686347332661,-0.010390267654828422
162,0.024591227044620356,0.04538056354858433
163,0.009893523853381603,0.05220521157928015
164,-0.0019331882017036284,0.01721559423936836
165,0.02836279086654503,0.03819076428911661
166,0.024931251902402196,0.03276851652334023
167,0.014071588298606552,0.03410646536551032
168,0.02438659048255354,0.01002163530228184
169,0.015804425148720713,0.053730829264499236
170,0.014588838858678677,0.02213498058770258
171,0.02123138510985423,0.038524140081143354
172,0.015267914649252035,0.0208577549618012
173,0.005751565492056243,0.01575062479415701
174,-0.016464975959833983,-0.02427157001414426
175,-0.001499958319677419,0.017455188629838414
176,0.029019309545258554,0.058257636277551206
177,-0.007544713452829588,0.026036359194450576
178,-0.008153077471413028,0.019507515040611434
179,0.0016221252083598037,0.031040987823700905
180,0.009345238149843227,0.051769550665151653
181,0.02336579886337886,0.03784291850771704
182,-0.01431617240414318,-0.003931962290737001
183,0.03561879543124913,0.07277076720525233
184,0.018162215930374814,0.03639346106257735
185,-0.035385856296692,-0.006103552478304297
186,0.03325328206641398,0.06641466641466642
187,0.010900701921552014,0.005126120021082703
188,0.018508533209478095,0.04930905802120089
189,0.004247225275117339,0.0418833724062978
190,-0.004200229694168223,0.022677010736508074
191,0.007716317233840586,0.025972301937771114
192,0.00560305112182824,0.04367249011590579
193,0.016909858860067017,0.05181251640212259
194,0.018013314443644513,0.01440043239904254
195,0.03415150821050361,0.05858295666671898
196,0.01016764732446962,0.012051478652470582
197,0.029251621620954182,0.018045112781954864
198,-0.005836414139193891,0.04922371432766082
199,0.019870968159092506,0.057262447653422144
200,-0.006189978800547724,0.047386819124206836
201,0.023329489564843597,0.05553428311129305
202,0.02234764338219475,0.027207154205923345
203,-0.005434756361634485,0.002085288291106213
204,0.017104537137674125,0.02296113135519695
205,0.002483079108973274,0.03389271306669073
206,0.027572012220087094,0.023921178532518628
207,0.03412444728586872,0.06229218575221196
208,0.0037510421078214007,-0.006299078546955883
209,0.01760484907317761,0.06230480634774793
210,-0.0016031211583670268,0.03147660818713449
211,0.03569297096805657,0.06295554551631155
212,0.019808734683924523,0.020257767323336284
213,-0.004204130425380814,0.03942248274378235
214,0.01415334539076829,0.002603096185394005
215,-0.014034957897540945,-0.0025714870992221694
216,-0.0049995487894316515,0.005199863528485893
217,0.025651167923558038,0.036583725347921425
218,0.01847544684057756,0.02504452728893669
219,-0.00033398614998214615,0.004325883201153569
220,0.016482990853115997,0.059236889296299444
221,0.005517189575406811,-0.010079976007197788
222,-0.0020115610645832227,0.011711490585223916
223,0.011595355217231318,0.03783196330937355
224,0.004740885494586289,0.05434239955267994
225,0.010039674690681899,0.02731163360264033
226,0.018892686134260872,0.05459499270712487
227,0.015160519187394583,0.021515772955881807
228,0.029631250354486216,-0.0018495906987547883
229,0.02866875841181049,0.01069852702615015
230,0.027356567058740455,0.02104967178679884
231,0.02770628364348726,0.02404853645192906
232,0.01295992990130912,-0.015306122448979553
233,0.02226377724201334,-0.0013589276284181606
234,0.04773758968601094,0.048094532398371026
235,-0.0020627233678565116,0.014749116216778213
236,0.02777156822762361,0.0501393884242608
237,-0.008928740149937608,0.020274046365153175
238,0.03393809860188146,0.032301596233763274
239,0.01475983187259955,-0.01076136534509553
240,0.012025519549232033,0.042347679597964816
241,0.004295608506299842,0.014672245716352617
242,-0.028075238116742618,-0.018452669190059723
243,0.002350196883942779,0.006875286751410137
244,0.015151015530469714,0.05307722778984769
245,0.04017785318728251,0.08942572105813484
246,0.011901370186313986,0.02609428940364189
247,0.008080210584804015,0.04333104552733924
248,0.006232520640665373,0.04246105338213313
249,0.014125649487083614,0.05673658016352645
250,0.00020837891442115897,0.020986069366198956
251,-0.001059583840062328,0.023914483302366007
252,0.026513249156874807,0.04943221414368182
253,-0.020694498308488463,0.029662337662337723
254,0.029432081913427388,0.03525516611485324
255,0.002817027201007738,0.035652928587630806
256,0.006280429604962001,0.033407996748118896
257,-0.008432429286730492,0.05258536461212815
258,0.016980985265930282,0.05457612202992079
259,0.0236159608717581,0.04317563712085848
260,0.007833672507159273,0.03901184725926987
261,-0.0076272422439780385,0.024638660808365964
262,0.02184727215126414,0.020953120953120963
263,0.022538285538281078,0.04594077923596018
264,0.02184956195375931,0.04358653348937214
265,-0.013390713384596409,-0.022322340287275644
266,0.011004978234456564,0.04382532615803625
267,0.0008826334732611185,0.04022216341639595
268,0.01923827831661029,0.032662664850258705
269,0.030872590470672923,0.05094284709964436
270,-0.003062994300292332,0.03779965869909152
271,0.017061073325553955,0.05360357672658744
272,-0.012051763104449553,0.004047397957123833
273,-0.005675304256577252,0.013609259571191412
274,0.003984073396451682,0.02063457449708328
275,0.008463147303396368,0.02606751724417522
276,-0.013800399628003945,0.025863994117486855
277,-0.005219321000188404,0.015265681278835763
278,0.015634658012737557,0.03466723923971993
279,-0.0071826407222103095,0.028871193036431597
280,0.020420089670770025,0.041551633758518225
281,0.034942023089161056,0.03297817772928757
282,0.00015536513431979593,0.03294091528708287
283,0.024899516289162427,-0.001658692185008026
284,0.018626612093037953,0.012972899066944543
285,0.008111428839150614,0.0027063599458728715
286,0.0013762817752778211,0.03493152549756329
287,0.006842901664370182,0.002536633241802866
288,0.0008536736919825261,0.01343693111997668
289,0.006955745590532247,0.036455276956413596
290,0.019050582412908468,0.024640556733880103
291,0.0030329438190823677,0.028430504075654173
292,0.030638280465379863,0.05266806652668066
293,0.015331286845951975,0.027140783744557417
294,0.017411196099056503,0.01277976235443945
295,0.025914520048535117,0.047280687378549846
296,0.007152011839646644,0.020266045927169518
297,-0.007448732347865139,-0.011384130303509266
298,0.008431850333845414,0.05578808106320288
299,0.02885614314593632,-0.00660788720490213
300,0.0304845685920061,0.034921928038017636
301,0.04777588348766426,0.026610644257702987
302,0.007555464121388744,0.00903447643864319
303,-0.016304787778638197,-0.0015392011585555476
304,-0.004948451406442733,0.009856912043333166
305,0.01757766920140713,0.02865623006448259
306,0.037060806180394756,0.05747017336794358
307,-0.005900481675567115,0.015237244794414906
308,0.009771112650235447,0.019879996002586053
309,0.007965905138394458,0.024916158580329917
310,0.015299519595735056,0.03756192887812393
311,-0.009964848802592297,0.018820590382025215
312,0.0014525740466271309,-0.003128417937335093
313,0.01049389171869819,0.01038025191317038
314,-0.02178991723095458,0.03991539758041873
315,0.009095551724804696,0.06603650561698637
316,0.014148623333420707,0.011057360055286902
317,-0.0026466418980632955,0.036782535093781044
318,-0.0019173245830770291,-0.014837302752264248
319,0.025073125738070412,0.013452708907254363
320,0.03485972698458273,0.0288921811088223
321,0.01814762202576159,0.029925732613969802
322,-0.021036451021201774,0.010951585209906134
323,0.027490823572882794,0.04112636210179066
324,0.032426195276810454,0.02823996733118017
325,0.0074796640474981135,0.0096152457376113
326,0.03765777981641816,0.03950294310006541
327,0.012653754164964282,0.04097676691818952
328,0.01265395827565241,0.011613897548155006
329,0.007400764483631361,0.03836105948995805
330,0.00583217343352771,0.020472845128596928
331,0.03629380240488311,0.03892130389861892
332,0.0213122422752956,-0.009571113213497351
333,-0.015261125250389695,0.009751778545054046
334,-0.010607529641378677,0.03557981815025646
335,0.017520077872733797,0.0166390343396271
336,0.03906283646028674,0.08192870751565007
337,-0.003299184882709527,0.016292423366981224
338,0.009926247704447166,0.04209208038416712
339,0.02951041419248701,0.04511719334657105
340,0.01926424687173267,0.06347436970980247
341,0.03498070802840392,0.06726521384626793
342,0.0474264116499763,0.04189318961678756
343,0.017075819321362817,0.042704284381748225
344,-0.01778166004979842,0.01435869312039606
345,0.029981016504784574,0.01766269320290914
346,-0.011222456009783666,0.023688207592919897
347,0.009197846312902547,0.03508028334768709
348,0.04012735197480688,0.04552514397967522
349,0.017326871949275402,0.025527041053724164
350,0.013920017198020163,0.0291763204781762
351,0.010504554800406907,-0.007924634157744581
352,0.018512297142874168,0.05903060504269808
353,0.025045479239079182,0.06465330330540364
354,0.013997377656780552,0.03309903144048998
355,0.024260712189069555,0.02215721459052733
356,0.014386710475356224,0.0637730587458969
357,0.022542955730190162,0.002535211267605697
358,0.03572449970158886,0.03127884016912408
359,0.03994548880660165,0.0888104471180935
360,0.003075678702377238,0.026441324266119115
361,0.028860836648382127,0.04782974204681212
362,0.0342521228814755,0.036216161791648216
363,0.00553332561548503,0.022190768845208653
364,0.002559043454443577,0.03174099013255416
365,-0.005189457186127511,0.03269713980219191
366,-0.010326121025373558,0.018437886700643835
367,0.013531290997084056,0.06081275306919276
368,0.030071008060668425,0.03797749933561023
369,0.00686675224024258,0.03642859684708721
370,0.008980323392504763,0.030637425177988842
371,0.01968738393485958,0.041794393353769554
372,-0.00473691012264954,0.01657547878478116
373,-0.02144910116573917,0.013279455650869743
374,0.019237978230872255,0.048221075644314215
375,0.00270173212275604,0.0031993589201508854
376,0.0002601331260663198,0.024739192387829068
377,0.0025729924003222715,-0.005910054622431549
378,-0.0032484115255116963,-0.00518662094329303
379,0.010395456061684238,0.05893835600891584
380,0.01479508006251884,0.036693368491846234
381,0.004483616414846181,0.052698049772418765
382,-0.0027085757529941024,0.008691509992003632
383,-0.006344505408158785,0.04830611243373906
384,0.003279417309649535,0.003991503384351502
385,-0.0048616693943450695,0.014917497397281765
386,0.018796050929253627,0.042572100594394646
387,0.01494336566766119,0.052001760835683086
388,0.030864049591908027,0.013092256335668573
389,0.012259341820020309,0.044635960811415076
390,0.02738268647626263,0.03695708071177073
391,-0.005624916145027803,0.00874942645744825
392,0.011973297870595312,0.03328543487389923
393,-0.0026685441223764927,0.03386173979011253
394,0.006641146152682631,0.02822915765499978
395,0.03350284739597964,0.07491901113381416
396,-0.013439815653817355,-0.025406130772266833
397,-0.006430876124060236,0.008076948693831354
398,-0.013085741413920937,-0.001969057665260121
399,-0.00750315677519886,0.0018198763208917557
400,9.335062611692813e-05,0.012504520353809334
401,0.027719121707677985,0.05437733088919183
402,-0.016670657741636452,0.013010966504033328
403,0.021507603886135374,0.0046832204918222375
404,0.019559031064740218,0.04001678983295953
405,0.004247174611506699,0.023237380058406365
406,0.024067994771485357,0.01351840216294431
407,-0.0006194593451189778,0.022067579122391656
408,0.008304617039309847,0.001614147755864992
409,0.007907120762972952,-0.010262855161763174
410,0.02262558968473294,0.035956764977459144
411,0.010187322365565743,0.0022892787705739437
412,0.00808131783348709,0.047286402699203256
413,0.0038783830070395764,0.011242069368139873
414,0.009604297924724614,0.005269595838576557
415,0.023931227311680958,0.041304261487747795
416,0.032310510710651386,0.030056559339047162
417,0.014214962695999867,0.03199672940447407
418,0.011473830858851786,-0.00303030303030305
419,0.011570317151907261,0.03451470440384197
420,0.004020586376578206,-0.006964571805034736
421,0.03099079576901409,0.035353247984826974
422,0.016287348848999628,0.02921916458268281
423,0.037363842784474466,0.0540647163822765
424,0.034565354574638496,0.0798208034398421
425,0.023468101632721172,0.044193882160778575
426,0.0009836028703127386,-0.02550287157006903
427,-0.0038189913905223305,0.025966119348793226
428,-0.003629227615256636,-0.024743399768258012
429,0.010655248400273654,0.010062569850631808
430,0.015605913729921261,0.025013185932192705
431,0.021839058485056184,0.05673098468816129
432,0.04206873658759558,0.031674381045300404
433,-0.018257923739211313,0.010100778241472153
434,0.017141586388229824,0.017579653282132623
435,0.028189699478802566,0.02291397181111099
436,-0.005939907200315564,0.01337733324839141
437,0.028374395672453145,0.04187963586249066
438,0.01998774350889787,0.014497961316992214
439,0.012000861119369599,0.003751622484651107
440,-0.0010324512524001461,0.033155375090858974
441,-0.002411938561512228,0.006641887637480082
442,0.007705572401632832,0.030103224272403417
443,0.034252930574543594,0.012131165390338539
444,0.035623057742747655,0.043134507222905016
445,0.0351184625151989,0.03701912894343973
446,0.02197117954729133,0.0544319624890105
447,-0.021481978427565718,-0.0008615210790198224
448,0.021387796039609275,0.014284559994296453
449,0.004857734812162784,0.00757426601404243
450,0.025614746120514398,0.07776217312759193
451,0.016678318129196068,0.07624876848103779
452,0.028774214548282107,0.03814497860558774
453,0.012177387877185475,0.022834791341808325
454,0.02315085256618188,0.04171857922947331
455,0.015860490940763583,0.08007422986514912
456,-0.012233700765745148,-0.009548063659096773
457,0.00524006732780935,0.04503083415695541
458,0.020097161224282734,0.04331174780970426
459,0.023820401621286624,0.06285552257116245
460,-0.002157539590650903,-0.006640333652982666
461,-8.533007358912936e-05,0.016066922164827746
462,-0.002481844735710337,0.041405009657292546
463,0.03198050391226659,0.03352889587014862
464,0.007763089318107319,-0.017659428235554553
465,0.015477551435297832,-0.003788172889045538
466,-0.007472797642051887,-0.011375024218593155
467,0.008131183987051926,-0.006348489846467298
468,-0.011674505548856073,0.01401189901483435
469,0.010284480715387567,0.04044059551358048
470,0.0012519179444583362,0.04096553052627683
471,0.00897194822269809,0.00240206071524518
472,0.008947696340764644,0.03622159453556728
473,0.002611727798923491,0.019480111340576478
474,-0.000263220860116431,0.049759646615564534
475,-0.014710581347503804,-0.012271380813023702
476,-0.011545720864781894,-0.011649221437289636
477,-0.0014383766763591543,0.03383734877550859
478,0.03605804214344599,0.0907107392241806
479,-0.007422119268912453,0.01728631081149068
480,0.012565628293453979,0.021484573872314394
481,0.03284958387411674,0.0028791080588376206
482,0.025650137498550607,0.01832542259491443
483,-0.0015194526416305587,0.019983685747345104
484,-0.038888091894167864,-0.0313741831898563
485,-0.013731030267442046,0.002724410223610807
486,-0.014027641698021287,-0.027377636291285312
487,-0.00886291449437937,-0.023878036875712882
488,-0.004345919323835656,0.036969696969696986
489,0.022739361395322955,0.04409390454132234
490,0.03387298522440507,0.06215640623025964
491,0.027963621334117006,0.025569377990430575
492,0.005414668617346408,0.04218846344830596
493,0.02448008290813597,0.0663377227442723
494,0.011875872244500485,0.00819597870103339
495,0.012221788680986778,0.022229229544874385
496,0.011976438859252703,0.011667258755118426
497,0.017121011868170166,0.01765855429457508
498,-0.011238537407001203,0.009747682463125296
499,0.02021280059466879,0.06633003475750521
