repeat,feature,threshold,f1,precision,recall,tnr,tp,fp,fn,tn_unknown,fp_unknown,auc_pr_trapezoid,ap_pr_step
0,absolute,0.0,0.731404958677686,0.8564516129032258,0.6382211538461539,0.6798561151079137,531,89,301,189,89,0.8867663982783561,0.8869039475929904
0,gap,0.0,0.7168758716875872,0.8538205980066446,0.6177884615384616,0.6834532374100719,514,88,318,190,88,0.8757543814123668,0.8758714900430081
1,absolute,0.0,0.7391603578802478,0.8647342995169082,0.6454326923076923,0.697841726618705,537,84,295,194,84,0.8872195333294365,0.887357719549833
1,gap,0.0,0.7159804605722261,0.8535773710482529,0.6165865384615384,0.6834532374100719,513,88,319,190,88,0.8757500265560699,0.8758672626140684
2,absolute,0.0,0.7342995169082126,0.8622366288492707,0.6394230769230769,0.6942446043165468,532,85,300,193,85,0.887277941458057,0.8874125829827519
2,gap,0.0,0.7168758716875872,0.8538205980066446,0.6177884615384616,0.6834532374100719,514,88,318,190,88,0.8756883692586841,0.8758057302690263
3,absolute,0.0,0.7339322736696614,0.8634146341463415,0.6382211538461539,0.697841726618705,531,84,301,194,84,0.8871974576834266,0.8873352403546159
3,gap,0.0,0.7177700348432056,0.8540630182421227,0.6189903846153846,0.6834532374100719,515,88,317,190,88,0.875736476303463,0.8758536429949993
4,absolute,0.0,0.7342995169082126,0.8622366288492707,0.6394230769230769,0.6942446043165468,532,85,300,193,85,0.8848093475359046,0.884961820590996
4,gap,0.0,0.7109867039888034,0.8509212730318257,0.6105769230769231,0.6798561151079137,508,89,324,189,89,0.8756963866258005,0.8758140158966062
