repeat,fold,feature,calibration_query_count,heldout_query_count,threshold,f1,precision,recall,tnr,tp,fp,fn,tn_unknown,fp_unknown,auc_pr_trapezoid,ap_pr_step
0,0,absolute,883,227,0.5538312700071403,0.7346938775510204,0.9,0.6206896551724138,0.7735849056603774,108,12,66,41,12,0.9244831951484189,0.9250700229596378
0,1,absolute,879,231,0.5405721809057424,0.7834394904458599,0.8541666666666666,0.7235294117647059,0.6557377049180327,123,21,47,40,21,0.8915804899555473,0.8922772073261052
0,2,absolute,883,227,0.550950738613095,0.7665505226480837,0.8943089430894309,0.6707317073170732,0.7936507936507936,110,13,54,50,13,0.9045978331887046,0.9050551648176177
0,3,absolute,899,211,0.5424505849270607,0.7142857142857143,0.8333333333333334,0.625,0.6078431372549019,100,20,60,31,20,0.8807693607712399,0.8812872225798949
0,4,absolute,896,214,0.5424505849270607,0.6498194945848376,0.7964601769911505,0.5487804878048781,0.54,90,23,74,27,23,0.8268103275668885,0.8306250465487849
0,0,gap,883,227,0.04477839235925807,0.7142857142857143,0.875,0.603448275862069,0.7169811320754716,105,15,69,38,15,0.8732999871642155,0.8739384567794329
0,1,gap,879,231,0.04477839235925807,0.7034482758620689,0.85,0.6,0.7049180327868853,102,18,68,43,18,0.8619164120149109,0.8625794873064301
0,2,gap,883,227,0.044570231328764476,0.7285223367697594,0.8346456692913385,0.6463414634146342,0.6666666666666666,106,21,58,42,21,0.8726322185111612,0.8731711782919708
0,3,gap,899,211,0.044570231328764476,0.7214285714285714,0.8416666666666667,0.63125,0.6274509803921569,101,19,59,32,19,0.9021663032905446,0.9025132225704182
0,4,gap,896,214,0.044570231328764476,0.7168458781362007,0.8695652173913043,0.6097560975609756,0.7,100,15,64,35,15,0.8772833049626918,0.8777879442730471
1,0,absolute,885,225,0.5424505849270607,0.7157190635451505,0.8359375,0.6257309941520468,0.6111111111111112,107,21,64,33,21,0.8803342175434717,0.8810107470514176
1,1,absolute,883,227,0.5424505849270607,0.756578947368421,0.8582089552238806,0.6764705882352942,0.6666666666666666,115,19,55,38,19,0.8818990867618075,0.8826516332118158
1,2,absolute,886,224,0.550950738613095,0.8066666666666666,0.937984496124031,0.7076023391812866,0.8490566037735849,121,8,50,45,8,0.9350359725550896,0.9353210012859662
1,3,absolute,883,227,0.550950738613095,0.6911764705882353,0.8468468468468469,0.5838509316770186,0.7424242424242424,94,17,67,49,17,0.8696213917686129,0.8702497952944036
1,4,absolute,903,207,0.5424505849270607,0.7194244604316546,0.8403361344537815,0.6289308176100629,0.6041666666666666,100,19,59,29,19,0.8794377423360354,0.8802700939749873
1,0,gap,885,225,0.04477839235925807,0.698961937716263,0.8559322033898306,0.5906432748538012,0.6851851851851852,101,17,70,37,17,0.8759130522055049,0.876444540664849
1,1,gap,883,227,0.044570231328764476,0.6986301369863014,0.8360655737704918,0.6,0.6491228070175439,102,20,68,37,20,0.8768156751716767,0.8772898665606573
1,2,gap,886,224,0.044570231328764476,0.7389830508474576,0.8790322580645161,0.6374269005847953,0.7169811320754716,109,15,62,38,15,0.890943060189013,0.8914623072074185
1,3,gap,883,227,0.04495178768354291,0.7137809187279152,0.8278688524590164,0.6273291925465838,0.6818181818181818,101,21,60,45,21,0.8643230340638549,0.8648777938472239
1,4,gap,903,207,0.044570231328764476,0.7299270072992701,0.8695652173913043,0.6289308176100629,0.6875,100,15,59,33,15,0.8764141995502455,0.8772477343715717
2,0,absolute,891,219,0.5496117273281393,0.7279151943462897,0.865546218487395,0.6280487804878049,0.7090909090909091,103,16,61,39,16,0.9022812773966035,0.9031929734207047
2,1,absolute,885,225,0.5424545988264289,0.7722772277227723,0.8666666666666667,0.6964285714285714,0.6842105263157895,117,18,51,39,18,0.9317696871245942,0.9320226846095948
2,2,absolute,878,232,0.5495953464415451,0.7934426229508197,0.8962962962962963,0.711764705882353,0.7741935483870968,121,14,49,48,14,0.8981599186798148,0.8986160551150217
2,3,absolute,885,225,0.5424505849270607,0.7375415282392026,0.8473282442748091,0.6529411764705882,0.6363636363636364,111,20,59,35,20,0.8492888666846726,0.8502263260815863
2,4,absolute,901,209,0.550950738613095,0.622568093385214,0.8247422680412371,0.5,0.6530612244897959,80,17,80,32,17,0.8437906261862768,0.8458965006666073
2,0,gap,891,219,0.044570231328764476,0.7285714285714285,0.8793103448275862,0.6219512195121951,0.7454545454545455,102,14,62,41,14,0.901507236053152,0.9019053594931702
2,1,gap,885,225,0.044570231328764476,0.7392739273927392,0.8296296296296296,0.6666666666666666,0.5964912280701754,112,23,56,34,23,0.8492451061319761,0.8500461210787738
2,2,gap,878,232,0.044570231328764476,0.7186440677966102,0.848,0.6235294117647059,0.6935483870967742,106,19,64,43,19,0.8556573328447727,0.8563987089648561
2,3,gap,885,225,0.04477839235925807,0.7364864864864865,0.8650793650793651,0.6411764705882353,0.6909090909090909,109,17,61,38,17,0.8983282671723691,0.898723624238234
2,4,gap,901,209,0.04477839235925807,0.6538461538461539,0.85,0.53125,0.6938775510204082,85,15,75,34,15,0.877142983714954,0.8776685361507036
3,0,absolute,892,218,0.5495953464415451,0.7440273037542662,0.8790322580645161,0.6449704142011834,0.6938775510204082,109,15,60,34,15,0.9288727030076704,0.9291538903423543
3,1,absolute,883,227,0.550950738613095,0.6953405017921147,0.8508771929824561,0.5878787878787879,0.7258064516129032,97,17,68,45,17,0.8682020412330989,0.8689608988779582
3,2,absolute,886,224,0.5391006722657107,0.7290322580645161,0.8129496402877698,0.6608187134502924,0.5094339622641509,113,26,58,27,26,0.8662671736832035,0.8670246093364674
3,3,absolute,889,221,0.5538312700071403,0.7137546468401487,0.8888888888888888,0.5962732919254659,0.8,96,12,65,48,12,0.8945047240225643,0.8951008465786854
3,4,absolute,890,220,0.5495953464415451,0.7837837837837838,0.8923076923076924,0.6987951807228916,0.7407407407407407,116,14,50,40,14,0.8879073462592725,0.8885409452697624
3,0,gap,892,218,0.044570231328764476,0.7864406779661017,0.9206349206349206,0.6863905325443787,0.7959183673469388,116,10,53,39,10,0.9109051558622885,0.9113148196583176
3,1,gap,883,227,0.044637684330716354,0.6690391459074733,0.8103448275862069,0.5696969696969697,0.6451612903225806,94,22,71,40,22,0.850798143693535,0.851508833969465
3,2,gap,886,224,0.044570231328764476,0.7098976109215017,0.8524590163934426,0.6081871345029239,0.660377358490566,104,18,67,35,18,0.8684712249063432,0.8691352511503248
3,3,gap,889,221,0.044570231328764476,0.6642335766423357,0.8053097345132744,0.5652173913043478,0.6333333333333333,91,22,70,38,22,0.8618456391748873,0.8623730289551541
3,4,gap,890,220,0.044570231328764476,0.7534246575342466,0.873015873015873,0.6626506024096386,0.7037037037037037,110,16,56,38,16,0.8953880949445054,0.895819933127478
4,0,absolute,896,214,0.5294655758851681,0.7836990595611285,0.7961783439490446,0.7716049382716049,0.38461538461538464,125,32,37,20,32,0.8752391131669482,0.876116065491346
4,1,absolute,884,226,0.5552296034240933,0.673992673992674,0.8932038834951457,0.5411764705882353,0.8035714285714286,92,11,78,45,11,0.894725701117463,0.8952121605645396
4,2,absolute,889,221,0.5530778576279778,0.7185185185185186,0.9065420560747663,0.5950920245398773,0.8275862068965517,97,10,66,48,10,0.9024697809176151,0.902872957488344
4,3,absolute,882,228,0.5552296034240933,0.7084870848708487,0.897196261682243,0.5853658536585366,0.828125,96,11,68,53,11,0.9163045299518552,0.9166203005703933
4,4,absolute,889,221,0.5405721809057424,0.7721518987341772,0.8531468531468531,0.7052023121387283,0.5625,122,21,51,27,21,0.865071313015353,0.865974490866244
4,0,gap,896,214,0.044570231328764476,0.7152777777777778,0.8174603174603174,0.6358024691358025,0.5576923076923077,103,23,59,29,23,0.8400615139651305,0.8409085871185344
4,1,gap,884,226,0.04477839235925807,0.6879432624113475,0.8660714285714286,0.5705882352941176,0.7321428571428571,97,15,73,41,15,0.9011538229288313,0.9015060820931908
4,2,gap,889,221,0.04477839235925807,0.7142857142857143,0.8547008547008547,0.6134969325153374,0.7068965517241379,100,17,63,41,17,0.8638244256791924,0.8644656140909825
4,3,gap,882,228,0.048919412820674024,0.6254826254826255,0.8526315789473684,0.49390243902439024,0.78125,81,14,83,50,14,0.864569432875488,0.865083325157952
4,4,gap,889,221,0.04260456317153122,0.79375,0.8639455782312925,0.7341040462427746,0.5833333333333334,127,20,46,28,20,0.9121104012452488,0.9124812200411738
