threshold,f1,precision,recall,tnr,tp,fp,fn,tn_unknown,fp_unknown,auc_pr_trapezoid,ap_pr_step
-1.0,0.5437693099897013,0.4756756756756757,0.6346153846153846,0.0,528,582,304,0,278,0.4522741716165706,0.4525935467536697
-0.95,0.5437693099897013,0.4756756756756757,0.6346153846153846,0.0,528,582,304,0,278,0.4522741716165706,0.4525935467536697
-0.9,0.5437693099897013,0.4756756756756757,0.6346153846153846,0.0,528,582,304,0,278,0.4522741716165706,0.4525935467536697
-0.85,0.5437693099897013,0.4756756756756757,0.6346153846153846,0.0,528,582,304,0,278,0.4522741716165706,0.4525935467536697
-0.8,0.5437693099897013,0.4756756756756757,0.6346153846153846,0.0,528,582,304,0,278,0.4522741716165706,0.4525935467536697
-0.75,0.5437693099897013,0.4756756756756757,0.6346153846153846,0.0,528,582,304,0,278,0.4522741716165706,0.4525935467536697
-0.7,0.5437693099897013,0.4756756756756757,0.6346153846153846,0.0,528,582,304,0,278,0.4522741716165706,0.4525935467536697
-0.6499999999999999,0.5437693099897013,0.4756756756756757,0.6346153846153846,0.0,528,582,304,0,278,0.4522741716165706,0.4525935467536697
-0.6,0.5437693099897013,0.4756756756756757,0.6346153846153846,0.0,528,582,304,0,278,0.4522741716165706,0.4525935467536697
-0.55,0.5437693099897013,0.4756756756756757,0.6346153846153846,0.0,528,582,304,0,278,0.4522741716165706,0.4525935467536697
-0.5,0.5437693099897013,0.4756756756756757,0.6346153846153846,0.0,528,582,304,0,278,0.4522741716165706,0.4525935467536697
-0.44999999999999996,0.5437693099897013,0.4756756756756757,0.6346153846153846,0.0,528,582,304,0,278,0.4522741716165706,0.4525935467536697
-0.3999999999999999,0.5437693099897013,0.4756756756756757,0.6346153846153846,0.0,528,582,304,0,278,0.4522741716165706,0.4525935467536697
-0.35,0.5437693099897013,0.4756756756756757,0.6346153846153846,0.0,528,582,304,0,278,0.4522741716165706,0.4525935467536697
-0.29999999999999993,0.5437693099897013,0.4756756756756757,0.6346153846153846,0.0,528,582,304,0,278,0.4522741716165706,0.4525935467536697
-0.25,0.5437693099897013,0.4756756756756757,0.6346153846153846,0.0,528,582,304,0,278,0.4522741716165706,0.4525935467536697
-0.19999999999999996,0.5437693099897013,0.4756756756756757,0.6346153846153846,0.0,528,582,304,0,278,0.4522741716165706,0.4525935467536697
-0.1499999999999999,0.5437693099897013,0.4756756756756757,0.6346153846153846,0.0,528,582,304,0,278,0.4522741716165706,0.4525935467536697
-0.09999999999999998,0.5437693099897013,0.4756756756756757,0.6346153846153846,0.0,528,582,304,0,278,0.4522741716165706,0.4525935467536697
-0.04999999999999993,0.5437693099897013,0.4756756756756757,0.6346153846153846,0.0,528,582,304,0,278,0.4522741716165706,0.4525935467536697
0.0,0.5437693099897013,0.4756756756756757,0.6346153846153846,0.0,528,582,304,0,278,0.4522741716165706,0.4525935467536697
0.050000000000000044,0.5437693099897013,0.4756756756756757,0.6346153846153846,0.0,528,582,304,0,278,0.4522741716165706,0.4525935467536697
0.10000000000000009,0.5437693099897013,0.4756756756756757,0.6346153846153846,0.0,528,582,304,0,278,0.4522741716165706,0.4525935467536697
0.15000000000000013,0.5437693099897013,0.4756756756756757,0.6346153846153846,0.0,528,582,304,0,278,0.4522741716165706,0.4525935467536697
0.20000000000000018,0.5437693099897013,0.4756756756756757,0.6346153846153846,0.0,528,582,304,0,278,0.4522741716165706,0.4525935467536697
0.25,0.5446106240330068,0.47696476964769646,0.6346153846153846,0.007194244604316547,528,579,304,2,276,0.4522741716165706,0.4525935467536697
0.30000000000000004,0.5463010863942059,0.47956403269754766,0.6346153846153846,0.014388489208633094,528,573,304,4,274,0.4522741716165706,0.4525935467536697
0.3500000000000001,0.559322033898305,0.5,0.6346153846153846,0.14388489208633093,528,528,304,40,238,0.4522741716165706,0.4525935467536697
0.40000000000000013,0.5731639977912756,0.5301327885597549,0.6237980769230769,0.27697841726618705,519,460,313,77,201,0.4522741716165706,0.4525935467536697
0.4500000000000002,0.5860246623605402,0.5729047072330654,0.5997596153846154,0.44244604316546765,499,372,333,123,155,0.4522741716165706,0.4525935467536697
0.5,0.5643939393939394,0.5944148936170213,0.5372596153846154,0.5719424460431655,447,305,385,159,119,0.4522741716165706,0.4525935467536697
0.55,0.5239749826268242,0.6210873146622735,0.453125,0.697841726618705,377,230,455,194,84,0.4522741716165706,0.4525935467536697
0.6000000000000001,0.4869831546707504,0.6708860759493671,0.38221153846153844,0.8237410071942446,318,156,514,229,49,0.4522741716165706,0.4525935467536697
0.6500000000000001,0.3940972222222222,0.709375,0.27283653846153844,0.89568345323741,227,93,605,249,29,0.4522741716165706,0.4525935467536697
0.7000000000000002,0.3006789524733269,0.7788944723618091,0.18629807692307693,0.9568345323741008,155,44,677,266,12,0.4522741716165706,0.4525935467536697
0.75,0.19169329073482427,0.8411214953271028,0.10817307692307693,0.9856115107913669,90,17,742,274,4,0.4522741716165706,0.4525935467536697
0.8,0.08027522935779817,0.875,0.042067307692307696,0.9928057553956835,35,5,797,276,2,0.4522741716165706,0.4525935467536697
0.8500000000000001,0.009569377990430622,1.0,0.004807692307692308,1.0,4,0,828,278,0,0.4522741716165706,0.4525935467536697
0.9000000000000001,0.0,,0.0,1.0,0,0,832,278,0,0.4522741716165706,0.4525935467536697
0.9500000000000002,0.0,,0.0,1.0,0,0,832,278,0,0.4522741716165706,0.4525935467536697
1.0,0.0,,0.0,1.0,0,0,832,278,0,0.4522741716165706,0.4525935467536697
