feature,calibration_prior,evaluation_prior,threshold,f1,precision,recall,tnr,tp,fp,fn,tn_unknown,fp_unknown,auc_pr_trapezoid,ap_pr_step,f1_regret
absolute,0.1,0.1,0.23771079979447596,0.9477272727272728,0.9006479481641468,1.0,0.007194244604316547,1040832,114816,0,832,114816,0.9586710565045966,0.9587231222538848,0.0
absolute,0.25,0.1,0.34921352213815304,0.94674250569093,0.9118814286871305,0.984375,0.14388489208633093,1024569,99008,16263,16640,99008,0.9586710565045966,0.9587231222538848,0.0009847670363427596
absolute,0.4,0.1,0.3989982794892635,0.9326584987142921,0.9209091402914958,0.9447115384615384,0.2697841726618705,983286,84448,57546,31200,84448,0.9586710565045966,0.9587231222538848,0.015068774012980679
absolute,0.1,0.25,0.23771079979447596,0.8580246913580247,0.7513513513513513,1.0,0.007194244604316547,346944,114816,0,832,114816,0.8878394365915935,0.8879744114317172,0.009362844754232769
absolute,0.25,0.25,0.34921352213815304,0.8673875361122575,0.7752530468911382,0.984375,0.14388489208633093,341523,99008,5421,16640,99008,0.8878394365915935,0.8879744114317172,0.0
absolute,0.4,0.25,0.3989982794892635,0.8634927827555411,0.7951335484340506,0.9447115384615384,0.2697841726618705,327762,84448,19182,31200,84448,0.8878394365915935,0.8879744114317172,0.003894753356716407
absolute,0.1,0.4,0.23771079979447596,0.7513513513513513,0.6017316017316018,1.0,0.007194244604316547,346944,229632,0,1664,229632,0.8030030640304304,0.8032266308669432,0.025702282945390453
absolute,0.25,0.4,0.34921352213815304,0.7705122376853251,0.6329903862371394,0.984375,0.14388489208633093,341523,198016,5421,33280,198016,0.8030030640304304,0.8032266308669432,0.006541396611416728
absolute,0.4,0.4,0.3989982794892635,0.7770536342967418,0.6599350055772786,0.9447115384615384,0.2697841726618705,327762,168896,19182,62400,168896,0.8030030640304304,0.8032266308669432,0.0
gap,0.1,0.1,7.786060185943633e-05,0.9475478129142207,0.9003238575026988,1.0,0.0035971223021582736,1040832,115232,0,416,115232,0.953264645416169,0.953311886210342,0.0
gap,0.25,0.1,7.786060185943633e-05,0.9475478129142207,0.9003238575026988,1.0,0.0035971223021582736,1040832,115232,0,416,115232,0.953264645416169,0.953311886210342,0.0
gap,0.4,0.1,0.0006138535533261047,0.9454404058191661,0.9014122671815386,0.9939903846153846,0.02158273381294964,1034577,113152,6255,2496,113152,0.953264645416169,0.953311886210342,0.0021074070950546364
gap,0.1,0.25,7.786060185943633e-05,0.8575835475578406,0.7506750675067507,1.0,0.0035971223021582736,346944,115232,0,416,115232,0.8759901907021261,0.87610712752237,0.0
gap,0.25,0.25,7.786060185943633e-05,0.8575835475578406,0.7506750675067507,1.0,0.0035971223021582736,346944,115232,0,416,115232,0.8759901907021261,0.87610712752237,0.0
gap,0.4,0.25,0.0006138535533261047,0.8568404444968973,0.752949164976387,0.9939903846153846,0.02158273381294964,344859,113152,2085,2496,113152,0.8759901907021261,0.87610712752237,0.0007431030609432732
gap,0.1,0.4,7.786060185943633e-05,0.7506750675067507,0.600864553314121,1.0,0.0035971223021582736,346944,230464,0,832,230464,0.7875683634218934,0.7877528094031293,0.0005641671358345146
gap,0.25,0.4,7.786060185943633e-05,0.7506750675067507,0.600864553314121,1.0,0.0035971223021582736,346944,230464,0,832,230464,0.7875683634218934,0.7877528094031293,0.0005641671358345146
gap,0.4,0.4,0.0006138535533261047,0.7512392346425852,0.6037838585482603,0.9939903846153846,0.02158273381294964,344859,226304,2085,4992,226304,0.7875683634218934,0.7877528094031293,0.0
raw_gap,0.1,0.1,0.04951980073130158,0.9571221903975922,0.967342709220582,0.9471153846153846,0.7122302158273381,985788,33280,55044,82368,33280,0.9932201194876165,0.9932244594824878,0.0
raw_gap,0.25,0.1,0.06076538127126063,0.9521780581678653,0.9724953718173731,0.9326923076923077,0.762589928057554,970776,27456,70056,88192,27456,0.9932201194876165,0.9932244594824878,0.004944132229726894
raw_gap,0.4,0.1,0.09448036272712457,0.9392453548916547,0.9846584557091934,0.8978365384615384,0.8741007194244604,934497,14560,106335,101088,14560,0.9932201194876165,0.9932244594824878,0.01787683550593744
raw_gap,0.1,0.25,0.04951980073130158,0.9271634547557913,0.9080347964496126,0.9471153846153846,0.7122302158273381,328596,33280,18348,82368,33280,0.9813273555757783,0.981338550063118,4.4880010223180555e-05
raw_gap,0.25,0.25,0.06076538127126063,0.9272083347660145,0.9217884733711629,0.9326923076923077,0.762589928057554,323592,27456,23352,88192,27456,0.9813273555757783,0.981338550063118,0.0
raw_gap,0.4,0.25,0.09448036272712457,0.9256986967368644,0.9553455049546248,0.8978365384615384,0.8741007194244604,311499,14560,35445,101088,14560,0.9813273555757783,0.981338550063118,0.001509638029150051
raw_gap,0.1,0.4,0.04951980073130158,0.8855841530790999,0.8315601939487189,0.9471153846153846,0.7122302158273381,328596,66560,18348,164736,66560,0.9664209182655459,0.9664396530507565,0.02051172468046547
raw_gap,0.25,0.4,0.06076538127126063,0.8921163198464949,0.854923593938241,0.9326923076923077,0.762589928057554,323592,54912,23352,176384,54912,0.9664209182655459,0.9664396530507565,0.013979557913070484
raw_gap,0.4,0.4,0.09448036272712457,0.9060958777595653,0.9145085858393102,0.8978365384615384,0.8741007194244604,311499,29120,35445,202176,29120,0.9664209182655459,0.9664396530507565,0.0
