selection,threshold,f1,precision,recall,tnr,tp,fp,fn,tn_unknown,fp_unknown,auc_pr_trapezoid,ap_pr_step
accept_all,5.8617359000590064e-05,0.5406797116374872,0.47297297297297297,0.6310096153846154,0.0,525,585,307,0,278,0.506165468633097,0.506905277480767
reject_all,0.5127040579271319,0.0,,0.0,1.0,0,0,832,278,0,0.506165468633097,0.506905277480767
best_f1,0.03801049255582034,0.5879973027646662,0.6697388632872504,0.5240384615384616,0.6223021582733813,436,215,396,173,105,0.506165468633097,0.506905277480767
balanced,0.03801049255582034,0.5879973027646662,0.6697388632872504,0.5240384615384616,0.6223021582733813,436,215,396,173,105,0.506165468633097,0.506905277480767
robust_balanced,0.04517222131034537,0.5828092243186582,0.6961602671118531,0.5012019230769231,0.6870503597122302,417,182,415,191,87,0.506165468633097,0.506905277480767
tnr_0.0,5.8617359000590064e-05,0.5406797116374872,0.47297297297297297,0.6310096153846154,0.0,525,585,307,0,278,0.506165468633097,0.506905277480767
tnr_0.1,0.0040249637150593385,0.5525333333333333,0.4966442953020134,0.6225961538461539,0.10071942446043165,518,525,314,28,250,0.506165468633097,0.506905277480767
tnr_0.2,0.008675199747776087,0.5580110497237569,0.516359918200409,0.6069711538461539,0.2014388489208633,505,473,327,56,222,0.506165468633097,0.506905277480767
tnr_0.3,0.014106795350458725,0.5598611914401388,0.5395763656633222,0.5817307692307693,0.302158273381295,484,413,348,84,194,0.506165468633097,0.506905277480767
tnr_0.4,0.020581622532681313,0.5644768856447688,0.5714285714285714,0.5576923076923077,0.4028776978417266,464,348,368,112,166,0.506165468633097,0.506905277480767
tnr_0.5,0.026668933984525914,0.5708836617927527,0.6059379217273954,0.5396634615384616,0.5,449,292,383,139,139,0.506165468633097,0.506905277480767
tnr_0.6,0.03565411391065532,0.5828877005347594,0.6566265060240963,0.5240384615384616,0.6007194244604317,436,228,396,167,111,0.506165468633097,0.506905277480767
tnr_0.7,0.048120095530385994,0.5762952448545068,0.7036395147313691,0.4879807692307692,0.7014388489208633,406,171,426,195,83,0.506165468633097,0.506905277480767
tnr_0.8,0.07262673843088015,0.5475638051044084,0.7678958785249458,0.4254807692307692,0.802158273381295,354,107,478,223,55,0.506165468633097,0.506905277480767
tnr_0.9,0.1091588458841858,0.47322970639032813,0.8404907975460123,0.3293269230769231,0.9028776978417267,274,52,558,251,27,0.506165468633097,0.506905277480767
tnr_1.0,0.27555014087078844,0.14253897550111358,0.9696969696969697,0.07692307692307693,1.0,64,2,768,278,0,0.506165468633097,0.506905277480767
