target_from,target_to,actual_tnr_from,actual_tnr_to,f1_from,f1_to,f1_loss,actual_tnr_gain,f1_cost_per_0_1_tnr
0.0,0.1,0.0,0.10071942446043165,0.8568486096807415,0.8616517622304051,-0.00480315254966357,0.10071942446043165,-0.004768844317165973
0.1,0.2,0.10071942446043165,0.2014388489208633,0.8616517622304051,0.8648357565966612,-0.00318399436625616,0.10071942446043165,-0.0031612515493543306
0.2,0.3,0.2014388489208633,0.302158273381295,0.8648357565966612,0.86,0.004835756596661245,0.10071942446043167,0.004801215478113664
0.3,0.4,0.302158273381295,0.4028776978417266,0.86,0.8482400461627236,0.011759953837276349,0.10071942446043164,0.011675954167010092
0.4,0.5,0.4028776978417266,0.5,0.8482400461627236,0.8237431859479104,0.024496860214813232,0.09712230215827339,0.025222693110066956
0.5,0.6,0.5,0.6007194244604317,0.8237431859479104,0.7847938144329897,0.03894937151492073,0.1007194244604317,0.03867116171838557
0.6,0.7,0.6007194244604317,0.7014388489208633,0.7847938144329897,0.7300485773768216,0.05474523705616807,0.10071942446043158,0.054354199648624056
0.7,0.8,0.7014388489208633,0.802158273381295,0.7300485773768216,0.6839762611275965,0.04607231624922514,0.1007194244604317,0.04574322827601638
0.8,0.9,0.802158273381295,0.9028776978417267,0.6839762611275965,0.5060869565217392,0.17788930460585728,0.1007194244604317,0.17661866671581536
0.9,1.0,0.9028776978417267,1.0,0.5060869565217392,0.08735632183908046,0.4187306346826587,0.09712230215827333,0.43113746830288585
