case	primary	flags	confidence	note
E01	D	D,C	high	На полном кадре bbox запроса стоит на белой соседней машине; тёмный BMW, соответствующий gallery, находится выше рамки. Визуально подтверждена несогласованность bbox/ID. context/E01_positive_1.jpg
E02	V	V,T	medium	Запрос показывает передок, верная пара корму белого кроссовера с цветной ливреей; чужой кандидат похож спереди, но рисунок рекламы отличается.
E03	D	D,C,occlusion	high	Полные кадры подтверждают разные передки и эмблемы: чёрный Renault в query и другой кроссовер в gallery под тем же vehicle_id. Столб есть, но не объясняет несовпадение модели. context/E03_positive_1.jpg
E04	T	T,V	medium	Чужой top-1 повторяет бело-оранжевую ливрею и корму Belka; единственная показанная верная пара снята спереди сверху.
E05	V	V,T	medium	У запроса виден передок, у верной пары зад и крыша. Чужой top-1 той же формы кузова показан спереди сбоку.
E06	V	V,T,L	medium	Передок тёмного BMW в запросе сопоставляется с кормой в верной паре; выбран другой тёмный BMW спереди с включёнными фарами.
E07	L	L,V	medium	Запрос сзади сильно засвечен стоп-сигналами и бликами; верная пара спереди при другом освещении, её score очень низок.
E08	L	L,V	high	Дневная светлая корма BMW против тёмного фронтального кадра с яркими фарами; верная пара теряется на смене освещения и стороны.
E09	V	V	medium	Запрос спереди, верная пара сзади сбоку; рисунок отражений и деталей кузова почти не совпадает, чужой ответ тоже фронтальный.
E10	V	V,C,occlusion	medium	Корма чёрного BMW против передка с фарами; чужой автомобиль тоже показан сзади. Человек частично закрывает бок запроса.
E11	V	V,C,occlusion	medium	OSNet находила верный передок BMW, d1_j48 предпочла чужую корму SUV. У запроса корма, верная пара спереди частично перекрыта машиной.
E12	L	L,V,T	medium	Верхний дневной ракурс делает кузов такси почти белым, верная пара жёлтая в ночном свете; чужой жёлтый автомобиль ближе по верхнему ракурсу.
E13	T	T,V	medium	Два тёмных кроссовера сходной модели и вида сзади; верная машина показана спереди. Сильное сходство чужой кормы.
E14	L	L,T	medium	Светлая корма запроса в жёстком солнечном свете против ночной верной пары с красным стоп-сигналом; чужой светлый SUV выбран выше.
E15	V	V,L	medium	Передок и салон большого SUV с открытыми дверями против его кормы; d1_j48 ошибочно ставит выше жёлтое такси другого силуэта.
E16	T	T,L	medium	Тёмный седан сзади спутан с другим тёмным седаном с похожими вертикальными фонарями; верная пара сбоку сильно меняет цвет отражениями.
E17	T	T,V	high	Два белых электроседана в одинаковой ливрее такси; чужая корма почти повторяет запрос, а верная пара спереди. Уверенность ошибки 0,929.
E18	V	V,T	medium	Синий Audi спереди сопоставляется со своей кормой; чужой серый Audi спереди обгоняет верную пару.
E19	V	V,L,C,occlusion	medium	Передок Toyota с веткой поверх правого борта против ночной кормы; чужой Toyota представлен более похожим фронтальным видом.
E20	T	T,V	high	Две машины Belka с одинаковой бело-оранжевой окраской; чужой передок похож на запрос, верная пара сзади.
E21	U	T,C	low	Верная пара тоже тёмный кроссовер сзади и выглядит близко к запросу; верхнее положение чужого SUV уверенно не объясняется. Запрос менее детален и захватывает соседнюю машину.
E22	C	C,occlusion,T,L	medium	Листва закрывает значительную часть правой кормы запроса; выбран другой чёрный Mercedes с похожими фонарями. Есть изменение бликов и освещения.
E23	C	C,occlusion	medium	Полный кадр подтверждает: широкий bbox содержит длинный фургон и передок нужного SUV, заметная часть SUV перекрыта соседями. Цель неоднозначна; C, без утверждения ошибочного ID. context/E23_positive_1.jpg
E24	V	V	medium	Suzuki сзади сбоку против верного передка сверху; d1_j48 предпочла чужой тёмный универсал сзади сбоку, хотя OSNet находила пару.
E25	V	V,T	medium	Белый фургон сзади против верного вида Ford спереди; выбран другой светлый микроавтобус сзади. Форма кормы важнее найденного передка.
E26	T	T,V,L	high	Два тёмных минивэна с одинаковыми световыми полосами кормы; верная пара спереди днём, чужая сзади с включёнными фонарями.
E27	D	D,C	high	На полном gallery-кадре рамка стоит на микроавтобусе рядом с Audi; query-рамка стоит на Audi. Визуально подтверждён сдвиг цели bbox. context/E27_positive_1.jpg
E28	L	L,C	medium	Ночной синий BMW с яркими фарами против светлого дневного кропа передка, частично срезанного и с соседней машиной. Чужой ответ повторяет свет фар.
E29	V	V	medium	Другой кадр того же Suzuki, что E24: корма и борт против верного передка; d1_j48 выбрала тёмный универсал в похожем заднем ракурсе.
E30	T	T,V,L	high	Одинаковый кузов и бело-оранжевая ливрея каршеринга у запроса и чужой кормы; верная пара спереди ночью.
E31	T	T,C,occlusion	high	Одинаковые бело-оранжево-зелёные кроссоверы Ситидрайв сзади. Верная пара дополнительно перекрыта соседней машиной.
E32	T	T,V,C,occlusion	medium	Зелёная рекламная ливрея двух кроссоверов совпадает; у верной кормы часть машины закрывает человек. Чужая крыша и корма выше верной пары.
E33	T	T,V	high	Похожие серо-оранжевые кроссоверы каршеринга сзади; верная пара спереди сверху. Чужая ливрея и корма дают уверенное ошибочное совпадение.
E34	V	V,L	medium	Световая полоса кормы запроса против ярких передних фар верной пары; выбран другой автомобиль с похожей задней световой полосой.
E35	V	V,L	medium	Передок BMW iX в тени против светлой кормы на другой камере; выбран чужой фронтальный автомобиль с яркими фарами.
E36	V	V,T	medium	Серый Mercedes спереди против собственной кормы сверху; другой Mercedes спереди сбоку становится первым, верная пара второй.
E37	V	V,T,L	medium	Фронтальный Kia против своей кормы при другом освещении; чужой светлый Kia показан спереди. OSNet эту пару находила.
E38	V	V,T,L	medium	Соседний кадр того же случая E37: передок и корма Kia; чужой светлый фронтальный автомобиль опережает пару.
E39	T	T,V	high	Два чёрных седана Toyota Camry в близком переднем ракурсе; верная пара показывает заднюю боковую часть, различия машин малы.
E40	T	T,V,L	high	Два светлых Kia-такси сзади и с шашечками; верная пара спереди. Чужая корма остаётся первой несмотря на разницу освещения.
E41	T	T,C,occlusion	high	Повторная путаница бело-оранжевых Ситидрайв: чужой кузов и окраска почти совпадают; у верной пары нижняя часть перекрыта столбиком и ограждением.
E42	V	V,C,occlusion	medium	Ещё один кадр пары E11: BMW сзади, правильный BMW спереди перекрыт соседями; новый top-1 — чужой SUV сзади.
E43	V	V	medium	Белая корма рекламного кроссовера против зелёного передка сверху; чужой ответ повторяет белую корму. Цветные стороны ливреи видны в разных ракурсах. Проверка полного кадра не доказала дефект ID: видимые эмблемы одного семейства, различие сторон ливреи само по себе недостаточно. context/E43_positive_1.jpg
E44	C	C,occlusion,T	high	Верная пара почти в том же переднем ракурсе, но закрыта крупными листьями; чужой тёмный кроссовер каршеринга остаётся выше.
E45	L	L,V	medium	Корма Audi выглядит зелёной и бликует, тогда как верный передок серый; одновременно меняется сторона автомобиля. Выбрана чужая тёмная корма Audi.
E46	T	T,C,occlusion	high	Та же взаимная путаница Ситидрайв E41: одинаковые кузов и ливрея; запрос частично закрыт соседней машиной.
E47	T	T	high	Два серых низких кроссовера одной модели в близком переднем ракурсе; верная пара тоже близка, но чужой кузов с отражениями получает чуть больший score.
E48	L	L,V,T	high	Фары запроса полностью засвечивают передок Mercedes; верная пара — тёмная корма, чужой передок с фарами выше неё.
E49	V	V	medium	Крупный Mercedes спереди против своей кормы; d1_j48 предпочла передок чужого минивэна Mercedes, тогда как OSNet находила пару.
E50	C	C,occlusion,V,T	high	Верная корма Toyota закрыта ветками и сильно теряет детали; выбран другой чёрный Camry в более сходном переднем ракурсе.
E51	V	V,T,L	medium	Корма кроссовера в сером свете против синего передка на другой камере; чужая синяя корма геометрически ближе запросу.
E52	L	L,V,T	medium	Обратное направление E12: жёлтый кузов ночью против почти белого верхнего дневного вида. Чужое жёлтое такси сохраняет цвет и задний ракурс.
E53	T	T,V	high	Взаимная путаница двух тёмных седанов с похожей кормой и вертикальными фонарями; правильная машина показана спереди.
E54	T	T,V	high	Два очень похожих тёмных больших кроссовера спереди; верная пара сзади сбоку. Мелкие отличия не удерживают идентичность.
E55	C	C,occlusion,V,T	high	Корма Camry почти в листве и отражениях; собственный передок получает низкий score, чужой похожий седан сзади — выше.
E56	D	D,C	high	Gallery-bbox захватывает соседний меньший SUV на переднем плане, крупный Mercedes виден за ним вне основной рамки. Query относится к крупному Mercedes. context/E56_positive_1.jpg
E57	D	D,C	high	Другой кадр query того же v860: тот же дефект gallery-bbox на соседнем SUV. Это повтор одной проблемы данных, не независимый дефект. context/E57_positive_1.jpg
E58	T	T	high	Очень похожие белые Chery с оранжевыми элементами каршеринга; правильный и чужой передки близки, у чужого отличается реклама на капоте.
E59	L	L,V,T	high	Второй засвеченный фронтальный кадр Mercedes из E48: яркие фары против тёмной кормы; найден передок чужого Mercedes.
E60	L	L,V	high	Ночная машина спереди с засветкой от фар против своей светлой дневной кормы; чужой бледный передок оказывается выше.
E61	V	V	medium	Повтор E43: белая корма рекламного SUV и зелёный передок сверху; чужая светлая корма ближе по видимым поверхностям.
E62	V	V,T,L	medium	Тёмный кроссовер спереди против кормы ночью с красной полосой; выбран другой очень похожий тёмный кроссовер спереди.
E63	T	T,V	high	Два похожих Geely спереди при небольшом цветовом различии; верная пара сзади. Уверенный ошибочный ответ сохраняется у обеих моделей.
E64	T	T,V	high	Тёмные кроссоверы одинакового семейства с оранжевой ливреей; чужая корма похожа на запрос, а верная пара снята спереди сбоку.
A01	V	V,C,occlusion	medium	Совпадает с E11: передок правильного BMW заменён чужой кормой SUV; регрессия первого места на второе.
A02	V	V,T,C,occlusion	medium	Range Rover сзади ночью против своего передка за столбом; новая сборка выбирает корму другого Range Rover.
A03	V	V	medium	Переднебоковой вид тёмного универсала против его заднебокового вида; чужой компактный SUV спереди опережает верную пару на малую разницу score.
A04	T	T,V	medium	Корма чёрного Mercedes спутана с кормой другого Mercedes; правильный передок теперь второй.
A05	V	V	medium	Совпадает с E24: Suzuki сзади сбоку заменён чужим универсалом в похожем ракурсе; верный передок второй.
A06	V	V,C,occlusion	medium	Совпадает с E42: чужая корма SUV обгоняет правильный передок BMW между соседними машинами.
A07	V	V	medium	Совпадает с E49: вместо правильной кормы Mercedes выбран передок чужого минивэна того же бренда.
A08	V	V	medium	Совпадает с E29: заднебоковой Suzuki спутан с чужим тёмным универсалом; правильный передок второй.
A09	V	V,T,L	medium	Совпадает с E37: чужой фронтальный Kia опередил собственную корму на другой камере.
A10	T	T	high	Другой кадр того же серого кроссовера, что E47: чужая машина того же типа в близком ракурсе обходит правильную на малый score.
A11	L	L,T	high	Ночной передок минивэна с яркими синими фарами теперь спутан с таким же освещённым чужим передком; правильный дневной вид опустился на пятое место.
A12	T	T	high	Два почти одинаковых чёрных минивэна в одном переднем ракурсе; даже при score верной пары 0,830 чужой получает 0,866. Новая уверенная ошибка двойника.
A13	V	V,T	medium	Передок светлого Suzuki против его кормы; другая светлая машина того же бренда в переднем ракурсе выходит на первое место.
A14	T	T	high	Совпадает с E47: серые кроссоверы одной модели, близкий передний ракурс; новая сборка меняет местами очень похожие машины.
A15	V	V	medium	Передок Mercedes SUV против своей кормы; чужой Mercedes-минивэн спереди сбоку становится первым.
A16	T	T,L	medium	Корма Range Rover днём спутана с кормой другого Range Rover ночью; цвет отражениями меняется, силуэты очень похожи.
F01	L	L,T,C,occlusion	high	Исправлена старая путаница двух синих Mercedes: собственная ночная корма за соседней машиной поднялась с 34-го на 1-е место относительно дневного запроса; порог всё ещё отвергает запрос.
F02	T	T	medium	Вместо похожей серой кормы другого Mercedes найдена собственная чёрная корма; обе модели раньше видели близкий кузов, новая различила машины.
F03	V	V,T	high	Белый Mercedes сзади теперь сопоставлен с собственным передком; исходная OSNet ставила выше серый Mercedes в заднем ракурсе.
F04	T	T,C,occlusion	high	Несмотря на дорожный знак в кропе, выбран правильный тёмный Mercedes сзади, а не почти такой же чужой с одинаковыми фонарями.
F05	V	V	high	Светлый зелёный передок Jaecoo правильно сопоставлен с его зелёной кормой; исходная OSNet давала передок чужого Chery.
F06	V	V,L	high	Корма светлого BMW теперь сопоставлена с собственным передком с яркими фарами; старая модель выбирала чужую светлую корму. Найдено первое место, но score ниже порога.
F07	V	V,C,occlusion	high	Тёмная Mazda сзади и с человеком внизу кропа теперь сопоставлена с передком своей Mazda, а не с чужой светлой кормой.
F08	V	V,T	medium	Тёмный SUV сзади сбоку теперь найден по своему передку; исходная модель предпочитала чужой тёмный SUV в заднем ракурсе. Отказ по порогу сохранился.
F09	V	V,T	high	Чёрный минивэн спереди теперь найден по собственной корме; OSNet выбирала чужой такой же передок. Ранжирование исправлено, отказ ещё есть.
F10	T	T,V	high	Одинаковая ливрея Ситидрайв больше не перевешивает форму кузова: найден правильный другой ракурс вместо чужого кроссовера в той же окраске; score ниже порога.
F11	V	V,L	high	Повтор исправленного случая F06: своя корма BMW сопоставлена с передком с яркими фарами, чужая светлая корма снята с первого места. Запрос всё равно отклонён.
F12	V	V	high	Красный Porsche спереди найден по красной корме, исходная OSNet ставила выше чужой тёмный Porsche спереди.
F13	V	V	high	Передок светлого Geely найден по собственной заднебоковой части; прежний чужой ответ — белый седан такси.
F14	T	T	high	Исправлена путаница двух оранжевых кроссоверов одной модели: обе пары сзади, различия малы, теперь первым стал правильный v594 вместо v998.
F15	V	V,L	high	Светлая корма BMW iX теперь сопоставлена с его тёмно-синим передком, а не с чужой тёмной кормой. Правильный top-1 всё ещё ниже порога.
F16	V	V,T,C,occlusion	high	Корма каршеринга частично за столбом теперь найдена по своему передку, а не по корме чужой машины в похожей ливрее.
P01	T	T	high	Нет пары по меткам; принята почти одинаковая бело-оранжевая корма Haval каршеринга. Score 0,752 заметно выше порога.
P02	T	T	high	Нет пары; серый кроссовер спутан с однотипным серым кроссовером сзади сбоку, похожи фонари и четыре патрубка.
P03	T	T	medium	Нет пары; светлый BMW принят за другой светлый BMW из галереи. Совпадение класса, цвета и марки; передний и задний ракурсы не доказывают одинаковую модель. Score близок к порогу.
P04	T	T	medium	Нет пары; тёмный Range Rover спереди принят по чужому Range Rover сзади. Однотипный кузов, но индивидуальная идентичность не подтверждается.
P05	O	body_similarity	medium	Нет пары; разные модели тёмных SUV сзади дают сходные крупные контуры и фонари. Точного двойника по модели здесь не видно.
P06	O	body_similarity	medium	Нет пары; Mercedes SUV принят по передку другого Mercedes-минивэна. Сходна марка и фронтальная геометрия, но это не одинаковая модель кузова.
P07	T	T	high	Нет пары; бело-оранжево-зелёный кроссовер каршеринга почти совпадает с чужим по кузову и ливрее; уверенный FP 0,840.
P08	T	T	medium	Нет пары; тёмная корма большого SUV сверху принята по однотипной тёмной корме Range Rover. Однотипность внешности, точная модель по запросу не установлена.
P09	T	T	medium	Нет пары; однотипные большие BMW сзади сбоку в сером цвете. Включённые фонари и освещение различаются, кузов очень похож.
P10	O	body_similarity	medium	Нет пары; два разных белых прямоугольных SUV спереди спутаны по общему силуэту. Решётки и светотехника отличаются, одинаковую модель утверждать нельзя.
P11	T	T	medium	Нет пары; светлые Range Rover разных поколений в близком заднем ракурсе. Категория однотипности здесь относится к семейству кузова и цвету.
P12	U	C,occlusion	low	Нет пары; белый кандидат сильно перекрыт чужой машиной и размытым дорожным знаком. По этому кропу нельзя уверенно объяснить высокое принятие именно данного кандидата.
P13	U	C,occlusion	low	Другой кадр той же неизвестной машины, что P12; повторяется сильно перекрытый белый кандидат. Причина высокого score остаётся неясной.
P14	T	T	high	Другой кадр P02: однотипные серые кроссоверы сзади, те же близкие фонари и силуэт.
P15	T	T	high	Нет пары; тёмные Zeekr-минивэны с почти одинаковой кормой, световой полосой и вертикальными фонарями; уверенный FP.
P16	T	T,C,occlusion	high	Нет пары по меткам; два тёмных Zeekr сзади за похожим столбом на одной камере. Кузов почти неразличим, score 0,868; идентичность по сходству не переопределялась.
N01	V	V,L	medium	Правильный SUV найден первым, но переднебоковой светлый кадр и тёмная корма выглядят по-разному. Score 0,52043 ниже порога 0,52828; это потеря правильного ответа порогом.
N02	C	C,occlusion,T	high	Запрос каршеринга закрыт крупными листьями; собственная пара только пятая, все scores низкие.
N03	V	V	medium	Передок с пёстрыми отражениями против своей кормы; выше стоят чужие фронтальные машины. Отказ сопровождает ошибку ранжирования.
N04	V	V,T	medium	Красно-оранжевый каршеринг спереди сверху правильно сопоставлен с заднебоковым видом, но score 0,394 не достигает порога.
N05	V	V,T	medium	Тёмная корма Geely против серого передка; чужая тёмная корма выше, обе пары далеко ниже порога.
N06	V	V	high	Белая Toyota найдена по своей корме, хотя запрос фронтальный. Rank-1 исправлен, но score 0,274 приводит к ложному отказу.
N07	V	V,T,L	medium	Синий передок Geely против серой засвеченной кормы; другой серый Geely спереди выше. На этой паре появилась и ошибка ранжирования относительно OSNet.
N08	V	V,T	medium	Совпадает с E36: передок серого Mercedes против собственной кормы; чужой передок другой модели выше, оба scores очень низкие.
N09	V	V	high	Светлый Geely сзади сверху теперь правильно найден по передку, поднявшись с 27-го на первое место; score 0,464 всё ещё ниже порога.
N10	U	T	low	У запроса, верной пары и чужого Haval близкие задние ракурсы и ливрея. Двойник объясняет конкуренцию, но почему оба score около 0,204 и сильно ниже порога, по изображениям неясно.
N11	V	V,C,occlusion	medium	Белый Kia сзади, частично за другой машиной, против собственного передка; чужой светлый седан сзади выше. Верная пара лишь 18-я.
N12	V	V,T	medium	Серый Geely спереди против кормы; чужой передок той же формы с ливреей выше, все score низки.
N13	C	C,occlusion,T	high	Совпадает с E44: правильный передок закрывают листья, чужая не закрытая машина выше; запрос отвергнут.
N14	C	C,occlusion,T	medium	Большая часть правой кормы Mercedes за листвой; вместо собственной заднебоковой пары новая сборка выбирает чужой вид сверху, но ниже порога.
N15	L	L,V	high	Совпадает с E08: дневная корма против ночного передка с сильной засветкой фар; правильный ответ седьмой, принятия нет.
N16	L	L,V	medium	Правильный тёмный SUV найден первым, но его корма почти исчезает в тени относительно более светлого бокового запроса; score 0,499 ниже порога.
