split,seed,winner_A,winner_A_mAP,winner_A_mAP_on_B,winner_A_rank_on_B,optimism,winner_B,winner_B_mAP,winner_B_mAP_on_A,winner_B_rank_on_A,reverse_optimism,symmetric_optimism
0,259857504,AB_kr,0.8007459720835333,0.7466570064927576,5,0.054088965590775695,ABD_kr,0.7600157387772983,0.7952237637503573,3,-0.03520802497305897,0.009440470308858362
1,3345819442,ABD_kr,0.8069016201289676,0.7495351908036517,3,0.05736642932531588,ABCD_kr,0.7526909570607883,0.8006223093070801,3,-0.04793135224629186,0.004717538539512012
2,2511931984,ABCD_kr,0.7608534396989292,0.7917352584029786,3,-0.03088181870404949,ABD_kr,0.7953016581519485,0.7602772659271222,2,0.03502439222482634,0.0020712867603884244
3,1090726923,AB_kr,0.7387208790451507,0.8099760885263038,5,-0.07125520948115305,ABCD_kr,0.8201786427299395,0.7331858773277727,5,0.08699276540216672,0.007868777960506834
4,1506282810,AB_kr,0.7765696596062421,0.7715162676672427,6,0.005053391938999452,ABCD_kr,0.7804814282498175,0.7724109417968781,4,0.008070486452939396,0.006561939195969424
5,2074510040,ABD_kr,0.7675124653105362,0.7881356951262706,2,-0.02062322981573439,AB_kr,0.7911110996615979,0.7569075681708546,4,0.03420353149074329,0.0067901508375044495
6,879207791,ABD_kr,0.8079632771560599,0.7474933124398795,1,0.06046996471618038,ABD_kr,0.7474933124398795,0.8079632771560599,1,-0.06046996471618038,0.0
7,1346003174,ABCD_kr,0.8026035674774324,0.7503846533783366,3,0.05221891409909585,ABD_kr,0.7563058428595536,0.7996498523817624,5,-0.04334400952220885,0.0044374522884435
8,3617304539,ABCD_kr,0.7739142618473878,0.77884661979612,3,-0.004932357948732258,ABD_kr,0.7843726941220185,0.7714368082172905,2,0.01293588590472794,0.004001763977997841
9,2455169187,AB_kr,0.7874757187108891,0.7597751587950232,5,0.02770055991586584,ABD_kr,0.7784669288884835,0.7773190134608668,4,0.0011479154276166081,0.014424237671741225
10,1847955682,ABD_kr,0.7781832212386998,0.7775757710753622,2,0.0006074501633375196,AB_kr,0.7800125067142823,0.7679384069471225,4,0.012074099767159896,0.006340774965248708
11,4248131949,ABD_kr,0.7698197220791777,0.7858505173697691,2,-0.01603079529059137,AB_kr,0.7873023504407781,0.7607531169010541,6,0.02654923353972405,0.005259219124566339
12,446746381,ABCD_kr,0.7798512173070397,0.772534169954375,4,0.007317047352664696,ABD_kr,0.7780420948092243,0.7777206689378218,2,0.000321425871402492,0.003819236612033594
13,3973054722,ABC_kr,0.8093642276449075,0.7360308876361077,5,0.07333334000879976,ABD_kr,0.7531569628421524,0.8006495450977466,7,-0.04749258225559416,0.0129203788766028
14,1875869399,ABC_kr,0.7607233952007199,0.7872854092529781,4,-0.02656201405225822,ABD_kr,0.7956868666383673,0.7595390816584197,2,0.03614778497994764,0.004792885463844709
15,1956553801,ABC_kr,0.7823888873137186,0.7664995644513365,5,0.015889322862382094,ABCD_kr,0.7766528997487708,0.7760659256962259,4,0.0005869740525449307,0.008238148457463512
16,2950732139,ABD_kr,0.764790377768868,0.7909569328112838,3,-0.026166555042415718,ABCE_kr,0.7920463080365139,0.742798549688223,7,0.04924775834829087,0.011540601652937577
17,2270062758,ABCD_kr,0.806331834748134,0.7486248336771949,3,0.05770700107093907,ABD_kr,0.7532099391321407,0.8045104687406457,2,-0.05130052960850495,0.003203235731217058
18,3927491895,ABD_kr,0.7951876903568996,0.7600528679773938,3,0.035134822379505826,ABC_kr,0.7616015821871065,0.7864321944083844,4,-0.024830612221277915,0.0051521050791139555
19,890420239,ABC_kr,0.7895222884772438,0.7590162854245764,5,0.030506003052667374,ABD_kr,0.7718082452697753,0.7839976683057415,6,-0.012189423035966152,0.009158290008350611
20,1014902977,ABD_kr,0.7728648154205617,0.7826244284684206,3,-0.009759613047858884,ABCD_kr,0.7841900319038605,0.7681222677156873,3,0.01606776418817324,0.0031540755701571777
21,1583028625,ABD_kr,0.7910461525345489,0.7650757314269622,2,0.02597042110758674,ABC_kr,0.7661050451195315,0.7825236724307553,5,-0.016418627311223788,0.004775896898181475
22,2548243905,ABCD_kr,0.778754069174628,0.7741168647225516,4,0.004637204452076382,ABD_kr,0.7820906106101102,0.7734061877728118,2,0.008684422837298422,0.006660813644687402
23,2872471413,ABC_kr,0.7994825756247638,0.746886405167885,5,0.05259617045687881,AB_kr,0.7645088640208832,0.7829644149836305,7,-0.018455550962747203,0.017070309747065804
24,718251075,ABD_kr,0.7252517487467718,0.8312600447371566,3,-0.10600829599038486,ABC_kr,0.8324552009767763,0.7167709707246857,5,0.11568423025209063,0.004837967130852883
25,1588718557,ABD_kr,0.8074171137327346,0.7477565374601811,2,0.0596605762725535,ABCD_kr,0.7509938908140281,0.8012599500771956,4,-0.05026605926316752,0.0046972585046929916
26,2174975150,ABC_kr,0.8115910912814381,0.7364395134816687,4,0.07515157779976944,ABD_kr,0.7483713671468055,0.8070936248865205,5,-0.058722257739714956,0.008214660030027243
27,625048960,ABD_kr,0.7568591719907399,0.7993994398862325,3,-0.04254026789549259,ABCD_kr,0.8024966853407214,0.7508611030231954,3,0.05163558231752596,0.004547657211016687
28,2883243461,AB_kr,0.7797084436447208,0.7683380002599858,7,0.01137044338473503,ABCD_kr,0.7817561244534378,0.7711090140081682,4,0.010647110445269559,0.011008776915002294
29,2706788637,ABCD_kr,0.7858205375015321,0.7669166308826068,2,0.01890390661892538,ABD_kr,0.7703801737176211,0.7853671368625306,3,-0.014986963144909438,0.001958471737007972
30,1323322859,ABD_kr,0.7810643926443475,0.7748618377874456,3,0.0062025548569019096,ABC_kr,0.7776310008913522,0.7705568474147356,5,0.0070741534766165515,0.0066383541667592305
31,1074977599,ABD_kr,0.7172200250891703,0.8348513079030477,3,-0.11763128281387747,ABCD_kr,0.8395689987631212,0.7090907235196596,5,0.13047827524346156,0.006423496214792046
32,4240929631,AB_kr,0.7737447214321107,0.7744519877305556,4,-0.0007072662984448641,ABD_kr,0.7864762060691316,0.7695957290687202,6,0.016880477000411398,0.008086605350983267
33,3169952351,ABC_kr,0.7785539587740522,0.7697533302231795,5,0.008800628550872713,ABD_kr,0.7862435110199892,0.7696632253835892,3,0.016580285636400016,0.012690457093636365
34,2381681982,ABD_kr,0.8057652681741572,0.7480393430011331,3,0.057725925173024106,ABC_kr,0.7514331872264753,0.7954764964465322,5,-0.04404330922005684,0.006841307976483635
35,3863756005,ABC_kr,0.7602950533831923,0.7877015707344622,4,-0.027406517351269977,ABD_kr,0.7951125155985944,0.7601302429725274,2,0.03498227262606701,0.003787877637398518
36,784034018,AB_kr,0.7735173720217733,0.7746685030077162,7,-0.001151130985942883,ABD_kr,0.7907311807089271,0.7650777966598041,4,0.025653384049122985,0.01225112653159005
37,1897714732,ABCD_kr,0.7630127010798072,0.7897244673043317,4,-0.026711766224524425,ABD_kr,0.7957280072395341,0.7600193033406175,2,0.03570870389891656,0.004498468837196068
38,1279554565,ABCE_kr,0.7639851702505883,0.7710117038255295,7,-0.007026533574941207,ABD_kr,0.7947209166177431,0.7617399250304038,5,0.03298099158733936,0.012977229006199076
39,3831057383,ABD_kr,0.7679879963830974,0.7879029315177366,3,-0.019914935134639156,AB_kr,0.789478344893141,0.7589250989031372,4,0.030553245990003752,0.005319155427682298
40,84155009,ABD_kr,0.782797480178779,0.7729498304013727,2,0.009847649777406375,ABC_kr,0.7735690873476807,0.7748228230779248,4,-0.001253735730244121,0.004296957023581127
41,2400533179,AB_kr,0.7457727283210117,0.8021393860200546,7,-0.05636665769904292,ABD_kr,0.8125845183027144,0.7428274216203103,4,0.06975709668240404,0.00669521949168056
42,2681189092,ABD_kr,0.770366627106943,0.7854897444153366,4,-0.015123117308393552,ABC_kr,0.7878911756392292,0.7606968477280436,4,0.02719432791118559,0.006035605301396019
43,3839194298,ABC_kr,0.7841475964466922,0.7643868195813079,5,0.019760776865384244,ABD_kr,0.779093521331472,0.7766360672238652,5,0.0024574541076067824,0.011109115486495513
44,4269977633,ABDE_kr,0.7772184054661571,0.7665949402671216,5,0.010623465199035453,AB_kr,0.7797222710410654,0.768211812503265,7,0.011510458537800417,0.011066961868417935
45,3614713045,ABCD_kr,0.7732318383221782,0.7794455825215817,5,-0.006213744199403459,AB_kr,0.7865194173559346,0.7614223727956045,5,0.025097044560330017,0.009441650180463279
46,3826325525,ABC_kr,0.7709249310545027,0.7774669793711028,5,-0.006542048316600102,ABD_kr,0.7891174227094984,0.7666298878706534,4,0.022487534838844914,0.007972743261122406
47,1619089709,ABD_kr,0.7929508306227935,0.7636419290414359,1,0.02930890158135757,ABD_kr,0.7636419290414359,0.7929508306227935,1,-0.02930890158135757,0.0
48,934011657,ABC_kr,0.7542046496543827,0.7939959564118121,5,-0.03979130675742937,ABD_kr,0.8093043306937936,0.7461393018631337,6,0.06316502883065989,0.01168686103661526
49,4177243355,AB_kr,0.7708027632159482,0.7770786207517573,5,-0.00627585753580906,ABD_kr,0.790214845993223,0.7642858796674188,3,0.025928966325804215,0.009826554394997578
50,44219471,ABD_kr,0.8112725287142483,0.7444747818659033,3,0.06679774684834494,ABCD_kr,0.7450715074491233,0.8076656609350155,3,-0.06259415348589215,0.0021017966812263977
51,3203488984,ABD_kr,0.7899396509457393,0.7659231237076722,4,0.02401652723806702,ABC_kr,0.7744896604357749,0.7738994122582078,5,0.0005902481775671431,0.012303387707817082
52,527147606,ABC_kr,0.8218078180349089,0.7270397083028698,4,0.09476810973203909,ABD_kr,0.7345221660448477,0.8216439995038569,2,-0.08712183345900926,0.003823138136514914
53,781255561,ABD_kr,0.8000907097113378,0.7563919170907941,2,0.04369879262054366,ABC_kr,0.7626363404201706,0.7861512536413686,5,-0.02351491322119803,0.010091939699672814
54,815735731,AB_kr,0.772346789797322,0.7758701970058407,6,-0.0035234072085187362,ABD_kr,0.7847920262440764,0.7710870628304372,2,0.013704963413639248,0.005090778102560256
55,1939570521,ABD_kr,0.7725790783863344,0.7832451509866076,3,-0.010666072600273191,AB_kr,0.7835552021921475,0.7647634233315627,6,0.018791778860584807,0.004062853130155808
56,3676868850,ABD_kr,0.78886056287761,0.7669394427029614,2,0.021921120174648534,ABCD_kr,0.7727547387032911,0.7799998458036852,5,-0.007245107100394055,0.00733800653712724
57,1919048905,AB_kr,0.7849616508227248,0.763325477130798,6,0.02163617369192683,ABD_kr,0.7779278233366808,0.7778189638807018,4,0.00010885945597893798,0.010872516573952884
58,1020448269,ABD_kr,0.796301293100413,0.7597970201046974,3,0.03650427299571557,ABDE_kr,0.7614458951009978,0.7823385065432853,5,-0.02089261144228749,0.00780583077671404
59,429519492,ABD_kr,0.7721927762749029,0.784343139618409,4,-0.012150363343506054,ABC_kr,0.7935884740379255,0.7571673100142187,5,0.036421164023706876,0.01213540034010041
60,1711636326,ABCD_kr,0.8154293366953806,0.7357760374729421,2,0.07965329922243858,ABD_kr,0.7397281623684331,0.8145796956486377,2,-0.07485153328020466,0.0024008829711169577
61,24685837,ABD_kr,0.7853173264787804,0.7706763467411866,1,0.014640979737593818,ABD_kr,0.7706763467411866,0.7853173264787804,1,-0.014640979737593818,0.0
62,1159170069,ABD_kr,0.7821423634519015,0.7734375468081788,6,0.00870481664372269,AB_kr,0.7815704539813473,0.7668948765492736,4,0.014675577432073705,0.011690197037898198
63,3778157818,ABCD_kr,0.8093026054499117,0.7427950673758225,3,0.06650753807408927,ABD_kr,0.7485871345701418,0.8066023375201063,2,-0.05801520294996454,0.004246167562062364
64,3433708236,ABD_kr,0.7908389193241807,0.7657526410070289,2,0.025086278317151822,ABC_kr,0.7689625341621388,0.7797938931525679,5,-0.010831358990429085,0.0071274596633613685
65,2104873514,ABCD_kr,0.7798403105425177,0.77305984968906,4,0.006780460853457626,ABD_kr,0.7809111986574538,0.7746864792445017,4,0.006224719412952107,0.006502590133204866
66,2020495057,ABCD_kr,0.7940716534707861,0.757341095765319,3,0.03673055770546707,ABD_kr,0.7616883987428309,0.7929323278549139,2,-0.031243929112082958,0.0027433142966920565
67,3271637877,ABCD_kr,0.785522321347745,0.7674322754723956,3,0.01809004587534946,ABC_kr,0.7711231424000076,0.7773435323276124,5,-0.006220389927604875,0.005934827973872292
68,1282376296,ABD_kr,0.8042024456681945,0.7502478801642666,1,0.053954565503927965,ABD_kr,0.7502478801642666,0.8042024456681945,1,-0.053954565503927965,0.0
69,3740000787,ABCD_kr,0.7898024443014274,0.7633793435662363,3,0.026423100735191163,ABD_kr,0.7717554974247108,0.7842012366520548,4,-0.012445739227343933,0.006988680753923615
70,1589648826,AB_kr,0.7352263722437661,0.8124001936625448,5,-0.07717382141877871,ABD_kr,0.8255920452897336,0.7294620199151203,2,0.09613002537461335,0.00947810197791732
71,856996654,AB_kr,0.777694608849315,0.7704185368072073,6,0.007276072042107673,ABCD_kr,0.7806399859060947,0.7721785425106922,4,0.008461443395402557,0.007868757718755115
72,2515554105,ABD_kr,0.7785965579857095,0.7771260077588948,5,0.0014705502268146375,ABC_kr,0.7842166559283476,0.7645069088944628,5,0.019709747033884728,0.010590148630349683
73,1875012122,ABD_kr,0.8216229711985399,0.7341243393816117,7,0.08749863181692819,ABCD_kr,0.7401639965409468,0.812573171843192,3,-0.07240917530224522,0.007544728257341482
74,856860885,ABD_kr,0.8202493799173738,0.736702927571611,2,0.08354645234576275,AB_kr,0.7408341855737545,0.8083223087052617,5,-0.0674881231315072,0.00802916460712777
75,193056986,ABC_kr,0.8052134856286257,0.7449177255679605,4,0.06029576006066517,ABD_kr,0.753839734842822,0.8033353333876616,5,-0.04949559854483965,0.005400080757912762
76,2335310739,AB_kr,0.806350736715355,0.7425986225445862,4,0.06375211417076876,ABD_kr,0.7526578377987123,0.8037029963213751,2,-0.05104515852266278,0.006353477824052989
77,2334869975,ABC_kr,0.788808462702512,0.7596535316918691,5,0.029154931010642926,ABD_kr,0.7725941345761008,0.7831786194773711,5,-0.010584484901270286,0.00928522305468632
78,2050041680,ABCD_kr,0.7747671668682201,0.7780733187626186,3,-0.0033061518943985346,ABD_kr,0.7827900282009198,0.7732552443738284,2,0.009534783827091386,0.003114315966346426
79,3233663359,ABD_kr,0.7719365041114138,0.7832401878199877,3,-0.01130368370857393,ABCD_kr,0.7897185666845389,0.761599109890274,4,0.028119456794264863,0.008407886542845466
80,4180092484,ABCD_kr,0.7890471986135102,0.7627414450009449,5,0.026305753612565375,ABD_kr,0.7685122983773669,0.7865834096334546,2,-0.018071111256087735,0.00411732117823882
81,990166912,ABD_kr,0.7851591599876228,0.7704823079092715,3,0.014676852078351232,ABCE_kr,0.7719784203028125,0.7629316783494724,7,0.009046741953340098,0.011861797015845665
82,1845016544,ABD_kr,0.7879252548445128,0.7672249310096326,4,0.020700323834880185,AB_kr,0.7736102653974604,0.7745458543474478,5,-0.0009355889499874648,0.00988236744244636
83,3934036806,ABCD_kr,0.7733117553897466,0.7794401446994638,2,-0.006128389309717153,ABD_kr,0.7827581701781684,0.7730125673319022,2,0.009745602846266244,0.0018086067682745455
84,108366423,ABD_kr,0.7436836372930422,0.8106156254660586,2,-0.06693198817301638,ABC_kr,0.811738705983552,0.734992837086099,6,0.07674586889745305,0.004906940362218337
85,1588833231,ABD_kr,0.8015480660057965,0.7546501857308451,2,0.04689788027495145,ABCD_kr,0.7588127209556632,0.7942653379767554,4,-0.03545261702109215,0.005722631626929653
86,1124667436,ABC_kr,0.756698128696146,0.7923799710046225,5,-0.035681842308476486,ABD_kr,0.8038005549946595,0.75292512915925,2,0.050875425835409493,0.007596791763466504
87,785116436,ABCD_kr,0.7532127216245091,0.8004325198014948,5,-0.04721979817698563,ABD_kr,0.8101848030800745,0.7467817960959263,2,0.06340300698414814,0.008091604403581254
88,3802491215,ABD_kr,0.8017210272915971,0.7540262832885545,2,0.04769474400304263,AB_kr,0.7573842103708281,0.790798897516868,7,-0.0334146871460399,0.007140028428501366
89,2804086150,ABD_kr,0.7677834869159512,0.7879154295712791,2,-0.020131942655327917,ABC_kr,0.7885664190980897,0.759756236079876,5,0.028810183018213698,0.00433912018144289
90,3786324146,ABD_kr,0.7869564770371404,0.7685698403131556,1,0.018386636723984884,ABD_kr,0.7685698403131556,0.7869564770371404,1,-0.018386636723984884,0.0
91,3227286978,ABD_kr,0.7779991617241692,0.7777469362334308,1,0.00025222549073833367,ABD_kr,0.7777469362334308,0.7779991617241692,1,-0.00025222549073833367,0.0
92,452491406,ABD_kr,0.7970378548575714,0.7580534684513212,5,0.03898438640625024,ABC_kr,0.7720860870239359,0.7762359932488466,5,-0.004149906224910738,0.01741724009066975
93,2677407887,ABD_kr,0.7609364783926864,0.7945682950481232,5,-0.0336318166554368,ABC_kr,0.8057030744047723,0.7422311054756714,5,0.0634719689291009,0.01492007613683205
94,3993974154,ABD_kr,0.7834125410193623,0.7717752861537909,3,0.011637254865571434,AB_kr,0.7785095211782731,0.7700789048043245,7,0.008430616373948596,0.010033935619760015
95,1708154929,ABC_kr,0.8019298983093048,0.7453744065046731,6,0.05655549180463171,ABD_kr,0.7538142191374247,0.8010251881916834,3,-0.0472109690542587,0.004672261375186504
96,2446417700,ABCD_kr,0.768743688673385,0.7842924952212905,2,-0.01554880654790547,ABD_kr,0.7893355404422583,0.7668442941059002,4,0.02249124633635813,0.0034712198942263295
97,2712975944,ABD_kr,0.8195038962924066,0.7364430797122167,1,0.08306081658018993,ABD_kr,0.7364430797122167,0.8195038962924066,1,-0.08306081658018993,0.0
98,2854250513,AB_kr,0.7635976204145319,0.7845854874731644,7,-0.020987867058632426,ABCD_kr,0.7978792733642215,0.7548578950199173,3,0.043021378344304195,0.011016755642835885
99,3705427535,AB_kr,0.7430789121937152,0.8057063829124302,5,-0.062627470718715,ABD_kr,0.8138467958084055,0.7425857174482859,2,0.07126107836011952,0.004316803820702264
100,2728468727,ABD_kr,0.7880893431287427,0.7674094105696897,2,0.020679932559052983,ABCD_kr,0.7685848307831162,0.7839674503466533,3,-0.015382619563537037,0.002648656497757973
101,974802903,ABCD_kr,0.7674379387117154,0.7848799505418904,2,-0.01744201183017502,ABD_kr,0.7904654368824632,0.7646615888901817,3,0.025803847992281526,0.004180918081053253
102,1993663542,ABD_kr,0.8042224550772941,0.7502268850699898,3,0.05399557000730426,ABCE_kr,0.753309736408127,0.7808725535957534,7,-0.02756281718762632,0.01321637640983897
103,3739201467,ABCD_kr,0.8084417526083042,0.7455057240179567,3,0.06293602859034753,ABD_kr,0.7533509698092163,0.8033580147113611,4,-0.050007044902144804,0.006464491844101361
104,1480484739,ABD_kr,0.7924117107676665,0.7634053266972698,1,0.029006384070396685,ABD_kr,0.7634053266972698,0.7924117107676665,1,-0.029006384070396685,0.0
105,277727495,ABCD_kr,0.7986912663593863,0.7529462625091212,4,0.04574500385026503,ABD_kr,0.7634387040963921,0.7916309092446194,5,-0.02819220514822729,0.008776399351018871
106,3214170278,ABD_kr,0.808076969484613,0.747231552027337,4,0.06084541745727601,AB_kr,0.7514063748726133,0.796451885582082,5,-0.04504551070946872,0.007899953373903645
107,2266711163,ABC_kr,0.7937374044492372,0.7557502881765422,3,0.03798711627269502,ABCD_kr,0.7657473100148864,0.7876208251520554,6,-0.021873515137169064,0.008056800567762978
108,242807948,ABD_kr,0.7529839299636258,0.803124974689065,2,-0.05014104472543912,AB_kr,0.804798284231746,0.7438245381708126,7,0.06097374606093342,0.00541635066774715
109,38351586,ABC_kr,0.7822482764744592,0.7662206896569995,5,0.016027586817459638,ABCD_kr,0.775652661956773,0.7770914235504123,3,-0.001438761593639315,0.0072944126119101615
110,3093862046,ABD_kr,0.7680044374645718,0.7873704498014098,2,-0.01936601233683799,ABCD_kr,0.7874257723306316,0.7648777808323873,2,0.02254799149824427,0.0015909895807031393
111,1098258013,ABD_kr,0.7856231764705576,0.7701613020768866,4,0.015461874393670971,ABC_kr,0.775036199081906,0.7733516619756557,5,0.0016845371062502723,0.008573205749960622
112,2112366304,ABCD_kr,0.7781540904036526,0.774608646088528,2,0.003545444315124602,ABD_kr,0.7823138223419752,0.773368982179311,4,0.00894484016266417,0.006245142238894386
113,1643670783,ABC_kr,0.7958874433823214,0.7526085029577662,5,0.04327894042455527,ABD_kr,0.7628199549288321,0.7929999036048676,3,-0.030179948676035462,0.006549495874259903
114,3687821756,ABD_kr,0.7718265277917081,0.7844360768609862,3,-0.012609549069278025,ABCD_kr,0.7865715361788311,0.7669667877885639,3,0.019604748390267268,0.0034975996604946213
115,2656506987,ABD_kr,0.7649816393050209,0.7901014456271888,2,-0.025119806322167815,ABCD_kr,0.7923051782627949,0.7595662985915761,3,0.0327388796712188,0.0038095366745254933
116,1822931060,AB_kr,0.7976854408101726,0.7510580919437071,6,0.04662734886646547,ABD_kr,0.7635411638248352,0.7925548691753953,2,-0.029013705350560137,0.008806821757952665
117,3098535969,ABCD_kr,0.783159419048508,0.7695777493356307,5,0.013581669712877331,ABD_kr,0.775496957982684,0.7802503525974677,2,-0.004753394614783635,0.004414137549046848
118,937168185,AB_kr,0.7928559698217559,0.7540201638256882,7,0.03883580599606773,ABD_kr,0.7627514631262081,0.7920111465688544,2,-0.02925968344264629,0.00478806127671072
119,807306908,ABD_kr,0.8039511282112751,0.7517961823688766,1,0.05215494584239855,ABD_kr,0.7517961823688766,0.8039511282112751,1,-0.05215494584239855,0.0
120,2117148851,ABD_kr,0.7800529180110491,0.7756838900981581,2,0.004369027912891066,ABC_kr,0.7780574176242353,0.7703530130047824,5,0.007704404619452876,0.006036716266171971
121,214236219,ABD_kr,0.8082060199472342,0.7441539199605444,5,0.06405209998668981,ABC_kr,0.7488253576306345,0.7970179082889998,5,-0.04819255065836525,0.007929774664162281
122,2826699202,ABD_kr,0.7918038433992174,0.7642743505089423,3,0.027529492890275065,ABCD_kr,0.7699806727412714,0.7829119192791401,4,-0.012931246537868701,0.007299123176203182
123,3669267894,ABCE_kr,0.7832583988854709,0.7522571587461269,7,0.031001240139344022,AB_kr,0.774721645247086,0.7734335961947669,7,0.0012880490523190513,0.016144644595831537
124,2645596931,AB_kr,0.8178859495513322,0.7331488864224327,5,0.0847370631288995,ABD_kr,0.7440636477939618,0.8140385886814416,4,-0.0699749408874798,0.007381061120709853
125,2800751200,ABCD_kr,0.8056819306042527,0.7451640541403904,6,0.06051787646386231,ABD_kr,0.7537980007069564,0.8004901792924001,2,-0.04669217858544372,0.006912848939209293
126,1855918103,AB_kr,0.7757668324983384,0.7723919372021256,4,0.003374895296212821,ABCD_kr,0.7808302270721417,0.7719708311861748,5,0.008859395885966848,0.006117145591089834
127,3837430198,ABD_kr,0.7944014132246339,0.7611862088730583,4,0.033215204351575545,AB_kr,0.7644583200939653,0.7836326037377512,5,-0.019174283643785928,0.0070204603538948085
128,101432319,ABD_kr,0.7846822243060474,0.7715390005907612,5,0.0131432237152862,ABC_kr,0.7754044479097163,0.7728970515909331,5,0.0025073963187831616,0.007825310017034681
129,958766310,ABD_kr,0.8220784833826745,0.7338808407614705,2,0.088197642621204,AB_kr,0.7348863179526588,0.8134857308313805,7,-0.07859941287872174,0.004799114871241128
130,959761919,ABC_kr,0.7943213593090529,0.7534815148991014,5,0.040839844409951476,ABD_kr,0.7680471352369717,0.7874207482326652,4,-0.019373612995693512,0.010733115707128982
131,2619102107,ABCD_kr,0.7633852622980323,0.7888619694108598,3,-0.025476707112827568,ABD_kr,0.7952421499169504,0.7598240432268532,3,0.03541810669009726,0.004970699788634847
132,858284369,ABCD_kr,0.7799468251995075,0.7728585001562015,4,0.007088325043306032,ABD_kr,0.7797706419473275,0.7759398339404503,2,0.0038308080068771844,0.005459566525091608
133,4134922984,ABD_kr,0.7836030691381893,0.7719481245865258,4,0.011654944551663493,AB_kr,0.775975204464077,0.7722702464668421,5,0.0037049579972349145,0.007679951274449204
134,3706914307,ABCD_kr,0.7849436257527325,0.7681961267422358,4,0.016747499010496658,ABD_kr,0.7732959121990255,0.7826769029668922,2,-0.009380990767866693,0.0036832541213149828
135,2733165945,AB_kr,0.7823168247469499,0.7664018821697857,7,0.015914942577164193,ABD_kr,0.7839692226368357,0.7713535210634423,2,0.012615701573393312,0.014265322075278752
136,3591768111,ABD_kr,0.787237549535819,0.7687321813352054,5,0.01850536820061366,ABC_kr,0.7760012782856368,0.7723467070043767,5,0.0036545712812601217,0.01107996974093689
137,4145016068,ABD_kr,0.7812984254359562,0.7745622345107257,1,0.006736190925230479,ABD_kr,0.7745622345107257,0.7812984254359562,1,-0.006736190925230479,0.0
138,662143045,AB_kr,0.7668849981479176,0.7809268117830798,5,-0.014041813635162215,ABD_kr,0.7924154939490715,0.7625418895928137,2,0.029873604356257855,0.00791589536054782
139,1088941900,AB_kr,0.7946647008490767,0.7529162661535885,6,0.04174843469548817,ABD_kr,0.7673713052415941,0.7880773603134822,5,-0.020706055071888052,0.010521189811800058
140,2888644350,ABCD_kr,0.7562605484673485,0.7984013185503909,4,-0.0421407700830424,AB_kr,0.8045092838768166,0.7463310050165182,5,0.05817827886029847,0.008018754388628035
141,3338733280,ABCD_kr,0.8121575453181126,0.7417641276895832,3,0.07039341762852935,ABD_kr,0.7480059464013832,0.8087637307421958,3,-0.06075778434081258,0.004817816643858386
142,1835563820,ABCD_kr,0.7889810653892094,0.763876796594902,4,0.025104268794307383,ABD_kr,0.7708087889750316,0.7850067811830431,2,-0.014197992208011545,0.005453138293147919
143,2008264699,ABCD_kr,0.7810511441547427,0.7718191775932636,2,0.009231966561479177,ABD_kr,0.7823133426731873,0.7733040258372147,4,0.009009316835972614,0.009120641698725895
144,1888462708,ABD_kr,0.7770413183599019,0.7786784444258705,5,-0.0016371260659686637,ABC_kr,0.7864386537048571,0.761534191246693,6,0.024904462458164134,0.011633668196097735
145,1020692882,ABD_kr,0.7988234488031296,0.75712433826997,3,0.041699110533159556,ABC_kr,0.762107636408008,0.7864010693683684,5,-0.02429343296036035,0.008702838786399603
146,2778189525,ABC_kr,0.7639270556859555,0.7842692566534243,5,-0.02034220096746875,ABD_kr,0.7999378784234101,0.7553810006395894,6,0.04455687778382078,0.012107338408176016
147,639548674,ABD_kr,0.7846432141648774,0.7711688768829758,5,0.013474337281901616,ABC_kr,0.7781162826706586,0.7702377501949677,5,0.007878532475690925,0.01067643487879627
148,328014782,ABCD_kr,0.7748322512901488,0.7778975485908634,3,-0.0030652973007145867,ABD_kr,0.7831319896990911,0.7725899795104146,2,0.01054201018867651,0.0037383564439809613
149,945829416,AB_kr,0.7564259642488274,0.791172466911374,6,-0.03474650266254664,ABD_kr,0.8013341134209757,0.7536101496925925,2,0.04772396372838317,0.006488730532918263
150,3908305778,ABD_kr,0.7938052312464523,0.7630510057343751,4,0.030754225512077182,ABC_kr,0.7687461512479685,0.7800534751849812,5,-0.011307323937012725,0.009723450787532228
151,3163358034,ABD_kr,0.7786471644521921,0.7771329065160021,2,0.0015142579361899777,AB_kr,0.7830624768657114,0.7647238825880941,7,0.018338594277617304,0.00992642610690364
152,963936488,ABD_kr,0.7670919440842695,0.7887073265498861,2,-0.02161538246561656,ABCD_kr,0.7944301684051815,0.7583936262821379,7,0.036036542123043636,0.007210579828713537
153,1870932622,ABCD_kr,0.7732783944817172,0.7796581409805089,3,-0.006379746498791694,ABD_kr,0.7850163768119398,0.7711638259816581,3,0.013852550830281696,0.003736402165745001
154,1156011900,ABC_kr,0.8145612439462453,0.7334406636896652,6,0.08112058025658009,ABD_kr,0.7467081515321039,0.8087409245623255,3,-0.06203277303022159,0.00954390361317925
155,3044653439,ABD_kr,0.7755812444127521,0.7801008791282339,3,-0.0045196347154817795,ABCD_kr,0.7829079719433008,0.769637799726168,3,0.01327017221713278,0.004375268750825501
156,1437301005,ABD_kr,0.7837729427567914,0.7719173698768218,4,0.011855572879969634,ABCD_kr,0.7740232845587293,0.7786914407667174,4,-0.004668156207988106,0.003593708335990764
157,4138969975,ABD_kr,0.8034765371578877,0.7506189745920827,3,0.05285756256580498,AB_kr,0.755319304737693,0.791726091076903,7,-0.03640678633920991,0.008225388113297538
158,3154295295,ABD_kr,0.8006559862094575,0.7530306110212023,3,0.04762537518825527,AB_kr,0.7601522344892981,0.7868746164851176,6,-0.026722381995819444,0.010451496596217913
159,586245198,ABCD_kr,0.7953566056725716,0.7577422393111958,4,0.03761436636137583,ABD_kr,0.7618153817574128,0.7942437399592955,2,-0.03242835820188272,0.0025930040797465526
160,1452659067,ABD_kr,0.782250723234083,0.7736210537331021,3,0.008629669500980874,ABCD_kr,0.777477617583607,0.7752270912866333,2,0.002250526296973754,0.005440097898977314
161,3560268065,ABD_kr,0.7793653550171854,0.7762933397375934,3,0.0030720152795919997,ABCE_kr,0.7797043950930804,0.7558291710184253,7,0.023875224074655144,0.013473619677123572
162,1456337914,AB_kr,0.769961156135656,0.7782021416906101,6,-0.008240985554954117,ABD_kr,0.788140300261831,0.7675575325112278,2,0.020582767750603193,0.006170891097824538
163,896618620,ABCD_kr,0.7891647131882262,0.763936326162628,2,0.025228387025598265,ABD_kr,0.7670109705902349,0.789054272225034,3,-0.022043301634799062,0.0015925426953996014
164,2527836290,AB_kr,0.7624198398083174,0.7861627888566342,7,-0.023742949048316753,ABD_kr,0.798078710771157,0.7583373250495032,2,0.039741385721653755,0.007999218336668501
165,132863240,ABC_kr,0.7519776240925257,0.7955758587436355,4,-0.04359823465110979,ABD_kr,0.8042589524081826,0.7504536406379256,2,0.053805311770256936,0.005103538559573573
166,641536161,ABD_kr,0.769543427640734,0.7862440286148361,2,-0.016700600974102087,AB_kr,0.7928337691028526,0.7554392295050307,7,0.03739453959782191,0.01034696931185991
167,3152028196,ABD_kr,0.7700456248410462,0.7851919535238198,2,-0.015146328682773547,ABCD_kr,0.785556722757522,0.7665404757762868,3,0.019016246981235163,0.0019349591492308083
168,256479917,AB_kr,0.7536551020908792,0.794528005796817,6,-0.04087290370593788,ABD_kr,0.8036358673422234,0.7521114432379282,2,0.05152442410429514,0.005325760199178631
169,1368379955,ABCD_kr,0.8115146309416486,0.7378584322120519,4,0.07365619872959661,ABD_kr,0.742568811345098,0.8100943979249178,2,-0.06752558657981977,0.0030653060748884187
170,1569857451,AB_kr,0.7733625110345699,0.7748383351234253,6,-0.001475824088855382,ABDE_kr,0.7841401847958572,0.7597366382117705,7,0.02440354658408672,0.01146386124761567
171,2663382102,AB_kr,0.7769899304284441,0.7712483846303874,7,0.005741545798056746,ABD_kr,0.7832792879156268,0.7723630589242229,2,0.010916228991403987,0.008328887394730367
172,187813687,ABCD_kr,0.7731041208241048,0.7796645882689032,3,-0.0065604674447983236,ABD_kr,0.7859271609675502,0.7698972166525773,2,0.016029944314972955,0.004734738435087316
173,2126781749,ABCD_kr,0.7525978563327581,0.8004846495021214,2,-0.047886793169363284,ABD_kr,0.8043604784981611,0.7517661183331804,3,0.05259436016498065,0.0023537834978086813
174,1543691759,ABD_kr,0.7664561009310786,0.7887029515790545,2,-0.022246850647975824,ABCD_kr,0.792930165478267,0.7589073614532882,5,0.034022804024978814,0.005887976688501495
175,74935423,ABD_kr,0.7799015442563146,0.775855492410006,7,0.004046051846308685,ABC_kr,0.787310698552572,0.7610180082906733,5,0.02629269026189862,0.015169371054103653
176,604469757,ABCE_kr,0.8068779556749901,0.7270069135628217,7,0.07987104211216844,ABD_kr,0.7549140584481843,0.8002878935371482,4,-0.045373835088963976,0.017248603511602234
177,1624029813,ABD_kr,0.7949463080920749,0.7606360493209077,4,0.034310258771167224,AB_kr,0.7628694452781821,0.7852062740098428,6,-0.022336828731660652,0.005986715019753286
178,1873008995,ABD_kr,0.8027925196018859,0.753074305915013,4,0.0497182136868729,ABCD_kr,0.7622147445667009,0.7905906350927409,3,-0.02837589052603995,0.010671161580416477
179,1516710413,AB_kr,0.7719246967439619,0.7761467697891735,5,-0.004222073045211605,ABD_kr,0.784510813264091,0.7708759603396945,2,0.013634852924396479,0.004706389939592437
180,3524620212,ABD_kr,0.7868973493241455,0.7689363123950882,6,0.01796103692905726,ABCD_kr,0.7724308722593123,0.7803443416507471,2,-0.00791346939143478,0.005023783768811241
181,3363861273,AB_kr,0.7776917136476137,0.7708058909498369,6,0.006885822697776822,ABD_kr,0.7807818348883834,0.7746871108939454,2,0.0060947239944380005,0.006490273346107411
182,1702988663,ABD_kr,0.7612353924458475,0.7946726742970502,3,-0.03343728185120276,AB_kr,0.7994604301139984,0.7489654421389624,5,0.05049498797503593,0.008528853061916586
183,2312405766,AB_kr,0.7673965045435137,0.7805650177848333,7,-0.013168513241319624,ABD_kr,0.790467536374743,0.7648486878113124,2,0.025618848563430552,0.006225167661055464
184,4202425613,ABCD_kr,0.7751822481958974,0.7775606374701506,5,-0.0023783892742531565,AB_kr,0.7844466911983294,0.7637860816162467,5,0.020660609582082712,0.009141110153914778
185,1583149625,ABD_kr,0.778509405183484,0.7772934421689655,2,0.0012159630145185396,ABCD_kr,0.7778342758903963,0.7747625995855905,2,0.0030716763048058704,0.002143819659662205
186,1647390859,AB_kr,0.8036123815466863,0.7437067021184879,5,0.059905679428198466,ABD_kr,0.7528933541314847,0.8021436161313611,2,-0.049250261999876366,0.00532770871416105
187,1430775716,ABD_kr,0.7715674127719153,0.7843644707599873,1,-0.012797057988071958,ABD_kr,0.7843644707599873,0.7715674127719153,1,0.012797057988071958,0.0
188,1972613713,ABD_kr,0.7991911569195379,0.7564534187130018,1,0.04273773820653615,ABD_kr,0.7564534187130018,0.7991911569195379,1,-0.04273773820653615,0.0
189,1112830780,AB_kr,0.778160072094113,0.7705016849877322,5,0.007658387106380782,ABD_kr,0.7807855926418263,0.7745734596247585,4,0.0062121330170678,0.006935260061724291
190,2331647462,ABD_kr,0.7497084827046752,0.807143344447453,3,-0.05743486174277779,ABC_kr,0.8112782768946282,0.7385129664246312,5,0.07276531046999701,0.007665224363609613
191,469441646,AB_kr,0.7955171850384728,0.7522498911774833,6,0.043267293860989486,ABCD_kr,0.7652957070869018,0.7872305493523768,5,-0.02193484226547504,0.010666225797757223
192,1242313073,ABD_kr,0.7709670293011127,0.7848806196711303,3,-0.013913590370017603,AB_kr,0.7913526812770302,0.7570776026583965,6,0.03427507861863366,0.010180744124308028
193,2432252148,ABD_kr,0.7847664389546939,0.7710139305399163,3,0.013752508414777598,ABCD_kr,0.7728747731913579,0.7798792328361579,2,-0.00700445964480001,0.003374024384988794
194,79611604,AB_kr,0.8056051229597205,0.7456067489981512,5,0.05999837396156937,ABCD_kr,0.7609753429370347,0.7933985751501711,7,-0.032423232213136366,0.013787570874216504
195,3711930994,ABD_kr,0.8149721025663275,0.7391344904438671,5,0.07583761212246032,ABC_kr,0.7434496501365098,0.8036400638388058,5,-0.06019041370229605,0.007823599210082133
196,673225508,ABD_kr,0.7980694029881635,0.7567847295611144,3,0.04128467342704911,AB_kr,0.7579671536293734,0.789533038480298,4,-0.0315658848509246,0.004859394288062258
197,605230048,AB_kr,0.7380036315739503,0.8103533940119142,5,-0.07234976243796387,ABCD_kr,0.82324137256449,0.7297206053562072,5,0.09352076720828284,0.010585502385159484
198,3910091430,ABD_kr,0.795556351553939,0.7606109755645466,3,0.0349453759893924,ABCD_kr,0.7675137854162941,0.7854388281935327,4,-0.01792504277723861,0.008510166606076897
199,3994334441,AB_kr,0.7528163351667837,0.793981409637755,6,-0.041165074470971286,ABD_kr,0.801675313536232,0.7524141701014013,2,0.04926114343483068,0.0040480344819296965
