camera_id,n_gallery_removed,n_known_remaining,n_known_lost,d1_mAP,baseline_mAP,gain,gain_change_from_full,gain_before_deletion_same_queries,gain_change_cohort,gain_change_within_cohort,gain_original832_zero_if_lost
0,3,829,3,0.7767765422844722,0.6963904863948238,0.08038605588964842,-4.702559551239549e-05,0.08039699840101522,-3.6083084145599464e-05,-1.0942511366796026e-05,0.08009620232273873
1,15,830,2,0.7740474260532249,0.69573812147162,0.0783093045816049,-0.0021237769035559184,0.08062689613934193,0.00019381465418111254,-0.002317591557737031,0.07812106106097605
10,5,831,1,0.7744190318944929,0.6920889848081421,0.08233004708635083,0.001896965601190015,0.08052987219693597,9.679071177515208e-05,0.0018001748894148628,0.08223109270283357
11,4,828,4,0.7752711792218948,0.6947225864237134,0.08054859279818138,0.0001155113130205665,0.08072714128047476,0.000294059795313939,-0.0001785484822933725,0.08016133994819008
12,26,819,13,0.7706984925844814,0.6923838746080717,0.0783146179764097,-0.0021184635087511117,0.08069229604678918,0.00025921456162836254,-0.002377678070379474,0.0770909520705284
13,8,829,3,0.7764492054924886,0.694507877424071,0.08194132806841758,0.001508246583256767,0.08193042677400941,0.001497345288848595,1.0901294408172113e-05,0.08164586654894013
14,4,830,2,0.7733767212746819,0.6953385181243347,0.07803820315034726,-0.002394878334813555,0.08062689613934193,0.00019381465418111254,-0.0025886929889946675,0.07785061131585125
15,8,825,7,0.7724465463488195,0.694695171646998,0.07775137470182147,-0.0026817067833393438,0.08013496755362903,-0.0002981139315317849,-0.002383592851807559,0.07709721650120527
16,3,831,1,0.774543675751455,0.6950669461477293,0.07947672960372565,-0.000956351881435169,0.08052987219693597,9.679071177515208e-05,-0.0010531425932103211,0.07938120468833654
17,11,819,13,0.770168816562884,0.6882158322004399,0.08195298436244414,0.001519902877283319,0.07963291527726346,-0.000800166207897357,0.002320069085180676,0.08067246898178104
18,3,832,0,0.7753512912546154,0.6934058250031643,0.08194546625145116,0.0015123847662903422,0.08043308148516082,0.0,0.0015123847662903422,0.08194546625145116
19,19,819,13,0.7771178771206423,0.6978749967697716,0.07924288035087068,-0.0011902011342901364,0.07938989474438807,-0.0010431867407727502,-0.0001470143935173862,0.07800471034538836
2,2,830,2,0.7735696025853892,0.692924622509726,0.08064498007566323,0.0002118985905024129,0.08062689613934193,0.00019381465418111254,1.8083936321300342e-05,0.08045112195048132
20,15,823,9,0.7779687094470833,0.6999848389376054,0.07798387050947786,-0.0024492109756829583,0.0805636728028345,0.00013059131767367838,-0.0025798022933566367,0.07714029498713981
21,3,830,2,0.7749692075287363,0.6917852432441953,0.083183964284541,0.002750882799380183,0.08223332184215315,0.001800240356992333,0.0009506424423878501,0.08298400283193386
22,2,832,0,0.7741372073167594,0.6936897664236342,0.08044744089312517,1.4359407964348314e-05,0.08043308148516082,0.0,1.4359407964348314e-05,0.08044744089312517
23,3,830,2,0.7735405699718602,0.693403065129069,0.08013750484279114,-0.00029557664236967707,0.08062689613934193,0.00019381465418111254,-0.0004893912965507896,0.079944866609996
24,8,827,5,0.7767405772771857,0.6943734280210945,0.08236714925609123,0.0019340677709304144,0.08089058557659523,0.00045750409143441306,0.0014765636794960013,0.08187215436873507
25,4,830,2,0.7734548190579913,0.6927534738725725,0.08070134518541883,0.00026826370025800905,0.08062689613934193,0.00019381465418111254,7.444904607689651e-05,0.08050735156718469
26,5,830,2,0.772705505967202,0.6926546414948025,0.08005086447239951,-0.00038221701276131004,0.08062689613934193,0.00019381465418111254,-0.0005760316669424226,0.0798584345097254
27,5,831,1,0.7739228784127483,0.6929089097751927,0.08101396863755561,0.0005808871523947934,0.08052987219693597,9.679071177515208e-05,0.0004840964406196413,0.08091659607909696
28,5,829,3,0.7721881215717123,0.6917849506617626,0.08040317090994975,-2.9910575211067325e-05,0.08072415415639778,0.00029107267123695824,-0.00032098324644802556,0.08011325563022642
30,3,831,1,0.7759699230964721,0.6935295473596454,0.08244037573682661,0.002007294251665792,0.08040953525349426,-2.3546231666560224e-05,0.0020308404833323523,0.08234128874675828
31,3,832,0,0.7738348430220527,0.6939142571645498,0.07992058585750295,-0.0005124956276578718,0.08043308148516082,0.0,-0.0005124956276578718,0.07992058585750295
32,5,828,4,0.7730074080430868,0.6924172767977174,0.0805901312453694,0.00015704976020858297,0.08082164709620021,0.00038856561103939313,-0.00023151585083081017,0.08020267869130515
33,24,813,19,0.7775756259061928,0.6949009213577768,0.08267470454841597,0.0022416230632551493,0.07870118878931387,-0.0017318926958469483,0.0039735157591020975,0.0807867004781998
34,1,832,0,0.7740140468129503,0.6934861150446027,0.0805279317683476,9.485028318678701e-05,0.08043308148516082,0.0,9.485028318678701e-05,0.0805279317683476
35,2,830,2,0.775430249915106,0.6947092751447644,0.08072097477034157,0.0002878932851807514,0.08062689613934182,0.00019381465418100152,9.407863099974989e-05,0.08052693396560517
36,11,827,5,0.7715708604631364,0.6930473670557906,0.07852349340734577,-0.0019095880778150498,0.08091937581094777,0.0004862943257869512,-0.002395882403602001,0.07805159741331125
37,7,825,7,0.7726335530951935,0.6907442138771624,0.0818893392180311,0.0014562577328702808,0.08111554399473186,0.0006824625095710468,0.000773795223299234,0.08120036641211015
38,6,830,2,0.7760735036549431,0.6956451530622938,0.0804283505926493,-4.730892511517482e-06,0.08054564120044883,0.00011255971528800757,-0.00011729060779952505,0.08023501321141702
39,9,827,5,0.7735734073256716,0.6918888344011221,0.08168457292454945,0.00125149143938863,0.08091937581094777,0.0004862943257869512,0.0007651971136016789,0.08119368005841632
4,2,830,2,0.7737833373140458,0.6932883479487933,0.08049498936525246,6.190788009163839e-05,0.08062689613934193,0.00019381465418111254,-0.00013190677408947415,0.08030149179466295
40,9,827,5,0.7707908579271511,0.6903551982062498,0.08043565972090128,2.5782357404580125e-06,0.08091937581094777,0.0004862943257869512,-0.0004837160900464932,0.07995227234277091
41,3,829,3,0.7728817613819297,0.6932795705137399,0.07960219086818976,-0.0008308906169710584,0.08072415415639778,0.00029107267123695824,-0.0011219632882080166,0.07931516373765546
42,11,824,8,0.7737408316419403,0.6958312456533279,0.07790958598861242,-0.0025234954965484002,0.07933883725688073,-0.0010942442282800835,-0.0014292512682683167,0.07716045535410665
43,23,814,18,0.776374890849055,0.6914437792783152,0.08493111157073974,0.004498030085578919,0.0819436426970459,0.0015105612118850864,0.0029874688736938326,0.08309365963771898
44,2,830,2,0.7734809121344837,0.6927610867909803,0.08071982534350342,0.0002867438583425974,0.08062689613934193,0.00019381465418111254,9.292920416148487e-05,0.08052578730181237
45,7,832,0,0.7741810641509961,0.692958224558581,0.08122283959241505,0.0007897581072542348,0.08043308148516082,0.0,0.0007897581072542348,0.08122283959241505
46,5,830,2,0.7737173068444082,0.6936581688874623,0.08005913795694586,-0.00037394352821495946,0.08062689613934193,0.00019381465418111254,-0.000567758182396072,0.07986668810608788
47,1,832,0,0.7740915835783618,0.6936587808874973,0.0804328026908645,-2.787942963156098e-07,0.08043308148516082,0.0,-2.787942963156098e-07,0.0804328026908645
48,5,828,4,0.7751462884488254,0.6937675295189133,0.08137875892991209,0.0009456774447512695,0.07956630521585828,-0.0008667762693025383,0.0018124537140538077,0.08098751489659528
49,1,831,1,0.7741372822947774,0.6933907480321099,0.08074653426266754,0.0003134527775067175,0.08052987219693597,9.679071177515208e-05,0.00021666206573156543,0.08064948313975584
5,5,828,4,0.7721568883409264,0.6911290699286631,0.08102781841226336,0.000594736927102546,0.08202937656479925,0.0015962950796384323,-0.0010015581525358863,0.08063826159297371
50,3,831,1,0.7741232048714897,0.6930707153077926,0.08105248956369704,0.000619408078536221,0.08052987219693597,9.679071177515208e-05,0.000522617366761069,0.08095507070604835
51,21,824,8,0.7718517922024192,0.6918846663900202,0.07996712581239895,-0.0004659556727618641,0.08088530395912674,0.0004522224739659242,-0.0009181781467277883,0.0791982111411258
52,2,830,2,0.7768708326997465,0.6952634886845296,0.08160734401521696,0.0011742625300561471,0.08055043806201312,0.00011735657685230105,0.001056905953203846,0.08141117251518037
53,5,832,0,0.7735258753438407,0.6918266477971057,0.08169922754673498,0.0012661460615741582,0.08043308148516082,0.0,0.0012661460615741582,0.08169922754673498
54,11,828,4,0.7746540496734254,0.6945977722279341,0.08005627744549138,-0.00037680403966944276,0.08082164709620021,0.00038856561103939313,-0.0007653696507088359,0.07967139149623415
56,3,832,0,0.7752836726061789,0.6939205373361802,0.08136313526999872,0.0009300537848379031,0.08043308148516082,0.0,0.0009300537848379031,0.08136313526999872
57,4,827,5,0.7749331984583434,0.6936690709719817,0.08126412748636169,0.0008310460012008747,0.08069361903200367,0.0002605375468428539,0.0005705084543580208,0.08077576133560227
59,11,824,8,0.7705437923006913,0.6937877921198561,0.07675600018083517,-0.0036770813043256467,0.07985880719537264,-0.0005742742897881792,-0.0031028070145374675,0.07601796171755792
6,29,812,20,0.7750598852714106,0.6960081339900196,0.07905175128139097,-0.0013813302037698483,0.0813254099588212,0.0008923284736603865,-0.0022736586774302348,0.07715146879866519
60,2,832,0,0.7753134383882679,0.6912138800091435,0.08409955837912442,0.0036664768939635994,0.08043308148516082,0.0,0.0036664768939635994,0.08409955837912442
61,7,830,2,0.7747686785059312,0.6939253042876373,0.0808433742182939,0.00041029273313308856,0.08062689613934193,0.00019381465418111254,0.00021647807895197602,0.08064903918411537
62,5,827,5,0.7726124696446832,0.6914878861093701,0.08112458353531316,0.0006915020501523372,0.08042470723889084,-8.374246269982066e-06,0.0006998762964223193,0.0806370559900289
63,8,832,0,0.7746337493460722,0.6937043056642669,0.08092944368180532,0.0004963621966445064,0.08043308148516082,0.0,0.0004963621966445064,0.08092944368180532
64,1,830,2,0.7736108231376057,0.6929222829805275,0.08068854015707816,0.0002554586719173413,0.08062689613934193,0.00019381465418111254,6.164401773622874e-05,0.08049457732016208
65,3,832,0,0.7741574725768638,0.6935741712329686,0.08058330134389524,0.0001502198587344239,0.08043308148516082,0.0,0.0001502198587344239,0.08058330134389524
66,2,832,0,0.7741245080046204,0.6938216993162196,0.08030280868840078,-0.00013027279676003367,0.08043308148516082,0.0,-0.00013027279676003367,0.08030280868840078
68,17,818,14,0.76535687764404,0.687766122372829,0.07759075527121106,-0.002842326213949753,0.07894936455490253,-0.001483716930258283,-0.0013586092836914698,0.07628514160078215
69,12,824,8,0.77226039938109,0.691344597306059,0.08091580207503102,0.0004827205898702003,0.08144383220272788,0.001010750717567066,-0.0005280301276968657,0.08013776551661722
7,9,827,5,0.7734976012417679,0.6926498703195163,0.08084773092225161,0.00041464943709079716,0.0809204644528535,0.0004873829676926844,-7.273353060188725e-05,0.08036186715468996
70,1,831,1,0.7749699205343564,0.6944914624020374,0.08047845813231902,4.537664715820178e-05,0.08049829953561316,6.521805045234252e-05,-1.9841403294140747e-05,0.0803817292162946
71,13,824,8,0.7699134318106184,0.6917486755565003,0.07816475625411812,-0.0022683252310427005,0.08020265832805873,-0.00023042315710208872,-0.0020379020739406117,0.07741317205936704
72,2,832,0,0.7746295271052506,0.693575891276361,0.08105363582888958,0.0006205543437287631,0.08043308148516082,0.0,0.0006205543437287631,0.08105363582888958
73,8,830,2,0.7699633462945388,0.6912913853541806,0.07867196094035822,-0.0017611205448025968,0.08062689613934193,0.00019381465418111254,-0.0019549351989837094,0.07848284564963615
74,3,830,2,0.7741631356416456,0.6933863257200499,0.08077680992159575,0.00034372843643493134,0.08062689613934193,0.00019381465418111254,0.0001499137822538188,0.08058263489774575
75,1,830,2,0.7758809552977212,0.6953179076576038,0.08056304764011735,0.00012996615495652897,0.08056681845426694,0.0001337369691061241,-3.7708141495951253e-06,0.08036938646790559
77,11,819,13,0.7739598528512677,0.6958172842435477,0.07814256860771995,-0.0022905128774408645,0.07800682014702776,-0.0024262613381330622,0.0001357484606921977,0.07692159097322426
78,5,827,5,0.7732296026872062,0.6930315328014514,0.08019806988575484,-0.0002350115994059765,0.07984454039512079,-0.000588541090040029,0.0003535294906340525,0.07971611033115289
79,2,831,1,0.7738254334409804,0.693270744397795,0.08055468904318541,0.00012160755802459455,0.08052987219693597,9.679071177515208e-05,2.481684624944247e-05,0.08045786850347003
80,1,832,0,0.7740920451383995,0.6936540571313086,0.0804379880070909,4.906521930081453e-06,0.08043308148516082,0.0,4.906521930081453e-06,0.0804379880070909
81,6,830,2,0.7736499031506194,0.6940817607737072,0.07956814237691223,-0.0008649391082485858,0.07953160588742503,-0.0009014755977357902,3.653648948720445e-05,0.07937687280389094
82,19,823,9,0.7763599330544559,0.6937012289213638,0.08265870413309218,0.002225622647931358,0.07882057992972924,-0.001612501555431578,0.003838124203362936,0.0817645594970372
83,6,831,1,0.7735037713083788,0.6937763006736987,0.07972747063468011,-0.000705610850480709,0.08052987219693597,9.679071177515208e-05,-0.0008024015622558611,0.07963164434785963
84,1,832,0,0.7743960895795229,0.6933852456485528,0.08101084393097013,0.0005777624458093156,0.08043308148516082,0.0,0.0005777624458093156,0.08101084393097013
85,12,825,7,0.7740298390496418,0.6954391594579719,0.07859067959166999,-0.0018424018934908304,0.07846042133960907,-0.0019726601455517523,0.0001302582520609219,0.07792945993164391
86,14,821,11,0.779911319653965,0.7004669974721869,0.0794443221817781,-0.0009887593033827136,0.07915763545972343,-0.0012754460254373878,0.00028668672205467427,0.07839397657600944
87,6,829,3,0.7736009720099541,0.6922393370891536,0.08136163492080051,0.0009285534356396896,0.08072415415639778,0.00029107267123695824,0.0006374807644027314,0.08106826364103803
88,1,832,0,0.7740920695966301,0.6936589628642766,0.08043310673235349,2.5247192669830554e-08,0.08043308148516082,0.0,2.5247192669830554e-08,0.08043310673235349
89,63,770,62,0.7931610399963674,0.7105175420539604,0.082643497942407,0.002210416457246178,0.07973579954543764,-0.0006972819397231822,0.0029076983969693604,0.07648496804766036
90,74,740,92,0.7972201135337461,0.7206430488401812,0.07657706469356496,-0.003856016791595862,0.07839529631202191,-0.0020377851731389063,-0.0018182316184569558,0.06810940850148806
91,11,829,3,0.7726023021384169,0.6926549901901788,0.07994731194823801,-0.0004857695369228088,0.08072415415639778,0.00029107267123695824,-0.000776842208159767,0.07965904039073246
92,7,825,7,0.7756539380101004,0.6964394799184727,0.07921445809162775,-0.0012186233935330693,0.07972641460560237,-0.0007066668795584485,-0.0005119565139746207,0.07854799029518378
94,14,825,7,0.7719317373435738,0.6914447733368111,0.0804869640067627,5.38825216018779e-05,0.08111554399473186,0.0006824625095710468,-0.0006285799879691689,0.07980979003074418
95,8,824,8,0.7714377045713967,0.6956912075633711,0.0757464970080256,-0.004686584477135214,0.07649168364692405,-0.003941397838236771,-0.0007451866388984429,0.07501816530602523
