split,seed,n_vehicles_A,n_vehicles_B,n_queries_A,n_queries_B
0,259857504,142,142,422,410
1,3345819442,142,142,411,421
2,2511931984,142,142,414,418
3,1090726923,142,142,419,413
4,1506282810,142,142,424,408
5,2074510040,142,142,414,418
6,879207791,142,142,418,414
7,1346003174,142,142,414,418
8,3617304539,142,142,418,414
9,2455169187,142,142,430,402
10,1847955682,142,142,408,424
11,4248131949,142,142,414,418
12,446746381,142,142,436,396
13,3973054722,142,142,433,399
14,1875869399,142,142,410,422
15,1956553801,142,142,403,429
16,2950732139,142,142,416,416
17,2270062758,142,142,400,432
18,3927491895,142,142,422,410
19,890420239,142,142,414,418
20,1014902977,142,142,405,427
21,1583028625,142,142,410,422
22,2548243905,142,142,404,428
23,2872471413,142,142,432,400
24,718251075,142,142,419,413
25,1588718557,142,142,420,412
26,2174975150,142,142,418,414
27,625048960,142,142,421,411
28,2883243461,142,142,421,411
29,2706788637,142,142,416,416
30,1323322859,142,142,404,428
31,1074977599,142,142,403,429
32,4240929631,142,142,424,408
33,3169952351,142,142,420,412
34,2381681982,142,142,430,402
35,3863756005,142,142,410,422
36,784034018,142,142,417,415
37,1897714732,142,142,416,416
38,1279554565,142,142,425,407
39,3831057383,142,142,419,413
40,84155009,142,142,416,416
41,2400533179,142,142,414,418
42,2681189092,142,142,419,413
43,3839194298,142,142,413,419
44,4269977633,142,142,407,425
45,3614713045,142,142,412,420
46,3826325525,142,142,416,416
47,1619089709,142,142,404,428
48,934011657,142,142,414,418
49,4177243355,142,142,396,436
50,44219471,142,142,416,416
51,3203488984,142,142,414,418
52,527147606,142,142,414,418
53,781255561,142,142,409,423
54,815735731,142,142,420,412
55,1939570521,142,142,419,413
56,3676868850,142,142,415,417
57,1919048905,142,142,414,418
58,1020448269,142,142,412,420
59,429519492,142,142,443,389
60,1711636326,142,142,424,408
61,24685837,142,142,409,423
62,1159170069,142,142,424,408
63,3778157818,142,142,420,412
64,3433708236,142,142,402,430
65,2104873514,142,142,406,426
66,2020495057,142,142,431,401
67,3271637877,142,142,411,421
68,1282376296,142,142,426,406
69,3740000787,142,142,409,423
70,1589648826,142,142,413,419
71,856996654,142,142,420,412
72,2515554105,142,142,423,409
73,1875012122,142,142,416,416
74,856860885,142,142,410,422
75,193056986,142,142,404,428
76,2335310739,142,142,411,421
77,2334869975,142,142,415,417
78,2050041680,142,142,429,403
79,3233663359,142,142,395,437
80,4180092484,142,142,431,401
81,990166912,142,142,419,413
82,1845016544,142,142,428,404
83,3934036806,142,142,417,415
84,108366423,142,142,407,425
85,1588833231,142,142,412,420
86,1124667436,142,142,424,408
87,785116436,142,142,424,408
88,3802491215,142,142,416,416
89,2804086150,142,142,415,417
90,3786324146,142,142,421,411
91,3227286978,142,142,418,414
92,452491406,142,142,423,409
93,2677407887,142,142,413,419
94,3993974154,142,142,436,396
95,1708154929,142,142,424,408
96,2446417700,142,142,424,408
97,2712975944,142,142,415,417
98,2854250513,142,142,416,416
99,3705427535,142,142,420,412
100,2728468727,142,142,421,411
101,974802903,142,142,406,426
102,1993663542,142,142,426,406
103,3739201467,142,142,408,424
104,1480484739,142,142,415,417
105,277727495,142,142,426,406
106,3214170278,142,142,419,413
107,2266711163,142,142,404,428
108,242807948,142,142,419,413
109,38351586,142,142,414,418
110,3093862046,142,142,408,424
111,1098258013,142,142,415,417
112,2112366304,142,142,413,419
113,1643670783,142,142,415,417
114,3687821756,142,142,433,399
115,2656506987,142,142,405,427
116,1822931060,142,142,411,421
117,3098535969,142,142,416,416
118,937168185,142,142,430,402
119,807306908,142,142,416,416
120,2117148851,142,142,417,415
121,214236219,142,142,438,394
122,2826699202,142,142,411,421
123,3669267894,142,142,407,425
124,2645596931,142,142,402,430
125,2800751200,142,142,429,403
126,1855918103,142,142,419,413
127,3837430198,142,142,418,414
128,101432319,142,142,401,431
129,958766310,142,142,415,417
130,959761919,142,142,422,410
131,2619102107,142,142,408,424
132,858284369,142,142,412,420
133,4134922984,142,142,423,409
134,3706914307,142,142,406,426
135,2733165945,142,142,402,430
136,3591768111,142,142,411,421
137,4145016068,142,142,409,423
138,662143045,142,142,405,427
139,1088941900,142,142,422,410
140,2888644350,142,142,435,397
141,3338733280,142,142,409,423
142,1835563820,142,142,414,418
143,2008264699,142,142,410,422
144,1888462708,142,142,409,423
145,1020692882,142,142,414,418
146,2778189525,142,142,412,420
147,639548674,142,142,414,418
148,328014782,142,142,415,417
149,945829416,142,142,409,423
150,3908305778,142,142,401,431
151,3163358034,142,142,407,425
152,963936488,142,142,417,415
153,1870932622,142,142,429,403
154,1156011900,142,142,418,414
155,3044653439,142,142,410,422
156,1437301005,142,142,418,414
157,4138969975,142,142,429,403
158,3154295295,142,142,434,398
159,586245198,142,142,412,420
160,1452659067,142,142,410,422
161,3560268065,142,142,428,404
162,1456337914,142,142,415,417
163,896618620,142,142,410,422
164,2527836290,142,142,423,409
165,132863240,142,142,408,424
166,641536161,142,142,417,415
167,3152028196,142,142,402,430
168,256479917,142,142,416,416
169,1368379955,142,142,435,397
170,1569857451,142,142,421,411
171,2663382102,142,142,412,420
172,187813687,142,142,418,414
173,2126781749,142,142,419,413
174,1543691759,142,142,405,427
175,74935423,142,142,415,417
176,604469757,142,142,421,411
177,1624029813,142,142,418,414
178,1873008995,142,142,415,417
179,1516710413,142,142,405,427
180,3524620212,142,142,414,418
181,3363861273,142,142,397,435
182,1702988663,142,142,418,414
183,2312405766,142,142,409,423
184,4202425613,142,142,417,415
185,1583149625,142,142,397,435
186,1647390859,142,142,422,410
187,1430775716,142,142,422,410
188,1972613713,142,142,417,415
189,1112830780,142,142,390,442
190,2331647462,142,142,424,408
191,469441646,142,142,420,412
192,1242313073,142,142,419,413
193,2432252148,142,142,415,417
194,79611604,142,142,395,437
195,3711930994,142,142,425,407
196,673225508,142,142,425,407
197,605230048,142,142,417,415
198,3910091430,142,142,411,421
199,3994334441,142,142,402,430
