id,gold_yes,p_ru,p_en,correct_ru,correct_en,tokens_ru,tokens_en
a01,True,0.3039,0.5092,False,True,739,710
a02,True,0.3289,0.3656,False,False,878,848
a04,True,0.2412,0.3638,False,False,937,916
a05,True,0.4953,0.4762,False,False,935,919
a07,True,0.2227,0.3201,False,False,979,968
a08,True,0.2796,0.3411,False,False,883,866
a10,True,0.3287,0.5226,False,True,683,675
b01,False,0.3256,0.3289,True,True,767,745
b02,False,0.462,0.4214,True,True,878,860
b04,False,0.2324,0.2678,True,True,913,889
b05,False,0.2408,0.327,True,True,925,899
b07,False,0.2197,0.3664,True,True,874,850
b08,False,0.2588,0.3158,True,True,967,949
b10,False,0.2935,0.4268,True,True,696,676
c01,False,0.2929,0.3994,True,True,860,836
c02,False,0.3209,0.4381,True,True,916,889
c04,False,0.2184,0.2396,True,True,930,909
c05,False,0.2838,0.3428,True,True,810,788
c07,False,0.3218,0.3898,True,True,1009,969
c08,False,0.3754,0.4265,True,True,802,793
